city,latitude,longitude,date,year,month,day,avg_temperature_c,avg_humidity_pct,avg_cloud_cover_pct,avg_wind_speed_kmh,avg_shortwave_radiation_wm2,avg_direct_radiation_wm2,avg_diffuse_radiation_wm2,avg_dni_wm2,estimated_solar_generation_kwh,sunshine_hours
Bengaluru,12.9716,77.5946,2023-01-01,2023,1,1,21.25,67.583,12.583,7.946,242.042,197.208,44.833,334.875,23.168,10.984
Bengaluru,12.9716,77.5946,2023-01-02,2023,1,2,20.875,64.583,8.333,10.854,248.208,205.542,42.667,349.717,23.756,11.044
Bengaluru,12.9716,77.5946,2023-01-03,2023,1,3,20.758,72.083,28.333,10.279,237.0,188.333,48.667,298.888,22.688,10.163
Bengaluru,12.9716,77.5946,2023-01-04,2023,1,4,20.688,71.417,34.875,11.15,245.917,200.958,44.958,334.638,23.536,11.019
Bengaluru,12.9716,77.5946,2023-01-05,2023,1,5,20.492,74.042,51.333,14.121,198.625,135.625,63.0,210.833,19.02,8.833
Bengaluru,12.9716,77.5946,2023-01-06,2023,1,6,20.308,71.917,45.458,14.129,232.167,183.458,48.708,291.225,22.24,10.709
Bengaluru,12.9716,77.5946,2023-01-07,2023,1,7,20.446,72.333,43.833,11.462,172.5,105.625,66.875,177.854,16.524,7.05
Bengaluru,12.9716,77.5946,2023-01-08,2023,1,8,20.475,72.708,29.75,8.917,232.208,178.75,53.458,288.758,22.208,10.932
Bengaluru,12.9716,77.5946,2023-01-09,2023,1,9,19.279,61.458,16.625,9.95,257.042,213.458,43.583,352.067,24.576,10.887
Bengaluru,12.9716,77.5946,2023-01-10,2023,1,10,18.921,64.0,3.083,9.775,261.417,218.708,42.708,368.954,24.992,11.291
Bengaluru,12.9716,77.5946,2023-01-11,2023,1,11,19.142,60.0,11.375,8.375,263.25,220.917,42.333,372.575,25.164,11.296
Bengaluru,12.9716,77.5946,2023-01-12,2023,1,12,19.696,55.958,3.208,8.138,262.375,220.208,42.167,370.617,25.076,11.302
Bengaluru,12.9716,77.5946,2023-01-13,2023,1,13,20.008,57.833,89.375,7.579,256.625,206.75,49.875,343.875,24.524,11.215
Bengaluru,12.9716,77.5946,2023-01-14,2023,1,14,20.117,56.208,64.667,7.925,260.625,213.583,47.042,357.25,24.896,11.314
Bengaluru,12.9716,77.5946,2023-01-15,2023,1,15,20.246,52.75,19.333,7.767,266.917,224.333,42.583,375.729,25.496,11.32
Bengaluru,12.9716,77.5946,2023-01-16,2023,1,16,20.633,57.458,7.167,7.325,264.083,221.833,42.25,371.196,25.224,11.326
Bengaluru,12.9716,77.5946,2023-01-17,2023,1,17,20.321,59.208,2.417,8.042,263.667,219.958,43.708,362.042,25.176,11.333
Bengaluru,12.9716,77.5946,2023-01-18,2023,1,18,20.054,65.708,54.5,9.379,256.75,208.458,48.292,337.592,24.512,11.189
Bengaluru,12.9716,77.5946,2023-01-19,2023,1,19,20.212,61.083,21.292,9.45,261.5,215.708,45.792,340.921,24.96,10.703
Bengaluru,12.9716,77.5946,2023-01-20,2023,1,20,19.654,71.667,62.292,10.892,256.542,207.625,48.917,332.312,24.5,11.134
Bengaluru,12.9716,77.5946,2023-01-21,2023,1,21,20.862,70.542,86.75,10.312,220.5,154.667,65.833,247.975,21.04,10.795
Bengaluru,12.9716,77.5946,2023-01-22,2023,1,22,20.475,65.958,62.292,11.971,253.833,206.583,47.25,325.9,24.224,10.708
Bengaluru,12.9716,77.5946,2023-01-23,2023,1,23,20.583,74.75,47.0,11.825,190.083,122.958,67.125,199.6,18.144,7.93
Bengaluru,12.9716,77.5946,2023-01-24,2023,1,24,21.758,73.5,68.042,10.292,198.417,130.5,67.917,192.479,18.956,9.318
Bengaluru,12.9716,77.5946,2023-01-25,2023,1,25,20.912,65.375,36.375,10.542,252.333,203.958,48.375,313.504,24.064,9.849
Bengaluru,12.9716,77.5946,2023-01-26,2023,1,26,20.871,64.708,42.5,9.571,265.583,218.417,47.167,347.621,25.328,10.968
Bengaluru,12.9716,77.5946,2023-01-27,2023,1,27,20.992,65.208,29.542,9.596,262.792,213.958,48.833,331.6,25.056,10.749
Bengaluru,12.9716,77.5946,2023-01-28,2023,1,28,20.671,56.833,3.875,10.0,270.333,225.667,44.667,364.592,25.776,11.42
Bengaluru,12.9716,77.5946,2023-01-29,2023,1,29,21.042,61.5,60.458,12.271,267.208,221.792,45.417,355.583,25.484,11.429
Bengaluru,12.9716,77.5946,2023-01-30,2023,1,30,21.492,76.292,77.042,9.133,182.25,115.75,66.5,193.858,17.392,9.067
Bengaluru,12.9716,77.5946,2023-01-31,2023,1,31,22.338,67.833,96.542,11.642,227.542,157.125,70.417,236.842,21.684,10.718
Bengaluru,12.9716,77.5946,2023-02-01,2023,2,1,21.95,59.583,85.958,13.604,248.0,192.5,55.5,291.433,23.692,10.86
Bengaluru,12.9716,77.5946,2023-02-02,2023,2,2,22.171,52.833,82.292,14.65,162.042,85.875,76.167,129.588,15.472,9.522
Bengaluru,12.9716,77.5946,2023-02-03,2023,2,3,21.621,61.167,58.75,12.9,151.125,77.25,73.875,125.179,14.428,7.619
Bengaluru,12.9716,77.5946,2023-02-04,2023,2,4,23.175,54.542,35.833,11.867,256.208,201.75,54.458,312.742,24.408,11.224
Bengaluru,12.9716,77.5946,2023-02-05,2023,2,5,23.162,53.125,30.417,10.379,272.292,224.625,47.667,354.146,25.936,11.496
Bengaluru,12.9716,77.5946,2023-02-06,2023,2,6,22.512,52.708,72.167,8.833,274.708,224.208,50.5,351.287,26.164,11.506
Bengaluru,12.9716,77.5946,2023-02-07,2023,2,7,22.929,59.667,50.833,6.138,261.917,205.75,56.167,320.967,24.936,11.302
Bengaluru,12.9716,77.5946,2023-02-08,2023,2,8,23.492,56.458,31.625,9.625,273.292,225.25,48.042,351.367,26.024,11.526
Bengaluru,12.9716,77.5946,2023-02-09,2023,2,9,23.167,55.75,56.917,10.479,275.292,226.458,48.833,352.088,26.208,11.536
Bengaluru,12.9716,77.5946,2023-02-10,2023,2,10,22.829,51.125,64.083,10.554,279.75,231.25,48.5,359.129,26.632,11.546
Bengaluru,12.9716,77.5946,2023-02-11,2023,2,11,22.467,47.458,67.958,9.554,284.292,233.917,50.375,357.442,27.088,11.44
Bengaluru,12.9716,77.5946,2023-02-12,2023,2,12,23.333,44.083,43.417,10.271,284.75,234.583,50.167,360.633,27.1,11.515
Bengaluru,12.9716,77.5946,2023-02-13,2023,2,13,23.512,42.208,21.625,11.729,284.875,236.292,48.583,365.158,27.112,11.578
Bengaluru,12.9716,77.5946,2023-02-14,2023,2,14,22.75,44.708,0.083,9.508,289.458,240.417,49.042,369.6,27.544,11.589
Bengaluru,12.9716,77.5946,2023-02-15,2023,2,15,22.667,46.292,0.0,10.192,289.417,240.333,49.083,368.354,27.536,11.601
Bengaluru,12.9716,77.5946,2023-02-16,2023,2,16,22.996,43.0,0.0,11.979,291.208,242.167,49.042,370.9,27.708,11.612
Bengaluru,12.9716,77.5946,2023-02-17,2023,2,17,22.858,47.0,0.0,10.763,292.125,242.792,49.333,370.471,27.788,11.623
Bengaluru,12.9716,77.5946,2023-02-18,2023,2,18,22.779,50.208,0.0,8.529,288.292,238.792,49.5,362.533,27.424,11.634
Bengaluru,12.9716,77.5946,2023-02-19,2023,2,19,23.267,56.583,0.083,8.842,285.542,235.125,50.417,355.875,27.16,11.646
Bengaluru,12.9716,77.5946,2023-02-20,2023,2,20,23.188,56.0,0.0,7.392,288.0,237.5,50.5,358.725,27.392,11.657
Bengaluru,12.9716,77.5946,2023-02-21,2023,2,21,23.421,45.875,0.0,9.567,293.958,244.0,49.958,368.083,27.956,11.669
Bengaluru,12.9716,77.5946,2023-02-22,2023,2,22,23.771,45.583,0.0,11.013,295.667,245.792,49.875,369.725,28.12,11.68
Bengaluru,12.9716,77.5946,2023-02-23,2023,2,23,22.946,42.625,0.0,12.013,302.75,252.375,50.375,379.925,28.788,11.692
Bengaluru,12.9716,77.5946,2023-02-24,2023,2,24,22.896,43.5,0.0,10.388,304.458,253.917,50.542,380.975,28.948,11.703
Bengaluru,12.9716,77.5946,2023-02-25,2023,2,25,23.442,41.083,0.0,12.288,303.042,252.417,50.625,377.792,28.816,11.715
Bengaluru,12.9716,77.5946,2023-02-26,2023,2,26,23.525,36.125,0.0,14.288,303.458,252.958,50.5,377.267,28.852,11.726
Bengaluru,12.9716,77.5946,2023-02-27,2023,2,27,22.342,40.333,0.0,11.742,305.583,254.833,50.75,379.512,29.052,11.738
Bengaluru,12.9716,77.5946,2023-02-28,2023,2,28,22.792,50.125,24.292,13.225,280.667,226.458,54.208,318.129,26.836,10.934
Bengaluru,12.9716,77.5946,2023-03-01,2023,3,1,23.929,54.167,10.583,13.879,265.292,201.667,63.625,288.2,25.208,11.761
Bengaluru,12.9716,77.5946,2023-03-02,2023,3,2,23.046,47.0,1.417,14.042,302.958,251.625,51.333,371.242,28.8,11.773
Bengaluru,12.9716,77.5946,2023-03-03,2023,3,3,22.787,35.833,0.0,14.446,305.625,254.583,51.042,375.471,29.052,11.785
Bengaluru,12.9716,77.5946,2023-03-04,2023,3,4,23.471,32.542,0.0,14.258,305.375,254.208,51.167,374.004,29.032,11.797
Bengaluru,12.9716,77.5946,2023-03-05,2023,3,5,24.167,32.917,0.042,13.367,303.083,251.875,51.208,369.396,28.808,11.809
Bengaluru,12.9716,77.5946,2023-03-06,2023,3,6,23.754,34.667,7.833,13.783,306.667,255.458,51.208,374.067,29.152,11.821
Bengaluru,12.9716,77.5946,2023-03-07,2023,3,7,23.567,39.375,61.917,12.2,262.375,167.625,94.75,238.854,24.976,9.678
Bengaluru,12.9716,77.5946,2023-03-08,2023,3,8,23.85,43.5,26.792,14.358,305.875,253.583,52.292,367.558,29.072,11.845
Bengaluru,12.9716,77.5946,2023-03-09,2023,3,9,23.325,42.75,82.917,12.617,276.5,182.833,93.667,254.3,26.352,11.371
Bengaluru,12.9716,77.5946,2023-03-10,2023,3,10,23.3,44.958,40.5,12.088,276.0,175.292,100.708,274.679,26.204,11.869
Bengaluru,12.9716,77.5946,2023-03-11,2023,3,11,23.521,48.042,0.0,11.942,310.917,259.083,51.833,375.108,29.552,11.882
Bengaluru,12.9716,77.5946,2023-03-12,2023,3,12,23.908,55.042,9.708,12.117,306.042,253.083,52.958,356.479,29.38,11.656
Bengaluru,12.9716,77.5946,2023-03-13,2023,3,13,24.912,53.25,5.958,11.954,303.75,250.792,52.958,359.35,29.16,11.906
Bengaluru,12.9716,77.5946,2023-03-14,2023,3,14,25.496,48.375,15.875,8.288,284.917,223.458,61.458,312.812,27.352,11.812
Bengaluru,12.9716,77.5946,2023-03-15,2023,3,15,25.883,48.833,25.333,9.971,291.958,236.25,55.708,329.621,28.028,11.93
Bengaluru,12.9716,77.5946,2023-03-16,2023,3,16,24.996,65.833,37.958,6.696,233.708,168.292,65.417,246.504,22.436,11.942
Bengaluru,12.9716,77.5946,2023-03-17,2023,3,17,24.054,72.958,52.625,6.929,246.167,177.833,68.333,245.025,23.632,11.838
Bengaluru,12.9716,77.5946,2023-03-18,2023,3,18,23.9,73.792,34.958,11.408,238.75,171.542,67.208,239.404,22.92,11.864
Bengaluru,12.9716,77.5946,2023-03-19,2023,3,19,24.683,63.667,34.25,9.792,252.625,189.75,62.875,267.304,24.252,11.955
Bengaluru,12.9716,77.5946,2023-03-20,2023,3,20,24.912,52.167,75.5,8.454,278.542,215.25,63.292,286.017,26.74,10.962
Bengaluru,12.9716,77.5946,2023-03-21,2023,3,21,24.692,41.875,41.083,7.788,314.25,261.542,52.708,371.246,30.168,11.958
Bengaluru,12.9716,77.5946,2023-03-22,2023,3,22,25.5,50.125,26.208,5.1,304.542,249.417,55.125,351.171,29.236,11.959
Bengaluru,12.9716,77.5946,2023-03-23,2023,3,23,26.2,49.167,70.292,5.067,300.333,240.75,59.583,332.742,28.832,11.96
Bengaluru,12.9716,77.5946,2023-03-24,2023,3,24,26.612,53.792,79.208,6.358,277.542,215.75,61.792,297.121,26.644,11.899
Bengaluru,12.9716,77.5946,2023-03-25,2023,3,25,25.704,64.75,84.625,7.788,234.167,169.25,64.917,244.575,22.48,11.962
Bengaluru,12.9716,77.5946,2023-03-26,2023,3,26,26.7,58.167,87.5,5.229,276.375,210.083,66.292,289.575,26.532,11.963
Bengaluru,12.9716,77.5946,2023-03-27,2023,3,27,26.617,45.292,26.083,8.275,311.0,256.042,54.958,361.412,29.856,11.964
Bengaluru,12.9716,77.5946,2023-03-28,2023,3,28,27.033,45.375,29.0,6.171,313.958,259.125,54.833,365.379,30.14,11.965
Bengaluru,12.9716,77.5946,2023-03-29,2023,3,29,26.467,64.708,44.792,7.971,245.625,182.542,63.083,250.404,23.58,11.966
Bengaluru,12.9716,77.5946,2023-03-30,2023,3,30,26.746,54.875,38.958,4.933,243.958,174.083,69.875,246.733,23.42,11.967
Bengaluru,12.9716,77.5946,2023-03-31,2023,3,31,26.567,56.958,39.417,5.967,234.667,165.083,69.583,219.054,22.528,11.773
Bengaluru,12.9716,77.5946,2023-04-01,2023,4,1,26.708,55.875,24.958,6.087,258.083,189.125,68.958,272.608,24.776,11.969
Bengaluru,12.9716,77.5946,2023-04-02,2023,4,2,26.738,52.208,33.25,6.571,292.083,229.75,62.333,319.467,28.04,11.97
Bengaluru,12.9716,77.5946,2023-04-03,2023,4,3,26.917,55.792,21.792,5.3,293.958,234.333,59.625,320.479,28.22,11.971
Bengaluru,12.9716,77.5946,2023-04-04,2023,4,4,25.746,64.583,51.5,7.217,208.792,134.542,74.25,194.862,20.044,11.239
Bengaluru,12.9716,77.5946,2023-04-05,2023,4,5,26.833,57.375,74.458,6.587,259.667,191.542,68.125,262.138,24.928,11.973
Bengaluru,12.9716,77.5946,2023-04-06,2023,4,6,27.058,56.625,60.917,6.254,230.833,159.25,71.583,225.138,22.16,11.974
Bengaluru,12.9716,77.5946,2023-04-07,2023,4,7,26.554,56.833,15.708,10.667,276.5,213.0,63.5,295.871,26.544,11.975
Bengaluru,12.9716,77.5946,2023-04-08,2023,4,8,26.463,51.25,2.375,12.688,316.792,261.792,55.0,363.825,30.412,11.977
Bengaluru,12.9716,77.5946,2023-04-09,2023,4,9,26.175,51.5,3.167,10.029,318.0,263.333,54.667,366.796,30.528,11.978
Bengaluru,12.9716,77.5946,2023-04-10,2023,4,10,26.742,56.083,20.167,12.742,308.167,251.708,56.458,338.367,29.584,11.98
Bengaluru,12.9716,77.5946,2023-04-11,2023,4,11,27.029,48.042,43.583,9.392,322.333,267.417,54.917,371.746,30.944,11.981
Bengaluru,12.9716,77.5946,2023-04-12,2023,4,12,27.442,40.792,5.333,9.888,324.667,270.167,54.5,376.596,31.168,11.983
Bengaluru,12.9716,77.5946,2023-04-13,2023,4,13,27.95,35.25,0.417,10.979,323.417,269.042,54.375,374.154,31.048,11.984
Bengaluru,12.9716,77.5946,2023-04-14,2023,4,14,27.912,34.958,66.583,9.267,321.042,263.5,57.542,361.858,30.82,11.986
Bengaluru,12.9716,77.5946,2023-04-15,2023,4,15,27.35,37.792,63.875,8.862,285.833,175.458,110.375,253.8,27.44,11.987
Bengaluru,12.9716,77.5946,2023-04-16,2023,4,16,27.438,35.625,4.542,10.871,326.417,270.833,55.583,376.412,31.336,11.989
Bengaluru,12.9716,77.5946,2023-04-17,2023,4,17,27.546,36.333,1.5,9.133,323.625,269.083,54.542,374.033,31.068,11.991
Bengaluru,12.9716,77.5946,2023-04-18,2023,4,18,28.05,37.833,1.75,9.433,322.917,267.833,55.083,371.358,31.0,11.993
Bengaluru,12.9716,77.5946,2023-04-19,2023,4,19,28.175,42.917,1.417,7.392,319.625,263.875,55.75,365.525,30.684,11.994
Bengaluru,12.9716,77.5946,2023-04-20,2023,4,20,28.088,49.125,14.083,6.317,288.75,228.333,60.417,315.812,27.72,11.996
Bengaluru,12.9716,77.5946,2023-04-21,2023,4,21,27.179,55.458,21.542,5.517,262.875,196.708,66.167,277.529,25.236,11.998
Bengaluru,12.9716,77.5946,2023-04-22,2023,4,22,26.942,57.875,40.917,4.733,272.792,207.75,65.042,281.421,26.188,12.0
Bengaluru,12.9716,77.5946,2023-04-23,2023,4,23,27.217,58.125,33.125,7.337,254.083,186.292,67.792,257.167,24.392,12.0
Bengaluru,12.9716,77.5946,2023-04-24,2023,4,24,26.479,66.292,31.708,8.154,256.208,190.833,65.375,257.558,24.596,11.898
Bengaluru,12.9716,77.5946,2023-04-25,2023,4,25,26.533,68.5,72.875,9.796,268.042,191.708,76.333,255.154,25.732,11.163
Bengaluru,12.9716,77.5946,2023-04-26,2023,4,26,26.787,62.792,64.208,6.15,286.792,221.5,65.292,299.971,27.532,11.822
Bengaluru,12.9716,77.5946,2023-04-27,2023,4,27,27.321,61.167,55.375,10.362,278.0,209.708,68.292,285.896,26.688,12.0
Bengaluru,12.9716,77.5946,2023-04-28,2023,4,28,27.275,61.125,69.5,10.121,282.167,216.875,65.292,296.658,27.088,12.0
Bengaluru,12.9716,77.5946,2023-04-29,2023,4,29,25.787,70.458,61.375,7.608,238.875,170.875,68.0,230.796,22.932,11.61
Bengaluru,12.9716,77.5946,2023-04-30,2023,4,30,25.858,71.708,93.167,8.533,259.375,174.667,84.708,225.737,24.9,11.065
Bengaluru,12.9716,77.5946,2023-05-01,2023,5,1,24.617,77.625,90.667,5.967,218.792,140.083,78.708,186.117,21.004,11.199
Bengaluru,12.9716,77.5946,2023-05-02,2023,5,2,24.412,80.542,92.792,5.317,187.875,111.25,76.625,138.525,18.036,7.64
Bengaluru,12.9716,77.5946,2023-05-03,2023,5,3,24.671,78.833,98.125,7.608,190.833,104.583,86.25,138.237,18.32,10.374
Bengaluru,12.9716,77.5946,2023-05-04,2023,5,4,24.9,71.417,85.208,5.608,259.167,190.875,68.292,248.712,24.88,11.149
Bengaluru,12.9716,77.5946,2023-05-05,2023,5,5,24.283,75.708,100.0,6.929,130.75,35.125,95.625,41.754,12.552,3.126
Bengaluru,12.9716,77.5946,2023-05-06,2023,5,6,24.638,74.958,98.958,7.358,211.25,125.458,85.792,148.396,20.28,7.285
Bengaluru,12.9716,77.5946,2023-05-07,2023,5,7,23.6,80.583,99.917,7.467,90.5,20.542,69.958,34.304,8.688,2.092
Bengaluru,12.9716,77.5946,2023-05-08,2023,5,8,24.483,80.167,93.417,6.383,221.083,142.083,79.0,165.971,21.224,7.801
Bengaluru,12.9716,77.5946,2023-05-09,2023,5,9,25.375,80.375,84.375,6.317,254.792,177.542,77.25,228.642,24.46,11.182
Bengaluru,12.9716,77.5946,2023-05-10,2023,5,10,26.846,72.625,89.167,6.392,291.208,218.792,72.417,283.704,27.956,11.832
Bengaluru,12.9716,77.5946,2023-05-11,2023,5,11,26.717,71.792,97.917,7.567,256.75,149.542,107.208,193.912,24.648,10.687
Bengaluru,12.9716,77.5946,2023-05-12,2023,5,12,26.162,73.792,95.958,7.646,259.333,185.542,73.792,252.204,24.896,11.541
Bengaluru,12.9716,77.5946,2023-05-13,2023,5,13,25.921,79.917,99.333,13.296,257.917,163.833,94.083,203.692,24.76,10.087
Bengaluru,12.9716,77.5946,2023-05-14,2023,5,14,26.713,70.667,59.792,12.317,289.208,227.875,61.333,295.208,27.764,11.449
Bengaluru,12.9716,77.5946,2023-05-15,2023,5,15,27.108,67.208,71.292,11.442,310.167,254.542,55.625,349.071,29.776,12.151
Bengaluru,12.9716,77.5946,2023-05-16,2023,5,16,27.571,62.167,44.125,8.767,301.083,243.875,57.208,332.783,28.904,12.149
Bengaluru,12.9716,77.5946,2023-05-17,2023,5,17,28.321,51.417,38.417,6.992,279.958,217.833,62.125,299.533,26.876,12.148
Bengaluru,12.9716,77.5946,2023-05-18,2023,5,18,27.708,61.292,24.333,7.492,274.5,210.833,63.667,293.162,26.352,12.078
Bengaluru,12.9716,77.5946,2023-05-19,2023,5,19,28.275,57.667,16.25,7.833,271.042,213.958,57.083,298.504,26.02,12.146
Bengaluru,12.9716,77.5946,2023-05-20,2023,5,20,27.242,68.833,33.792,8.513,287.75,226.917,60.833,310.242,27.624,12.076
Bengaluru,12.9716,77.5946,2023-05-21,2023,5,21,25.442,77.375,52.083,5.954,263.0,195.0,68.0,259.412,25.248,11.341
Bengaluru,12.9716,77.5946,2023-05-22,2023,5,22,24.825,79.125,59.0,5.517,274.0,206.125,67.875,279.446,26.304,12.0
Bengaluru,12.9716,77.5946,2023-05-23,2023,5,23,26.008,73.0,58.667,6.121,282.917,214.333,68.583,293.375,27.16,12.073
Bengaluru,12.9716,77.5946,2023-05-24,2023,5,24,25.717,74.167,61.042,8.371,289.417,225.125,64.292,304.379,27.784,11.426
Bengaluru,12.9716,77.5946,2023-05-25,2023,5,25,25.221,79.542,67.25,9.992,275.042,209.167,65.875,272.808,26.404,11.003
Bengaluru,12.9716,77.5946,2023-05-26,2023,5,26,25.879,72.333,81.417,11.496,280.75,208.25,72.5,282.558,26.952,11.847
Bengaluru,12.9716,77.5946,2023-05-27,2023,5,27,25.988,72.333,59.125,9.038,278.375,218.458,59.917,295.946,26.724,12.072
Bengaluru,12.9716,77.5946,2023-05-28,2023,5,28,26.438,69.917,55.875,8.071,269.167,210.583,58.583,285.825,25.836,11.473
Bengaluru,12.9716,77.5946,2023-05-29,2023,5,29,26.454,68.917,75.417,5.429,264.292,196.958,67.333,258.867,25.368,11.929
Bengaluru,12.9716,77.5946,2023-05-30,2023,5,30,24.85,77.958,86.833,6.208,252.542,181.625,70.917,236.192,24.24,11.976
Bengaluru,12.9716,77.5946,2023-05-31,2023,5,31,25.083,79.708,93.042,5.788,248.958,163.792,85.167,215.983,23.9,11.0
Bengaluru,12.9716,77.5946,2023-06-01,2023,6,1,25.567,79.333,84.167,7.95,269.042,200.667,68.375,260.9,25.828,11.0
Bengaluru,12.9716,77.5946,2023-06-02,2023,6,2,25.754,76.667,72.958,10.575,235.875,158.667,77.208,217.5,22.64,12.0
Bengaluru,12.9716,77.5946,2023-06-03,2023,6,3,26.638,75.042,84.625,9.667,267.208,197.125,70.083,255.9,25.648,11.673
Bengaluru,12.9716,77.5946,2023-06-04,2023,6,4,25.521,75.083,55.667,11.408,259.5,184.625,74.875,265.9,24.908,12.145
Bengaluru,12.9716,77.5946,2023-06-05,2023,6,5,26.554,70.167,52.375,11.104,285.208,223.125,62.083,294.279,27.376,12.0
Bengaluru,12.9716,77.5946,2023-06-06,2023,6,6,26.692,67.333,48.833,12.35,275.083,209.083,66.0,296.004,26.404,12.076
Bengaluru,12.9716,77.5946,2023-06-07,2023,6,7,26.246,71.458,84.167,13.6,265.125,191.292,73.833,259.529,25.448,11.699
Bengaluru,12.9716,77.5946,2023-06-08,2023,6,8,26.112,71.083,92.792,14.438,279.958,211.125,68.833,284.971,26.872,12.006
Bengaluru,12.9716,77.5946,2023-06-09,2023,6,9,25.771,72.417,96.25,15.175,264.5,188.333,76.167,248.362,25.388,12.007
Bengaluru,12.9716,77.5946,2023-06-10,2023,6,10,25.012,73.5,82.375,18.246,220.875,122.042,98.833,169.508,21.2,11.102
Bengaluru,12.9716,77.5946,2023-06-11,2023,6,11,25.079,73.583,76.333,16.75,226.125,137.167,88.958,193.625,21.7,11.492
Bengaluru,12.9716,77.5946,2023-06-12,2023,6,12,25.204,74.833,43.917,14.612,229.542,144.792,84.75,196.337,22.032,12.0
Bengaluru,12.9716,77.5946,2023-06-13,2023,6,13,25.492,71.958,61.542,14.562,258.917,187.667,71.25,249.267,24.852,11.501
Bengaluru,12.9716,77.5946,2023-06-14,2023,6,14,25.758,69.75,71.792,15.579,250.208,163.875,86.333,234.95,24.012,12.013
Bengaluru,12.9716,77.5946,2023-06-15,2023,6,15,26.604,66.333,84.792,13.362,256.333,161.125,95.208,211.45,24.6,11.119
Bengaluru,12.9716,77.5946,2023-06-16,2023,6,16,26.646,65.042,19.458,14.013,288.583,231.0,57.583,327.862,27.696,12.088
Bengaluru,12.9716,77.5946,2023-06-17,2023,6,17,26.129,67.292,73.0,13.521,263.208,179.917,83.292,240.237,25.264,10.637
Bengaluru,12.9716,77.5946,2023-06-18,2023,6,18,24.975,75.125,93.5,13.742,173.167,55.0,118.167,85.738,16.62,6.054
Bengaluru,12.9716,77.5946,2023-06-19,2023,6,19,24.667,77.75,98.083,10.529,165.417,69.75,95.667,99.837,15.876,5.28
Bengaluru,12.9716,77.5946,2023-06-20,2023,6,20,23.354,87.333,98.25,9.258,110.375,17.708,92.667,20.788,10.592,0.852
Bengaluru,12.9716,77.5946,2023-06-21,2023,6,21,23.508,84.833,97.25,8.217,158.0,52.083,105.917,67.329,15.168,6.454
Bengaluru,12.9716,77.5946,2023-06-22,2023,6,22,24.675,80.458,99.292,9.192,205.292,108.0,97.292,142.321,19.704,9.813
Bengaluru,12.9716,77.5946,2023-06-23,2023,6,23,24.292,79.625,99.958,12.646,206.75,94.875,111.875,124.746,19.84,9.643
Bengaluru,12.9716,77.5946,2023-06-24,2023,6,24,23.963,77.583,99.583,15.612,166.583,49.958,116.625,65.688,15.988,6.414
Bengaluru,12.9716,77.5946,2023-06-25,2023,6,25,23.467,80.75,97.583,12.967,187.167,88.042,99.125,115.642,17.96,7.96
Bengaluru,12.9716,77.5946,2023-06-26,2023,6,26,23.804,77.75,99.958,15.317,141.875,42.458,99.417,53.608,13.608,3.931
Bengaluru,12.9716,77.5946,2023-06-27,2023,6,27,23.908,78.083,99.417,13.629,213.083,103.208,109.875,131.138,20.448,9.185
Bengaluru,12.9716,77.5946,2023-06-28,2023,6,28,23.908,78.458,88.375,16.308,190.5,93.125,97.375,130.367,18.28,9.387
Bengaluru,12.9716,77.5946,2023-06-29,2023,6,29,23.4,81.125,83.875,15.854,165.0,80.875,84.125,110.3,15.836,8.533
Bengaluru,12.9716,77.5946,2023-06-30,2023,6,30,24.517,75.833,78.917,16.65,211.958,110.5,101.458,150.083,20.34,10.126
Bengaluru,12.9716,77.5946,2023-07-01,2023,7,1,25.108,72.833,98.542,15.625,186.042,64.083,121.958,94.829,17.852,9.213
Bengaluru,12.9716,77.5946,2023-07-02,2023,7,2,24.029,79.042,99.208,16.346,167.208,60.917,106.292,86.879,16.048,8.527
Bengaluru,12.9716,77.5946,2023-07-03,2023,7,3,23.467,83.0,99.625,18.175,145.708,45.125,100.583,56.158,13.98,4.196
Bengaluru,12.9716,77.5946,2023-07-04,2023,7,4,22.458,86.375,99.917,20.679,76.125,15.542,60.583,22.742,7.308,0.948
Bengaluru,12.9716,77.5946,2023-07-05,2023,7,5,22.55,83.083,98.958,20.125,86.833,29.292,57.542,39.121,8.332,3.168
Bengaluru,12.9716,77.5946,2023-07-06,2023,7,6,22.579,84.625,100.0,20.404,93.208,9.417,83.792,10.925,8.94,0.267
Bengaluru,12.9716,77.5946,2023-07-07,2023,7,7,23.429,81.875,99.708,18.738,161.708,78.0,83.708,92.783,15.52,7.705
Bengaluru,12.9716,77.5946,2023-07-08,2023,7,8,23.062,82.375,99.458,17.142,117.25,28.0,89.25,41.85,11.248,2.925
Bengaluru,12.9716,77.5946,2023-07-09,2023,7,9,23.8,80.792,98.958,13.9,129.708,36.042,93.667,48.246,12.444,4.499
Bengaluru,12.9716,77.5946,2023-07-10,2023,7,10,23.221,84.917,99.167,9.388,140.833,45.333,95.5,66.983,13.512,6.003
Bengaluru,12.9716,77.5946,2023-07-11,2023,7,11,23.188,84.042,99.875,11.975,104.167,16.25,87.917,22.092,9.996,1.305
Bengaluru,12.9716,77.5946,2023-07-12,2023,7,12,23.433,82.792,99.792,12.638,205.708,93.958,111.75,125.238,19.74,10.601
Bengaluru,12.9716,77.5946,2023-07-13,2023,7,13,23.362,82.583,98.875,14.788,178.333,94.333,84.0,109.992,17.112,6.809
Bengaluru,12.9716,77.5946,2023-07-14,2023,7,14,23.879,79.375,85.125,16.992,187.167,91.5,95.667,124.504,17.956,9.997
Bengaluru,12.9716,77.5946,2023-07-15,2023,7,15,24.375,77.875,94.667,15.888,197.375,105.333,92.042,143.883,18.94,10.268
Bengaluru,12.9716,77.5946,2023-07-16,2023,7,16,23.675,80.792,99.833,14.3,168.833,43.375,125.458,53.796,16.2,4.738
Bengaluru,12.9716,77.5946,2023-07-17,2023,7,17,24.075,77.833,98.917,16.762,173.875,72.833,101.042,90.596,16.684,6.411
Bengaluru,12.9716,77.5946,2023-07-18,2023,7,18,24.354,73.958,99.792,21.358,171.667,55.042,116.625,66.371,16.472,4.656
Bengaluru,12.9716,77.5946,2023-07-19,2023,7,19,23.867,74.833,99.667,23.558,153.083,40.292,112.792,52.488,14.692,5.017
Bengaluru,12.9716,77.5946,2023-07-20,2023,7,20,24.004,74.792,98.917,25.988,169.458,71.542,97.917,90.346,16.256,7.588
Bengaluru,12.9716,77.5946,2023-07-21,2023,7,21,24.258,73.375,98.25,24.188,208.792,121.292,87.5,168.108,20.036,11.389
Bengaluru,12.9716,77.5946,2023-07-22,2023,7,22,23.138,80.667,98.917,24.046,178.375,88.75,89.625,114.212,17.12,8.795
Bengaluru,12.9716,77.5946,2023-07-23,2023,7,23,22.158,90.125,97.708,19.988,118.292,37.958,80.333,45.408,11.352,3.223
Bengaluru,12.9716,77.5946,2023-07-24,2023,7,24,21.438,92.208,96.333,19.333,87.542,27.75,59.792,32.225,8.404,2.094
Bengaluru,12.9716,77.5946,2023-07-25,2023,7,25,21.217,92.792,100.0,17.529,68.167,4.75,63.417,6.038,6.544,0.0
Bengaluru,12.9716,77.5946,2023-07-26,2023,7,26,21.079,93.042,100.0,17.729,61.292,5.417,55.875,7.321,5.88,0.0
Bengaluru,12.9716,77.5946,2023-07-27,2023,7,27,22.1,83.5,99.792,20.696,130.25,20.375,109.875,23.733,12.5,1.239
Bengaluru,12.9716,77.5946,2023-07-28,2023,7,28,23.4,77.542,76.125,20.688,198.292,106.667,91.625,159.054,19.028,10.984
Bengaluru,12.9716,77.5946,2023-07-29,2023,7,29,23.604,75.917,63.292,20.229,199.708,95.75,103.958,147.662,19.164,11.211
Bengaluru,12.9716,77.5946,2023-07-30,2023,7,30,24.162,74.875,84.708,18.029,190.667,90.708,99.958,141.383,18.296,10.585
Bengaluru,12.9716,77.5946,2023-07-31,2023,7,31,24.562,74.583,98.333,17.917,224.0,122.458,101.542,166.379,21.496,10.854
Bengaluru,12.9716,77.5946,2023-08-01,2023,8,1,24.429,74.333,99.958,19.704,204.125,103.167,100.958,131.333,19.588,9.223
Bengaluru,12.9716,77.5946,2023-08-02,2023,8,2,24.15,73.083,100.0,19.588,176.833,52.833,124.0,80.021,16.968,8.351
Bengaluru,12.9716,77.5946,2023-08-03,2023,8,3,24.3,73.375,84.0,19.429,202.583,91.25,111.333,124.858,19.44,10.798
Bengaluru,12.9716,77.5946,2023-08-04,2023,8,4,24.379,74.75,80.75,18.062,194.708,111.625,83.083,144.208,18.688,9.792
Bengaluru,12.9716,77.5946,2023-08-05,2023,8,5,24.033,77.75,74.333,15.154,196.333,93.875,102.458,129.717,18.844,9.937
Bengaluru,12.9716,77.5946,2023-08-06,2023,8,6,24.433,77.375,69.958,13.708,231.542,145.292,86.25,189.704,22.224,11.059
Bengaluru,12.9716,77.5946,2023-08-07,2023,8,7,24.354,75.417,97.792,13.646,205.667,108.167,97.5,140.967,19.74,10.187
Bengaluru,12.9716,77.5946,2023-08-08,2023,8,8,23.617,80.083,99.125,11.954,191.5,90.292,101.208,115.562,18.38,8.871
Bengaluru,12.9716,77.5946,2023-08-09,2023,8,9,24.342,76.542,83.875,10.004,247.542,166.583,80.958,221.129,23.76,11.865
Bengaluru,12.9716,77.5946,2023-08-10,2023,8,10,24.012,79.167,95.792,8.112,240.667,151.25,89.417,194.217,23.1,10.471
Bengaluru,12.9716,77.5946,2023-08-11,2023,8,11,24.504,75.875,82.958,8.358,244.458,160.083,84.375,199.188,23.464,9.375
Bengaluru,12.9716,77.5946,2023-08-12,2023,8,12,24.704,72.292,94.5,10.838,273.458,205.083,68.375,272.233,26.248,12.0
Bengaluru,12.9716,77.5946,2023-08-13,2023,8,13,24.542,72.542,99.75,11.204,240.083,151.083,89.0,207.225,23.044,11.864
Bengaluru,12.9716,77.5946,2023-08-14,2023,8,14,24.35,72.208,93.417,9.912,266.667,188.833,77.833,254.975,25.596,12.0
Bengaluru,12.9716,77.5946,2023-08-15,2023,8,15,24.646,67.833,72.083,9.208,279.792,190.458,89.333,251.421,26.856,11.833
Bengaluru,12.9716,77.5946,2023-08-16,2023,8,16,25.125,68.292,32.583,9.896,283.667,210.917,72.75,278.304,27.232,11.588
Bengaluru,12.9716,77.5946,2023-08-17,2023,8,17,24.971,70.5,90.792,13.629,258.542,179.708,78.833,233.729,24.82,11.168
Bengaluru,12.9716,77.5946,2023-08-18,2023,8,18,24.392,70.875,99.875,15.604,174.5,61.292,113.208,77.946,16.752,7.164
Bengaluru,12.9716,77.5946,2023-08-19,2023,8,19,22.858,80.542,95.0,16.65,191.625,96.125,95.5,118.954,18.396,9.0
Bengaluru,12.9716,77.5946,2023-08-20,2023,8,20,24.221,73.0,65.625,14.192,205.833,109.625,96.208,153.862,19.76,10.499
Bengaluru,12.9716,77.5946,2023-08-21,2023,8,21,24.912,70.0,54.292,10.504,229.75,129.375,100.375,185.596,22.056,11.881
Bengaluru,12.9716,77.5946,2023-08-22,2023,8,22,25.213,70.75,42.75,8.321,255.417,179.417,76.0,247.779,24.52,12.0
Bengaluru,12.9716,77.5946,2023-08-23,2023,8,23,25.262,66.542,64.75,8.854,283.792,208.5,75.292,275.446,27.244,12.0
Bengaluru,12.9716,77.5946,2023-08-24,2023,8,24,24.692,68.625,91.5,10.188,273.583,180.208,93.375,239.858,26.264,12.0
Bengaluru,12.9716,77.5946,2023-08-25,2023,8,25,25.179,67.708,98.833,9.638,287.125,203.75,83.375,268.6,27.564,11.495
Bengaluru,12.9716,77.5946,2023-08-26,2023,8,26,24.971,76.0,90.792,9.983,227.583,143.417,84.167,179.9,21.848,10.089
Bengaluru,12.9716,77.5946,2023-08-27,2023,8,27,24.554,76.375,97.208,8.862,218.042,111.833,106.208,140.712,20.932,9.216
Bengaluru,12.9716,77.5946,2023-08-28,2023,8,28,25.683,66.375,88.958,10.688,277.708,200.542,77.167,255.721,26.66,10.468
Bengaluru,12.9716,77.5946,2023-08-29,2023,8,29,25.571,67.542,98.667,11.338,246.375,164.875,81.5,217.708,23.652,11.233
Bengaluru,12.9716,77.5946,2023-08-30,2023,8,30,25.742,67.042,62.708,9.879,267.833,198.5,69.333,267.379,25.712,11.985
Bengaluru,12.9716,77.5946,2023-08-31,2023,8,31,24.767,74.0,90.458,6.029,220.667,141.333,79.333,189.317,21.184,11.242
Bengaluru,12.9716,77.5946,2023-09-01,2023,9,1,25.0,74.792,82.167,5.638,228.292,136.5,91.792,183.7,21.916,10.832
Bengaluru,12.9716,77.5946,2023-09-02,2023,9,2,24.062,81.708,83.458,10.263,183.708,93.5,90.208,119.775,17.636,8.174
Bengaluru,12.9716,77.5946,2023-09-03,2023,9,3,23.971,74.333,99.375,11.904,198.708,77.583,121.125,94.467,19.076,7.607
Bengaluru,12.9716,77.5946,2023-09-04,2023,9,4,23.171,73.917,99.75,17.767,155.958,47.083,108.875,60.467,14.872,5.607
Bengaluru,12.9716,77.5946,2023-09-05,2023,9,5,22.629,84.625,99.75,14.546,208.5,112.292,96.208,144.358,19.944,9.949
Bengaluru,12.9716,77.5946,2023-09-06,2023,9,6,23.279,83.167,99.75,13.892,172.75,82.333,90.417,95.792,16.52,6.098
Bengaluru,12.9716,77.5946,2023-09-07,2023,9,7,23.758,79.583,99.875,14.517,143.25,48.958,94.292,60.058,13.692,4.854
Bengaluru,12.9716,77.5946,2023-09-08,2023,9,8,23.821,78.125,87.375,17.379,182.083,84.875,97.208,110.275,17.352,7.948
Bengaluru,12.9716,77.5946,2023-09-09,2023,9,9,24.421,75.958,56.042,15.75,203.75,108.917,94.833,155.712,19.404,10.214
Bengaluru,12.9716,77.5946,2023-09-10,2023,9,10,24.479,75.792,85.542,14.958,190.958,100.875,90.083,132.196,18.22,9.073
Bengaluru,12.9716,77.5946,2023-09-11,2023,9,11,24.425,75.167,95.917,15.304,202.042,95.875,106.167,124.608,19.304,9.216
Bengaluru,12.9716,77.5946,2023-09-12,2023,9,12,24.383,73.208,96.708,15.096,187.458,85.208,102.25,118.817,17.904,8.044
Bengaluru,12.9716,77.5946,2023-09-13,2023,9,13,24.175,74.958,95.875,14.55,208.833,114.75,94.083,153.554,19.94,10.401
Bengaluru,12.9716,77.5946,2023-09-14,2023,9,14,23.35,80.458,99.417,14.888,201.375,83.917,117.458,114.933,19.248,10.046
Bengaluru,12.9716,77.5946,2023-09-15,2023,9,15,23.562,81.5,99.792,16.396,159.792,64.167,95.625,86.154,15.268,7.205
Bengaluru,12.9716,77.5946,2023-09-16,2023,9,16,23.946,79.917,95.583,16.612,161.75,71.292,90.458,103.179,15.404,9.091
Bengaluru,12.9716,77.5946,2023-09-17,2023,9,17,23.638,82.75,87.833,10.829,173.25,87.583,85.667,116.208,16.576,9.367
Bengaluru,12.9716,77.5946,2023-09-18,2023,9,18,23.742,81.583,93.458,11.588,235.875,164.958,70.917,224.267,22.52,11.338
Bengaluru,12.9716,77.5946,2023-09-19,2023,9,19,24.275,75.542,96.833,11.942,252.5,172.208,80.292,224.867,24.16,10.876
Bengaluru,12.9716,77.5946,2023-09-20,2023,9,20,24.067,79.333,99.292,9.288,237.125,133.625,103.5,183.221,22.672,10.793
Bengaluru,12.9716,77.5946,2023-09-21,2023,9,21,24.046,81.042,99.833,8.2,195.333,79.583,115.75,116.112,18.652,8.389
Bengaluru,12.9716,77.5946,2023-09-22,2023,9,22,24.725,77.208,99.5,6.554,229.292,143.958,85.333,195.192,21.892,10.875
Bengaluru,12.9716,77.5946,2023-09-23,2023,9,23,24.908,76.833,75.625,8.312,232.333,160.25,72.083,220.679,22.228,11.0
Bengaluru,12.9716,77.5946,2023-09-24,2023,9,24,24.525,77.583,99.0,11.475,211.083,120.917,90.167,169.233,20.176,10.84
Bengaluru,12.9716,77.5946,2023-09-25,2023,9,25,23.946,79.958,92.75,10.879,230.583,137.958,92.625,184.588,22.044,10.648
Bengaluru,12.9716,77.5946,2023-09-26,2023,9,26,24.196,77.792,76.083,10.346,218.208,127.875,90.333,173.383,20.872,10.582
Bengaluru,12.9716,77.5946,2023-09-27,2023,9,27,24.138,74.875,74.917,13.288,220.625,132.208,88.417,191.979,21.116,11.0
Bengaluru,12.9716,77.5946,2023-09-28,2023,9,28,23.25,81.333,94.75,13.55,164.292,73.542,90.75,106.108,15.732,8.883
Bengaluru,12.9716,77.5946,2023-09-29,2023,9,29,23.833,78.458,81.208,16.633,178.917,96.875,82.042,124.083,17.128,8.897
Bengaluru,12.9716,77.5946,2023-09-30,2023,9,30,24.008,77.667,91.375,18.412,188.167,100.333,87.833,131.275,18.0,9.079
Bengaluru,12.9716,77.5946,2023-10-01,2023,10,1,23.933,78.0,72.875,19.012,162.167,86.125,76.042,120.867,15.508,7.655
Bengaluru,12.9716,77.5946,2023-10-02,2023,10,2,24.812,70.792,67.75,15.188,250.5,176.875,73.625,242.688,23.972,10.439
Bengaluru,12.9716,77.5946,2023-10-03,2023,10,3,24.775,70.5,69.0,10.662,249.25,171.375,77.875,240.792,23.856,11.099
Bengaluru,12.9716,77.5946,2023-10-04,2023,10,4,24.7,72.542,32.667,8.112,241.417,180.542,60.875,262.9,23.108,11.105
Bengaluru,12.9716,77.5946,2023-10-05,2023,10,5,25.146,70.833,25.25,6.888,257.875,198.208,59.667,278.475,24.704,11.0
Bengaluru,12.9716,77.5946,2023-10-06,2023,10,6,24.892,73.458,57.417,5.842,208.0,134.458,73.542,194.729,19.924,10.859
Bengaluru,12.9716,77.5946,2023-10-07,2023,10,7,25.725,70.75,62.375,4.858,209.333,144.333,65.0,209.312,20.044,11.056
Bengaluru,12.9716,77.5946,2023-10-08,2023,10,8,25.312,74.333,67.458,3.792,197.417,125.333,72.083,182.979,18.908,10.94
Bengaluru,12.9716,77.5946,2023-10-09,2023,10,9,24.079,84.292,77.417,4.55,147.375,71.875,75.5,108.392,14.108,5.83
Bengaluru,12.9716,77.5946,2023-10-10,2023,10,10,24.188,84.333,80.333,5.762,212.125,143.25,68.875,193.117,20.328,9.845
Bengaluru,12.9716,77.5946,2023-10-11,2023,10,11,23.871,84.792,76.208,4.492,182.958,109.292,73.667,158.412,17.52,11.0
Bengaluru,12.9716,77.5946,2023-10-12,2023,10,12,24.221,74.083,94.042,6.467,245.25,181.667,63.583,250.146,23.496,10.635
Bengaluru,12.9716,77.5946,2023-10-13,2023,10,13,23.9,64.125,56.0,9.042,283.958,229.833,54.125,333.4,27.2,11.155
Bengaluru,12.9716,77.5946,2023-10-14,2023,10,14,24.029,70.0,88.833,7.542,267.208,210.083,57.125,305.492,25.612,11.0
Bengaluru,12.9716,77.5946,2023-10-15,2023,10,15,24.654,69.708,94.417,3.637,238.375,159.542,78.833,226.4,22.848,11.0
Bengaluru,12.9716,77.5946,2023-10-16,2023,10,16,24.054,79.875,92.375,5.879,170.583,91.917,78.667,125.954,16.352,8.944
Bengaluru,12.9716,77.5946,2023-10-17,2023,10,17,24.929,71.917,71.958,7.0,231.542,170.583,60.958,243.062,22.2,11.0
Bengaluru,12.9716,77.5946,2023-10-18,2023,10,18,24.304,65.0,60.333,9.383,240.042,175.042,65.0,256.65,23.008,11.0
Bengaluru,12.9716,77.5946,2023-10-19,2023,10,19,24.4,65.375,41.458,8.596,273.083,221.292,51.792,323.096,26.184,11.0
Bengaluru,12.9716,77.5946,2023-10-20,2023,10,20,24.579,67.708,44.75,9.375,243.875,184.583,59.292,267.008,23.376,11.0
Bengaluru,12.9716,77.5946,2023-10-21,2023,10,21,24.596,68.75,59.167,9.554,233.208,171.75,61.458,253.962,22.36,11.0
Bengaluru,12.9716,77.5946,2023-10-22,2023,10,22,24.996,65.958,54.042,8.354,252.5,198.75,53.75,293.721,24.208,11.0
Bengaluru,12.9716,77.5946,2023-10-23,2023,10,23,24.179,57.375,53.25,8.958,276.542,222.917,53.625,337.954,26.508,11.004
Bengaluru,12.9716,77.5946,2023-10-24,2023,10,24,23.862,44.375,5.5,7.692,282.417,235.625,46.792,358.854,27.076,11.008
Bengaluru,12.9716,77.5946,2023-10-25,2023,10,25,23.708,54.417,4.042,7.5,275.542,226.708,48.833,344.417,26.416,11.012
Bengaluru,12.9716,77.5946,2023-10-26,2023,10,26,23.787,58.167,0.25,6.904,273.542,226.417,47.125,346.371,26.228,11.016
Bengaluru,12.9716,77.5946,2023-10-27,2023,10,27,24.2,61.667,43.458,9.267,271.667,223.917,47.75,338.104,26.052,11.0
Bengaluru,12.9716,77.5946,2023-10-28,2023,10,28,25.042,69.542,47.333,8.779,228.417,166.25,62.167,255.438,21.904,11.0
Bengaluru,12.9716,77.5946,2023-10-29,2023,10,29,24.175,76.0,73.917,9.692,188.0,125.917,62.083,187.908,18.032,10.013
Bengaluru,12.9716,77.5946,2023-10-30,2023,10,30,23.633,78.333,99.333,8.779,157.0,64.458,92.542,93.988,15.06,7.626
Bengaluru,12.9716,77.5946,2023-10-31,2023,10,31,23.512,79.667,98.792,9.858,164.375,74.875,89.5,106.892,15.768,8.564
Bengaluru,12.9716,77.5946,2023-11-01,2023,11,1,23.95,78.292,94.667,7.833,208.708,144.5,64.208,210.054,20.028,9.514
Bengaluru,12.9716,77.5946,2023-11-02,2023,11,2,23.983,79.25,98.333,8.479,171.542,71.417,100.125,108.708,16.452,9.64
Bengaluru,12.9716,77.5946,2023-11-03,2023,11,3,24.171,79.792,96.917,8.083,186.5,100.875,85.625,136.433,17.888,8.279
Bengaluru,12.9716,77.5946,2023-11-04,2023,11,4,23.292,85.125,99.958,7.512,128.333,45.917,82.417,60.942,12.316,5.684
Bengaluru,12.9716,77.5946,2023-11-05,2023,11,5,23.558,83.583,95.125,6.517,132.583,57.125,75.458,81.254,12.716,7.035
Bengaluru,12.9716,77.5946,2023-11-06,2023,11,6,23.6,82.958,89.25,4.325,181.167,109.25,71.917,180.254,17.38,10.755
Bengaluru,12.9716,77.5946,2023-11-07,2023,11,7,22.975,84.875,97.5,5.017,133.667,44.875,88.792,68.975,12.824,6.041
Bengaluru,12.9716,77.5946,2023-11-08,2023,11,8,23.546,84.125,94.958,6.333,150.792,67.208,83.583,98.454,14.464,6.894
Bengaluru,12.9716,77.5946,2023-11-09,2023,11,9,23.238,83.208,98.875,7.896,156.417,72.708,83.708,105.4,15.004,8.254
Bengaluru,12.9716,77.5946,2023-11-10,2023,11,10,23.612,79.625,61.875,11.192,193.542,118.625,74.917,187.525,18.568,11.0
Bengaluru,12.9716,77.5946,2023-11-11,2023,11,11,23.217,66.0,65.833,10.05,253.292,198.542,54.75,311.842,24.3,11.0
Bengaluru,12.9716,77.5946,2023-11-12,2023,11,12,22.233,70.292,95.708,10.838,238.333,160.042,78.292,247.133,22.864,11.0
Bengaluru,12.9716,77.5946,2023-11-13,2023,11,13,22.183,70.25,88.0,11.75,248.25,189.583,58.667,291.95,23.816,11.0
Bengaluru,12.9716,77.5946,2023-11-14,2023,11,14,21.329,77.25,99.958,10.567,84.333,5.292,79.042,8.354,8.088,0.0
Bengaluru,12.9716,77.5946,2023-11-15,2023,11,15,22.879,71.583,98.75,10.142,182.208,91.5,90.708,136.446,17.476,8.899
Bengaluru,12.9716,77.5946,2023-11-16,2023,11,16,23.646,68.125,87.5,8.017,201.125,131.917,69.208,203.112,19.3,9.408
Bengaluru,12.9716,77.5946,2023-11-17,2023,11,17,24.096,72.0,75.625,8.737,206.292,132.917,73.375,191.604,19.796,8.531
Bengaluru,12.9716,77.5946,2023-11-18,2023,11,18,24.375,72.5,52.25,10.263,224.917,173.333,51.583,270.925,21.576,10.134
Bengaluru,12.9716,77.5946,2023-11-19,2023,11,19,23.525,66.167,86.542,11.05,240.417,182.125,58.292,280.517,23.068,11.0
Bengaluru,12.9716,77.5946,2023-11-20,2023,11,20,23.217,71.167,87.667,12.283,207.167,148.875,58.292,223.288,19.876,9.02
Bengaluru,12.9716,77.5946,2023-11-21,2023,11,21,23.579,78.417,91.083,10.367,148.25,76.292,71.958,124.362,14.224,9.316
Bengaluru,12.9716,77.5946,2023-11-22,2023,11,22,23.496,83.458,90.625,6.25,143.75,79.0,64.75,124.671,13.792,7.814
Bengaluru,12.9716,77.5946,2023-11-23,2023,11,23,23.083,83.875,99.625,9.55,129.667,51.958,77.708,81.492,12.44,7.882
Bengaluru,12.9716,77.5946,2023-11-24,2023,11,24,23.138,81.875,99.708,10.438,149.5,77.125,72.375,113.967,14.344,7.515
Bengaluru,12.9716,77.5946,2023-11-25,2023,11,25,23.058,81.583,70.167,12.083,158.583,91.417,67.167,147.904,15.216,9.919
Bengaluru,12.9716,77.5946,2023-11-26,2023,11,26,22.758,77.167,98.292,14.5,160.75,79.833,80.917,136.721,15.42,9.917
Bengaluru,12.9716,77.5946,2023-11-27,2023,11,27,22.704,80.417,71.167,11.317,161.125,93.75,67.375,154.133,15.46,9.78
Bengaluru,12.9716,77.5946,2023-11-28,2023,11,28,23.271,80.0,79.542,9.288,171.833,89.958,81.875,152.725,16.484,10.0
Bengaluru,12.9716,77.5946,2023-11-29,2023,11,29,23.071,79.417,98.875,10.85,167.125,89.75,77.375,140.162,16.032,9.674
Bengaluru,12.9716,77.5946,2023-11-30,2023,11,30,22.954,78.125,94.833,11.842,132.75,50.917,81.833,88.796,12.732,8.688
Bengaluru,12.9716,77.5946,2023-12-01,2023,12,1,22.771,80.917,83.458,8.987,164.5,102.25,62.25,167.696,15.78,9.752
Bengaluru,12.9716,77.5946,2023-12-02,2023,12,2,22.325,78.208,99.917,12.088,186.333,108.708,77.625,177.421,17.876,10.306
Bengaluru,12.9716,77.5946,2023-12-03,2023,12,3,22.262,84.625,99.75,16.025,109.042,41.625,67.417,61.637,10.456,5.32
Bengaluru,12.9716,77.5946,2023-12-04,2023,12,4,21.929,83.167,100.0,15.904,84.667,6.625,78.042,11.292,8.116,0.0
Bengaluru,12.9716,77.5946,2023-12-05,2023,12,5,22.138,81.167,96.708,11.625,118.625,31.583,87.042,57.879,11.372,4.676
Bengaluru,12.9716,77.5946,2023-12-06,2023,12,6,23.425,73.25,36.875,4.837,220.5,166.458,54.042,282.542,21.148,10.957
Bengaluru,12.9716,77.5946,2023-12-07,2023,12,7,24.104,72.875,68.75,6.337,195.208,134.167,61.042,226.8,18.724,10.948
Bengaluru,12.9716,77.5946,2023-12-08,2023,12,8,23.558,79.125,66.125,8.146,154.208,97.875,56.333,163.879,14.788,10.473
Bengaluru,12.9716,77.5946,2023-12-09,2023,12,9,23.229,84.708,68.333,8.25,144.417,79.958,64.458,131.854,13.852,10.689
Bengaluru,12.9716,77.5946,2023-12-10,2023,12,10,23.25,77.0,66.333,10.279,174.125,116.167,57.958,178.783,16.708,7.181
Bengaluru,12.9716,77.5946,2023-12-11,2023,12,11,23.117,75.625,97.625,8.433,152.125,75.208,76.917,120.467,14.588,5.899
Bengaluru,12.9716,77.5946,2023-12-12,2023,12,12,22.542,72.0,78.792,9.538,204.458,143.208,61.25,239.671,19.604,10.849
Bengaluru,12.9716,77.5946,2023-12-13,2023,12,13,21.733,68.792,43.125,10.342,219.375,161.75,57.625,278.046,21.036,10.782
Bengaluru,12.9716,77.5946,2023-12-14,2023,12,14,21.321,71.917,55.792,11.096,222.625,166.708,55.917,273.533,21.344,10.354
Bengaluru,12.9716,77.5946,2023-12-15,2023,12,15,21.321,79.542,79.083,10.379,184.458,124.583,59.875,211.008,17.688,10.765
Bengaluru,12.9716,77.5946,2023-12-16,2023,12,16,22.3,81.708,80.208,11.379,133.25,57.083,76.167,97.271,12.772,7.659
Bengaluru,12.9716,77.5946,2023-12-17,2023,12,17,21.983,80.667,97.792,12.621,83.5,9.833,73.667,16.537,8.0,0.222
Bengaluru,12.9716,77.5946,2023-12-18,2023,12,18,22.025,75.583,91.917,13.9,131.0,43.292,87.708,69.225,12.548,6.197
Bengaluru,12.9716,77.5946,2023-12-19,2023,12,19,22.021,69.458,51.625,12.292,232.167,187.333,44.833,312.217,22.252,10.852
Bengaluru,12.9716,77.5946,2023-12-20,2023,12,20,21.725,75.125,62.042,11.475,172.458,99.333,73.125,176.429,16.528,10.027
Bengaluru,12.9716,77.5946,2023-12-21,2023,12,21,22.179,76.333,41.333,9.658,210.833,148.0,62.833,257.838,20.204,10.827
Bengaluru,12.9716,77.5946,2023-12-22,2023,12,22,22.558,73.292,82.833,7.508,201.917,126.292,75.625,212.654,19.344,9.003
Bengaluru,12.9716,77.5946,2023-12-23,2023,12,23,21.475,62.958,67.0,8.788,228.417,159.167,69.25,266.129,21.884,10.805
Bengaluru,12.9716,77.5946,2023-12-24,2023,12,24,21.375,70.208,29.5,10.308,236.333,190.25,46.083,306.425,22.656,10.319
Bengaluru,12.9716,77.5946,2023-12-25,2023,12,25,22.171,71.375,21.833,12.275,208.25,149.958,58.292,257.213,19.944,10.825
Bengaluru,12.9716,77.5946,2023-12-26,2023,12,26,21.25,57.75,18.625,10.325,249.5,206.458,43.042,347.037,23.896,10.751
Bengaluru,12.9716,77.5946,2023-12-27,2023,12,27,21.379,63.833,6.042,12.233,248.292,205.75,42.542,351.258,23.78,10.973
Bengaluru,12.9716,77.5946,2023-12-28,2023,12,28,21.867,70.125,54.5,12.425,229.792,177.25,52.542,301.3,22.008,10.817
Bengaluru,12.9716,77.5946,2023-12-29,2023,12,29,21.896,73.625,57.208,11.871,216.583,152.875,63.708,260.329,20.74,10.806
Bengaluru,12.9716,77.5946,2023-12-30,2023,12,30,22.662,69.375,40.042,10.567,239.375,194.208,45.167,319.996,22.92,10.6
Bengaluru,12.9716,77.5946,2023-12-31,2023,12,31,21.775,68.917,30.0,10.7,241.042,195.75,45.292,317.875,23.076,10.251
Bengaluru,12.9716,77.5946,2024-01-01,2024,1,1,22.017,68.25,57.0,8.692,237.25,191.667,45.583,310.192,22.712,10.174
Bengaluru,12.9716,77.5946,2024-01-02,2024,1,2,21.612,70.208,88.042,9.792,125.333,57.625,67.708,106.371,11.98,7.715
Bengaluru,12.9716,77.5946,2024-01-03,2024,1,3,21.742,72.667,80.917,9.425,170.542,106.25,64.292,163.3,16.344,8.179
Bengaluru,12.9716,77.5946,2024-01-04,2024,1,4,21.346,82.833,90.958,8.442,45.875,5.625,40.25,10.775,4.388,0.142
Bengaluru,12.9716,77.5946,2024-01-05,2024,1,5,22.15,79.917,91.708,9.983,93.958,17.25,76.708,27.392,8.988,2.174
Bengaluru,12.9716,77.5946,2024-01-06,2024,1,6,23.104,73.083,77.0,10.183,176.542,111.625,64.917,187.588,16.888,10.224
Bengaluru,12.9716,77.5946,2024-01-07,2024,1,7,23.388,68.75,67.583,10.533,200.958,142.292,58.667,223.021,19.244,9.937
Bengaluru,12.9716,77.5946,2024-01-08,2024,1,8,20.775,89.208,96.625,13.05,42.292,4.292,38.0,9.375,4.052,0.168
Bengaluru,12.9716,77.5946,2024-01-09,2024,1,9,21.775,78.208,97.542,14.696,162.417,90.417,72.0,130.679,15.544,7.298
Bengaluru,12.9716,77.5946,2024-01-10,2024,1,10,21.733,68.167,82.417,11.55,175.417,114.667,60.75,183.15,16.828,8.618
Bengaluru,12.9716,77.5946,2024-01-11,2024,1,11,22.342,63.625,37.0,12.033,241.375,194.875,46.5,326.825,23.076,11.235
Bengaluru,12.9716,77.5946,2024-01-12,2024,1,12,21.621,66.042,73.333,13.379,246.833,201.125,45.708,335.988,23.596,11.226
Bengaluru,12.9716,77.5946,2024-01-13,2024,1,13,22.033,70.417,60.458,8.688,221.958,161.875,60.083,249.912,21.24,9.861
Bengaluru,12.9716,77.5946,2024-01-14,2024,1,14,22.588,68.292,28.542,9.688,243.958,191.708,52.25,303.367,23.308,10.34
Bengaluru,12.9716,77.5946,2024-01-15,2024,1,15,22.279,65.958,11.542,8.325,250.792,204.875,45.917,337.429,23.96,11.301
Bengaluru,12.9716,77.5946,2024-01-16,2024,1,16,22.254,67.542,26.083,8.188,250.0,202.833,47.167,332.512,23.88,11.168
Bengaluru,12.9716,77.5946,2024-01-17,2024,1,17,22.279,66.25,12.417,8.879,250.625,203.458,47.167,335.412,23.932,11.248
Bengaluru,12.9716,77.5946,2024-01-18,2024,1,18,22.642,65.0,46.708,9.108,195.833,129.042,66.792,196.667,18.732,9.07
Bengaluru,12.9716,77.5946,2024-01-19,2024,1,19,22.792,68.125,35.833,9.862,215.833,154.667,61.167,236.6,20.612,10.597
Bengaluru,12.9716,77.5946,2024-01-20,2024,1,20,22.967,64.125,35.167,11.117,236.083,186.708,49.375,298.667,22.552,11.084
Bengaluru,12.9716,77.5946,2024-01-21,2024,1,21,23.367,62.375,18.042,10.079,254.917,209.5,45.417,343.021,24.336,11.351
Bengaluru,12.9716,77.5946,2024-01-22,2024,1,22,23.654,61.75,18.042,8.862,242.833,188.708,54.125,307.267,23.204,11.212
Bengaluru,12.9716,77.5946,2024-01-23,2024,1,23,23.625,59.917,15.917,8.8,258.042,211.917,46.125,346.95,24.624,11.376
Bengaluru,12.9716,77.5946,2024-01-24,2024,1,24,23.483,65.375,35.125,8.529,232.333,174.417,57.917,280.638,22.176,11.093
Bengaluru,12.9716,77.5946,2024-01-25,2024,1,25,23.638,61.583,47.833,9.25,185.917,110.417,75.5,165.821,17.748,9.769
Bengaluru,12.9716,77.5946,2024-01-26,2024,1,26,22.596,60.583,10.417,12.575,262.667,216.958,45.708,345.375,25.052,11.177
Bengaluru,12.9716,77.5946,2024-01-27,2024,1,27,22.154,63.042,67.167,12.675,262.042,214.333,47.708,339.021,24.992,11.253
Bengaluru,12.9716,77.5946,2024-01-28,2024,1,28,22.304,65.0,89.875,11.925,231.458,164.167,67.292,269.979,22.084,11.238
Bengaluru,12.9716,77.5946,2024-01-29,2024,1,29,22.208,61.042,81.833,10.721,264.458,216.958,47.5,338.979,25.212,10.987
Bengaluru,12.9716,77.5946,2024-01-30,2024,1,30,22.517,55.833,58.958,6.196,266.667,219.833,46.833,351.054,25.42,11.409
Bengaluru,12.9716,77.5946,2024-01-31,2024,1,31,23.675,60.917,41.458,8.638,261.083,212.042,49.042,331.904,24.884,10.999
Bengaluru,12.9716,77.5946,2024-02-01,2024,2,1,24.167,59.792,82.542,6.233,262.75,211.917,50.833,333.412,25.04,11.142
Bengaluru,12.9716,77.5946,2024-02-02,2024,2,2,24.679,63.208,90.5,6.383,250.208,196.5,53.708,308.746,23.836,11.215
Bengaluru,12.9716,77.5946,2024-02-03,2024,2,3,24.629,65.833,71.167,10.767,214.792,151.292,63.5,229.1,20.456,10.327
Bengaluru,12.9716,77.5946,2024-02-04,2024,2,4,23.883,57.0,25.75,11.071,267.917,220.792,47.125,348.317,25.524,11.483
Bengaluru,12.9716,77.5946,2024-02-05,2024,2,5,23.804,53.917,14.958,10.979,273.875,227.0,46.875,357.983,26.088,11.492
Bengaluru,12.9716,77.5946,2024-02-06,2024,2,6,24.446,53.25,4.208,11.675,274.875,228.0,46.875,358.533,26.18,11.502
Bengaluru,12.9716,77.5946,2024-02-07,2024,2,7,24.988,48.417,0.0,11.308,277.625,230.667,46.958,362.058,26.436,11.513
Bengaluru,12.9716,77.5946,2024-02-08,2024,2,8,25.308,44.0,24.292,10.796,278.75,230.833,47.917,360.138,26.544,11.523
Bengaluru,12.9716,77.5946,2024-02-09,2024,2,9,24.925,49.0,7.333,11.062,277.125,229.542,47.583,357.658,26.388,11.533
Bengaluru,12.9716,77.5946,2024-02-10,2024,2,10,23.929,62.667,24.167,12.962,274.042,224.583,49.458,340.958,26.096,11.172
Bengaluru,12.9716,77.5946,2024-02-11,2024,2,11,23.512,61.958,23.417,12.821,272.458,221.458,51.0,329.321,25.932,10.848
Bengaluru,12.9716,77.5946,2024-02-12,2024,2,12,23.383,54.25,47.792,12.321,283.75,233.375,50.375,357.021,27.008,11.566
Bengaluru,12.9716,77.5946,2024-02-13,2024,2,13,23.408,61.542,44.333,11.338,276.0,224.875,51.125,338.396,26.268,11.312
Bengaluru,12.9716,77.5946,2024-02-14,2024,2,14,24.242,62.125,56.792,12.496,271.042,218.5,52.542,319.758,25.84,11.034
Bengaluru,12.9716,77.5946,2024-02-15,2024,2,15,23.817,53.083,65.083,13.312,284.208,234.708,49.5,356.525,27.056,11.599
Bengaluru,12.9716,77.5946,2024-02-16,2024,2,16,23.362,60.875,26.667,14.404,280.625,231.167,49.458,351.037,26.708,11.61
Bengaluru,12.9716,77.5946,2024-02-17,2024,2,17,24.388,51.583,0.0,11.829,283.75,234.542,49.208,356.542,26.996,11.621
Bengaluru,12.9716,77.5946,2024-02-18,2024,2,18,24.583,49.375,5.5,8.254,284.917,235.542,49.375,357.375,27.104,11.632
Bengaluru,12.9716,77.5946,2024-02-19,2024,2,19,24.554,49.25,31.208,10.371,284.208,234.208,50.0,350.833,27.056,11.643
Bengaluru,12.9716,77.5946,2024-02-20,2024,2,20,25.112,52.125,2.5,7.163,285.875,236.417,49.458,356.733,27.192,11.655
Bengaluru,12.9716,77.5946,2024-02-21,2024,2,21,25.746,56.75,11.458,7.05,261.625,196.625,65.0,296.717,24.912,11.666
Bengaluru,12.9716,77.5946,2024-02-22,2024,2,22,25.8,46.625,47.625,6.825,283.125,231.875,51.25,347.858,26.928,11.677
Bengaluru,12.9716,77.5946,2024-02-23,2024,2,23,25.512,46.208,2.792,5.054,287.458,236.667,50.792,354.963,27.332,11.688
Bengaluru,12.9716,77.5946,2024-02-24,2024,2,24,26.338,57.0,29.167,8.217,264.542,205.333,59.208,308.017,25.152,11.7
Bengaluru,12.9716,77.5946,2024-02-25,2024,2,25,25.625,61.042,25.75,12.046,245.792,180.542,65.25,264.354,23.36,11.642
Bengaluru,12.9716,77.5946,2024-02-26,2024,2,26,24.283,64.625,30.5,15.871,269.542,205.667,63.875,290.083,25.66,11.373
Bengaluru,12.9716,77.5946,2024-02-27,2024,2,27,24.817,62.042,37.875,14.033,285.25,233.417,51.833,334.304,27.14,11.637
Bengaluru,12.9716,77.5946,2024-02-28,2024,2,28,25.362,53.958,0.125,11.475,297.292,246.458,50.833,364.504,28.264,11.746
Bengaluru,12.9716,77.5946,2024-02-29,2024,2,29,25.029,45.667,34.875,12.671,302.583,247.833,54.75,365.575,28.772,11.758
Bengaluru,12.9716,77.5946,2024-03-01,2024,3,1,25.1,52.667,36.958,12.767,297.125,243.25,53.875,355.929,28.248,11.77
Bengaluru,12.9716,77.5946,2024-03-02,2024,3,2,25.579,47.0,88.417,10.975,294.458,232.125,62.333,336.417,28.004,11.782
Bengaluru,12.9716,77.5946,2024-03-03,2024,3,3,25.612,47.958,26.083,7.108,294.333,242.833,51.5,356.154,27.98,11.794
Bengaluru,12.9716,77.5946,2024-03-04,2024,3,4,26.354,49.875,6.125,6.367,297.542,246.167,51.375,360.092,28.284,11.806
Bengaluru,12.9716,77.5946,2024-03-05,2024,3,5,26.804,52.125,28.0,9.388,299.75,248.375,51.375,362.238,28.492,11.818
Bengaluru,12.9716,77.5946,2024-03-06,2024,3,6,26.667,49.875,62.792,6.4,281.375,221.917,59.458,315.233,26.828,11.831
Bengaluru,12.9716,77.5946,2024-03-07,2024,3,7,27.162,45.792,18.042,5.442,296.708,243.917,52.792,352.367,28.224,11.843
Bengaluru,12.9716,77.5946,2024-03-08,2024,3,8,27.167,46.625,36.75,6.988,252.792,179.083,73.708,259.883,24.06,11.855
Bengaluru,12.9716,77.5946,2024-03-09,2024,3,9,27.742,45.417,23.792,7.583,286.083,227.875,58.208,320.662,27.22,11.867
Bengaluru,12.9716,77.5946,2024-03-10,2024,3,10,27.371,57.458,52.125,11.629,236.5,167.458,69.042,238.321,22.52,11.077
Bengaluru,12.9716,77.5946,2024-03-11,2024,3,11,27.312,47.292,35.167,10.9,245.667,171.458,74.208,211.879,23.584,8.682
Bengaluru,12.9716,77.5946,2024-03-12,2024,3,12,26.988,50.458,41.25,9.237,289.208,229.167,60.042,327.833,27.764,11.903
Bengaluru,12.9716,77.5946,2024-03-13,2024,3,13,27.546,49.458,23.292,6.821,256.208,183.042,73.167,257.667,24.596,11.599
Bengaluru,12.9716,77.5946,2024-03-14,2024,3,14,27.533,54.25,42.875,6.717,235.167,170.833,64.333,254.692,22.576,11.927
Bengaluru,12.9716,77.5946,2024-03-15,2024,3,15,27.988,52.083,44.167,6.675,223.583,144.792,78.792,210.817,21.464,11.939
Bengaluru,12.9716,77.5946,2024-03-16,2024,3,16,28.079,51.167,34.792,8.683,243.0,176.875,66.125,248.6,23.328,11.951
Bengaluru,12.9716,77.5946,2024-03-17,2024,3,17,27.129,54.417,12.583,10.475,285.708,225.208,60.5,311.717,27.428,11.954
Bengaluru,12.9716,77.5946,2024-03-18,2024,3,18,27.488,46.625,20.375,7.975,289.333,230.458,58.875,315.754,27.776,11.705
Bengaluru,12.9716,77.5946,2024-03-19,2024,3,19,27.275,42.75,19.5,8.242,305.292,251.208,54.083,355.392,29.308,11.957
Bengaluru,12.9716,77.5946,2024-03-20,2024,3,20,27.067,49.042,10.083,8.75,293.667,235.833,57.833,331.933,28.192,11.958
Bengaluru,12.9716,77.5946,2024-03-21,2024,3,21,26.342,56.5,46.042,13.079,264.792,195.0,69.792,261.787,25.42,11.768
Bengaluru,12.9716,77.5946,2024-03-22,2024,3,22,26.792,55.875,28.625,10.283,281.625,220.917,60.708,306.692,27.036,11.96
Bengaluru,12.9716,77.5946,2024-03-23,2024,3,23,27.3,51.25,2.208,10.308,309.792,255.792,54.0,359.025,29.74,11.961
Bengaluru,12.9716,77.5946,2024-03-24,2024,3,24,27.346,42.667,6.833,11.554,314.0,260.083,53.917,368.012,30.144,11.961
Bengaluru,12.9716,77.5946,2024-03-25,2024,3,25,27.254,44.542,4.0,10.838,311.292,257.833,53.458,361.292,29.884,11.962
Bengaluru,12.9716,77.5946,2024-03-26,2024,3,26,27.758,43.875,0.042,11.562,314.375,260.792,53.583,367.025,30.18,11.963
Bengaluru,12.9716,77.5946,2024-03-27,2024,3,27,27.167,42.5,7.75,10.767,319.25,265.667,53.583,374.721,30.648,11.964
Bengaluru,12.9716,77.5946,2024-03-28,2024,3,28,27.721,51.625,1.458,9.2,314.208,260.167,54.042,366.329,30.164,11.965
Bengaluru,12.9716,77.5946,2024-03-29,2024,3,29,28.433,44.917,2.625,11.358,311.375,256.458,54.917,360.321,29.892,11.966
Bengaluru,12.9716,77.5946,2024-03-30,2024,3,30,28.512,40.292,3.042,9.029,315.583,261.667,53.917,367.629,30.296,11.967
Bengaluru,12.9716,77.5946,2024-03-31,2024,3,31,27.383,41.375,6.333,8.154,315.042,260.417,54.625,364.933,30.244,11.968
Bengaluru,12.9716,77.5946,2024-04-01,2024,4,1,28.054,50.542,1.833,6.425,310.708,251.75,58.958,353.25,29.828,11.97
Bengaluru,12.9716,77.5946,2024-04-02,2024,4,2,29.229,45.375,19.167,9.346,308.5,252.167,56.333,354.283,29.616,11.971
Bengaluru,12.9716,77.5946,2024-04-03,2024,4,3,28.875,45.042,6.75,9.8,312.458,255.542,56.917,354.608,29.996,11.972
Bengaluru,12.9716,77.5946,2024-04-04,2024,4,4,29.083,41.917,30.167,9.792,319.0,264.583,54.417,369.721,30.624,11.973
Bengaluru,12.9716,77.5946,2024-04-05,2024,4,5,29.367,37.667,89.208,9.079,316.542,254.25,62.292,351.625,30.388,11.975
Bengaluru,12.9716,77.5946,2024-04-06,2024,4,6,29.45,37.125,77.167,9.496,315.792,254.375,61.417,355.596,30.316,11.976
Bengaluru,12.9716,77.5946,2024-04-07,2024,4,7,29.271,39.042,40.875,9.0,314.125,257.458,56.667,356.329,30.156,11.977
Bengaluru,12.9716,77.5946,2024-04-08,2024,4,8,29.029,39.0,15.083,9.071,318.792,264.0,54.792,367.246,30.604,11.978
Bengaluru,12.9716,77.5946,2024-04-09,2024,4,9,28.342,45.5,51.042,12.308,318.5,263.625,54.875,365.933,30.576,11.979
Bengaluru,12.9716,77.5946,2024-04-10,2024,4,10,28.146,49.75,53.833,12.692,319.5,264.125,55.375,363.662,30.672,11.981
Bengaluru,12.9716,77.5946,2024-04-11,2024,4,11,28.438,49.917,20.167,11.104,318.542,263.625,54.917,365.583,30.58,11.982
Bengaluru,12.9716,77.5946,2024-04-12,2024,4,12,28.175,58.667,41.167,13.25,266.542,200.5,66.042,269.812,25.588,11.984
Bengaluru,12.9716,77.5946,2024-04-13,2024,4,13,28.146,56.75,44.208,12.375,283.0,218.75,64.25,287.542,27.168,11.985
Bengaluru,12.9716,77.5946,2024-04-14,2024,4,14,28.338,47.583,42.792,10.671,311.208,253.333,57.875,344.558,29.876,11.986
Bengaluru,12.9716,77.5946,2024-04-15,2024,4,15,28.625,43.75,69.75,13.025,321.0,265.333,55.667,367.554,30.816,11.988
Bengaluru,12.9716,77.5946,2024-04-16,2024,4,16,28.7,47.625,37.875,9.729,315.0,257.417,57.583,350.45,30.24,11.99
Bengaluru,12.9716,77.5946,2024-04-17,2024,4,17,29.625,38.542,92.208,7.854,302.167,235.208,66.958,319.458,29.008,11.991
Bengaluru,12.9716,77.5946,2024-04-18,2024,4,18,29.892,40.833,75.542,7.267,261.042,198.375,62.667,270.958,25.06,11.993
Bengaluru,12.9716,77.5946,2024-04-19,2024,4,19,29.904,49.875,82.25,6.188,256.417,186.958,69.458,255.0,24.616,11.995
Bengaluru,12.9716,77.5946,2024-04-20,2024,4,20,28.112,60.0,82.083,6.717,239.583,155.042,84.542,220.008,23.0,11.773
Bengaluru,12.9716,77.5946,2024-04-21,2024,4,21,29.671,50.708,40.625,9.496,300.167,237.208,62.958,326.058,28.816,12.0
Bengaluru,12.9716,77.5946,2024-04-22,2024,4,22,29.892,44.042,29.208,6.492,303.667,242.625,61.042,333.562,29.152,12.0
Bengaluru,12.9716,77.5946,2024-04-23,2024,4,23,29.838,37.875,32.333,10.467,318.125,262.958,55.167,364.621,30.54,12.0
Bengaluru,12.9716,77.5946,2024-04-24,2024,4,24,29.558,38.042,12.667,10.938,318.75,263.75,55.0,364.042,30.6,12.001
Bengaluru,12.9716,77.5946,2024-04-25,2024,4,25,29.896,39.125,43.417,10.317,312.167,253.292,58.875,343.562,29.968,12.0
Bengaluru,12.9716,77.5946,2024-04-26,2024,4,26,30.325,41.167,49.917,10.667,318.208,260.292,57.917,360.662,30.548,12.0
Bengaluru,12.9716,77.5946,2024-04-27,2024,4,27,29.996,37.083,16.375,9.962,324.5,270.625,53.875,376.054,31.152,12.057
Bengaluru,12.9716,77.5946,2024-04-28,2024,4,28,30.475,39.75,24.083,10.633,321.083,267.083,54.0,370.346,30.824,12.054
Bengaluru,12.9716,77.5946,2024-04-29,2024,4,29,30.542,42.083,36.583,8.342,316.958,261.5,55.458,362.675,30.428,12.051
Bengaluru,12.9716,77.5946,2024-04-30,2024,4,30,30.779,39.5,27.25,8.263,302.25,243.0,59.25,335.779,29.016,12.047
Bengaluru,12.9716,77.5946,2024-05-01,2024,5,1,30.979,49.25,91.458,7.121,295.625,235.917,59.708,323.283,28.38,12.0
Bengaluru,12.9716,77.5946,2024-05-02,2024,5,2,30.921,52.542,59.083,7.354,269.333,208.167,61.167,293.408,25.856,12.0
Bengaluru,12.9716,77.5946,2024-05-03,2024,5,3,29.238,60.375,94.75,8.712,232.5,159.0,73.5,209.779,22.32,8.619
Bengaluru,12.9716,77.5946,2024-05-04,2024,5,4,29.592,60.208,57.458,8.675,261.708,196.458,65.25,268.713,25.124,12.035
Bengaluru,12.9716,77.5946,2024-05-05,2024,5,5,30.417,47.875,16.292,10.242,291.917,235.875,56.042,322.754,28.024,12.032
Bengaluru,12.9716,77.5946,2024-05-06,2024,5,6,29.588,54.625,25.708,8.15,275.583,213.792,61.792,288.45,26.456,12.03
Bengaluru,12.9716,77.5946,2024-05-07,2024,5,7,28.1,61.625,24.333,6.75,292.125,229.917,62.208,312.9,28.044,12.027
Bengaluru,12.9716,77.5946,2024-05-08,2024,5,8,27.067,66.417,78.75,5.521,254.833,179.875,74.958,247.725,24.464,11.997
Bengaluru,12.9716,77.5946,2024-05-09,2024,5,9,27.075,65.375,58.917,4.663,265.292,202.833,62.458,283.246,25.468,12.091
Bengaluru,12.9716,77.5946,2024-05-10,2024,5,10,26.512,72.375,71.0,7.262,273.0,204.875,68.125,265.471,26.208,11.0
Bengaluru,12.9716,77.5946,2024-05-11,2024,5,11,26.2,75.042,66.833,6.046,273.833,208.5,65.333,280.333,26.288,11.869
Bengaluru,12.9716,77.5946,2024-05-12,2024,5,12,26.612,74.583,77.458,3.121,248.625,171.167,77.458,230.029,23.868,11.538
Bengaluru,12.9716,77.5946,2024-05-13,2024,5,13,25.625,74.333,86.375,5.408,260.833,174.833,86.0,235.408,25.04,11.607
Bengaluru,12.9716,77.5946,2024-05-14,2024,5,14,26.037,71.25,89.583,6.233,253.542,164.5,89.042,218.025,24.34,10.786
Bengaluru,12.9716,77.5946,2024-05-15,2024,5,15,26.829,69.375,84.958,5.35,250.042,165.708,84.333,219.154,24.004,11.216
Bengaluru,12.9716,77.5946,2024-05-16,2024,5,16,26.196,70.208,93.542,6.179,160.792,45.583,115.208,64.283,15.436,4.746
Bengaluru,12.9716,77.5946,2024-05-17,2024,5,17,24.975,81.083,95.625,5.479,192.25,95.25,97.0,132.1,18.456,8.299
Bengaluru,12.9716,77.5946,2024-05-18,2024,5,18,24.979,80.792,99.833,3.371,194.208,96.875,97.333,124.012,18.644,8.167
Bengaluru,12.9716,77.5946,2024-05-19,2024,5,19,24.471,84.958,100.0,3.121,152.125,50.625,101.5,60.488,14.604,5.121
Bengaluru,12.9716,77.5946,2024-05-20,2024,5,20,24.85,82.792,99.75,4.183,103.458,22.458,81.0,35.721,9.932,2.912
Bengaluru,12.9716,77.5946,2024-05-21,2024,5,21,25.012,82.583,100.0,5.788,186.167,86.792,99.375,106.742,17.872,8.29
Bengaluru,12.9716,77.5946,2024-05-22,2024,5,22,26.433,77.083,99.958,8.517,214.75,102.792,111.958,126.258,20.616,8.795
Bengaluru,12.9716,77.5946,2024-05-23,2024,5,23,26.8,76.0,97.458,6.071,234.417,141.5,92.917,183.525,22.504,11.251
Bengaluru,12.9716,77.5946,2024-05-24,2024,5,24,25.871,80.0,98.125,7.429,165.0,71.625,93.375,96.462,15.84,7.501
Bengaluru,12.9716,77.5946,2024-05-25,2024,5,25,24.817,77.333,100.0,14.233,177.958,73.167,104.792,87.604,17.084,7.048
Bengaluru,12.9716,77.5946,2024-05-26,2024,5,26,25.221,70.875,99.958,17.771,238.125,145.25,92.875,186.958,22.856,10.482
Bengaluru,12.9716,77.5946,2024-05-27,2024,5,27,25.646,70.292,99.542,16.508,258.375,175.542,82.833,243.904,24.8,12.002
Bengaluru,12.9716,77.5946,2024-05-28,2024,5,28,25.742,71.333,96.333,15.7,231.0,124.208,106.792,173.296,22.172,11.657
Bengaluru,12.9716,77.5946,2024-05-29,2024,5,29,26.638,70.208,91.0,14.479,239.125,144.167,94.958,191.112,22.952,11.369
Bengaluru,12.9716,77.5946,2024-05-30,2024,5,30,26.767,73.958,52.542,11.192,273.083,201.333,71.75,269.829,26.216,11.785
Bengaluru,12.9716,77.5946,2024-05-31,2024,5,31,27.9,68.583,56.25,12.283,281.667,218.833,62.833,287.858,27.036,11.853
Bengaluru,12.9716,77.5946,2024-06-01,2024,6,1,26.258,78.75,64.958,7.938,264.833,195.25,69.583,264.521,25.42,11.718
Bengaluru,12.9716,77.5946,2024-06-02,2024,6,2,25.467,76.5,97.75,8.275,225.0,139.75,85.25,198.571,21.596,10.683
Bengaluru,12.9716,77.5946,2024-06-03,2024,6,3,24.821,81.292,100.0,7.988,166.625,47.25,119.375,59.246,15.992,5.875
Bengaluru,12.9716,77.5946,2024-06-04,2024,6,4,25.463,79.5,82.833,7.029,233.417,147.333,86.083,187.979,22.408,10.618
Bengaluru,12.9716,77.5946,2024-06-05,2024,6,5,25.196,82.75,90.333,7.95,198.333,93.958,104.375,128.104,19.036,10.209
Bengaluru,12.9716,77.5946,2024-06-06,2024,6,6,24.717,84.292,99.792,7.304,182.917,76.625,106.292,92.612,17.56,7.662
Bengaluru,12.9716,77.5946,2024-06-07,2024,6,7,24.125,83.708,83.542,10.067,170.208,97.083,73.125,118.492,16.34,5.867
Bengaluru,12.9716,77.5946,2024-06-08,2024,6,8,24.679,77.917,98.5,16.467,215.708,116.042,99.667,155.742,20.704,10.449
Bengaluru,12.9716,77.5946,2024-06-09,2024,6,9,24.242,78.333,82.042,18.921,206.458,116.125,90.333,152.95,19.816,10.388
Bengaluru,12.9716,77.5946,2024-06-10,2024,6,10,24.458,78.375,89.667,18.638,201.083,117.083,84.0,144.521,19.3,9.377
Bengaluru,12.9716,77.5946,2024-06-11,2024,6,11,24.017,84.125,99.75,17.2,140.0,37.583,102.417,48.279,13.436,4.062
Bengaluru,12.9716,77.5946,2024-06-12,2024,6,12,24.317,80.5,99.167,15.442,124.458,32.167,92.292,43.167,11.944,3.12
Bengaluru,12.9716,77.5946,2024-06-13,2024,6,13,23.746,82.542,88.458,15.05,197.0,104.833,92.167,141.217,18.908,11.287
Bengaluru,12.9716,77.5946,2024-06-14,2024,6,14,25.021,76.083,89.917,14.242,215.333,131.042,84.292,175.312,20.664,10.941
Bengaluru,12.9716,77.5946,2024-06-15,2024,6,15,25.229,71.583,81.083,12.767,271.417,176.667,94.75,242.671,26.048,11.522
Bengaluru,12.9716,77.5946,2024-06-16,2024,6,16,25.304,74.208,62.5,12.692,230.625,144.958,85.667,219.562,22.132,12.038
Bengaluru,12.9716,77.5946,2024-06-17,2024,6,17,25.512,77.917,75.5,9.846,261.0,176.083,84.917,238.308,25.052,11.395
Bengaluru,12.9716,77.5946,2024-06-18,2024,6,18,24.7,80.5,94.667,11.062,177.958,70.375,107.583,95.375,17.076,9.552
Bengaluru,12.9716,77.5946,2024-06-19,2024,6,19,24.692,82.667,98.042,12.904,183.0,93.333,89.667,114.675,17.564,7.549
Bengaluru,12.9716,77.5946,2024-06-20,2024,6,20,24.208,78.708,89.042,16.175,194.375,105.417,88.958,134.254,18.656,9.218
Bengaluru,12.9716,77.5946,2024-06-21,2024,6,21,24.079,78.875,97.208,16.238,212.417,122.167,90.25,172.129,20.388,11.378
Bengaluru,12.9716,77.5946,2024-06-22,2024,6,22,24.325,79.125,99.625,15.138,200.792,92.708,108.083,120.196,19.272,9.015
Bengaluru,12.9716,77.5946,2024-06-23,2024,6,23,24.383,80.25,86.875,15.808,198.625,117.583,81.042,157.925,19.064,10.772
Bengaluru,12.9716,77.5946,2024-06-24,2024,6,24,24.046,77.75,85.083,18.517,188.792,106.667,82.125,146.013,18.12,10.668
Bengaluru,12.9716,77.5946,2024-06-25,2024,6,25,24.213,81.458,98.542,19.179,166.917,80.208,86.708,93.871,16.02,6.839
Bengaluru,12.9716,77.5946,2024-06-26,2024,6,26,23.633,83.167,99.458,19.708,57.333,3.542,53.792,7.837,5.5,0.155
Bengaluru,12.9716,77.5946,2024-06-27,2024,6,27,23.746,80.75,99.917,20.812,105.583,21.833,83.75,25.467,10.132,1.732
Bengaluru,12.9716,77.5946,2024-06-28,2024,6,28,24.529,78.042,90.583,16.525,192.792,84.208,108.583,115.408,18.496,9.227
Bengaluru,12.9716,77.5946,2024-06-29,2024,6,29,24.883,78.75,98.5,15.562,199.083,93.5,105.583,131.075,19.1,10.02
Bengaluru,12.9716,77.5946,2024-06-30,2024,6,30,24.333,83.208,99.958,13.229,172.708,49.625,123.083,67.413,16.576,7.156
Bengaluru,12.9716,77.5946,2024-07-01,2024,7,1,23.421,86.5,100.0,16.017,140.0,31.375,108.625,37.538,13.436,3.253
Bengaluru,12.9716,77.5946,2024-07-02,2024,7,2,24.679,78.917,97.375,18.521,194.667,73.0,121.667,106.029,18.676,10.446
Bengaluru,12.9716,77.5946,2024-07-03,2024,7,3,24.542,79.167,97.583,15.667,206.792,108.458,98.333,144.304,19.84,10.585
Bengaluru,12.9716,77.5946,2024-07-04,2024,7,4,23.758,83.208,96.792,12.879,120.25,29.292,90.958,39.442,11.54,2.635
Bengaluru,12.9716,77.5946,2024-07-05,2024,7,5,23.888,82.625,97.125,16.104,180.5,83.5,97.0,105.233,17.32,7.761
Bengaluru,12.9716,77.5946,2024-07-06,2024,7,6,23.225,83.458,99.708,17.854,129.458,28.542,100.917,38.871,12.42,2.957
Bengaluru,12.9716,77.5946,2024-07-07,2024,7,7,23.162,82.917,99.458,16.425,133.167,36.417,96.75,48.133,12.772,4.377
Bengaluru,12.9716,77.5946,2024-07-08,2024,7,8,22.133,88.083,99.875,14.962,96.292,25.458,70.833,37.75,9.24,2.775
Bengaluru,12.9716,77.5946,2024-07-09,2024,7,9,23.287,81.667,99.125,15.446,191.292,88.75,102.542,112.092,18.356,7.769
Bengaluru,12.9716,77.5946,2024-07-10,2024,7,10,24.15,79.875,90.875,12.675,234.917,141.917,93.0,190.042,22.544,11.641
Bengaluru,12.9716,77.5946,2024-07-11,2024,7,11,23.954,83.167,98.792,13.075,169.292,59.0,110.292,77.746,16.244,7.029
Bengaluru,12.9716,77.5946,2024-07-12,2024,7,12,23.954,84.208,95.75,14.175,202.583,120.75,81.833,147.3,19.444,8.636
Bengaluru,12.9716,77.5946,2024-07-13,2024,7,13,23.842,82.125,97.5,19.35,160.958,63.458,97.5,80.679,15.444,6.663
Bengaluru,12.9716,77.5946,2024-07-14,2024,7,14,23.25,84.375,100.0,21.121,114.667,24.667,90.0,31.542,11.004,2.442
Bengaluru,12.9716,77.5946,2024-07-15,2024,7,15,22.279,89.833,100.0,18.129,44.333,0.625,43.708,1.463,4.252,0.0
Bengaluru,12.9716,77.5946,2024-07-16,2024,7,16,22.675,86.667,99.125,20.812,85.083,11.292,73.792,15.283,8.16,0.189
Bengaluru,12.9716,77.5946,2024-07-17,2024,7,17,23.575,83.75,99.292,20.262,133.375,49.333,84.042,71.342,12.8,6.703
Bengaluru,12.9716,77.5946,2024-07-18,2024,7,18,22.404,87.958,100.0,20.933,73.75,10.917,62.833,15.096,7.076,0.275
Bengaluru,12.9716,77.5946,2024-07-19,2024,7,19,22.037,88.875,99.958,22.592,72.042,7.833,64.208,9.338,6.912,0.078
Bengaluru,12.9716,77.5946,2024-07-20,2024,7,20,23.383,80.167,100.0,23.358,96.167,6.292,89.875,8.45,9.224,0.0
Bengaluru,12.9716,77.5946,2024-07-21,2024,7,21,24.071,77.333,99.708,23.642,165.583,59.458,106.125,76.512,15.888,6.548
Bengaluru,12.9716,77.5946,2024-07-22,2024,7,22,23.875,76.125,99.583,22.733,184.5,74.25,110.25,96.083,17.704,7.728
Bengaluru,12.9716,77.5946,2024-07-23,2024,7,23,23.979,78.625,99.583,21.146,159.542,58.625,100.917,79.246,15.308,6.144
Bengaluru,12.9716,77.5946,2024-07-24,2024,7,24,23.267,80.417,99.917,20.671,149.958,37.833,112.125,50.746,14.388,4.316
Bengaluru,12.9716,77.5946,2024-07-25,2024,7,25,23.025,84.583,99.75,20.362,136.625,51.042,85.583,65.204,13.108,5.485
Bengaluru,12.9716,77.5946,2024-07-26,2024,7,26,23.412,82.833,99.458,22.117,145.667,40.792,104.875,59.358,13.976,5.483
Bengaluru,12.9716,77.5946,2024-07-27,2024,7,27,24.138,74.5,99.708,24.562,213.0,106.583,106.417,142.571,20.44,10.265
Bengaluru,12.9716,77.5946,2024-07-28,2024,7,28,23.992,75.0,97.125,23.592,160.458,52.292,108.167,79.808,15.396,7.61
Bengaluru,12.9716,77.5946,2024-07-29,2024,7,29,24.2,80.167,99.167,20.392,175.292,79.0,96.292,100.788,16.82,8.513
Bengaluru,12.9716,77.5946,2024-07-30,2024,7,30,23.654,82.625,98.25,15.321,109.083,24.792,84.292,32.642,10.468,2.045
Bengaluru,12.9716,77.5946,2024-07-31,2024,7,31,23.692,82.792,94.583,16.125,133.458,58.583,74.875,79.792,12.808,5.983
Bengaluru,12.9716,77.5946,2024-08-01,2024,8,1,23.483,84.125,100.0,14.983,134.458,41.208,93.25,52.188,12.904,4.467
Bengaluru,12.9716,77.5946,2024-08-02,2024,8,2,23.208,83.875,100.0,16.233,121.708,30.417,91.292,38.704,11.68,3.301
Bengaluru,12.9716,77.5946,2024-08-03,2024,8,3,23.292,82.833,100.0,14.304,138.375,32.125,106.25,42.654,13.28,3.395
Bengaluru,12.9716,77.5946,2024-08-04,2024,8,4,23.892,79.917,94.667,13.796,192.708,88.458,104.25,122.288,18.496,9.698
Bengaluru,12.9716,77.5946,2024-08-05,2024,8,5,23.667,83.083,99.083,9.296,195.542,85.542,110.0,108.992,18.768,9.225
Bengaluru,12.9716,77.5946,2024-08-06,2024,8,6,23.317,85.417,100.0,10.312,163.167,52.042,111.125,67.05,15.66,6.705
Bengaluru,12.9716,77.5946,2024-08-07,2024,8,7,22.45,89.625,99.958,11.154,135.875,28.542,107.333,34.379,13.04,3.068
Bengaluru,12.9716,77.5946,2024-08-08,2024,8,8,23.05,86.25,99.333,11.454,112.042,35.792,76.25,59.879,10.752,5.534
Bengaluru,12.9716,77.5946,2024-08-09,2024,8,9,23.792,83.5,94.542,10.425,161.5,68.875,92.625,87.192,15.5,6.799
Bengaluru,12.9716,77.5946,2024-08-10,2024,8,10,24.379,81.625,93.5,8.675,187.417,97.792,89.625,132.021,17.988,10.194
Bengaluru,12.9716,77.5946,2024-08-11,2024,8,11,24.775,81.667,84.333,8.875,190.042,89.292,100.75,122.362,18.244,9.732
Bengaluru,12.9716,77.5946,2024-08-12,2024,8,12,24.792,81.583,94.667,7.254,207.75,100.292,107.458,147.104,19.94,10.264
Bengaluru,12.9716,77.5946,2024-08-13,2024,8,13,25.287,81.833,67.0,4.15,208.083,131.667,76.417,167.562,19.972,10.266
Bengaluru,12.9716,77.5946,2024-08-14,2024,8,14,25.925,79.208,50.208,4.825,243.333,170.583,72.75,235.138,23.356,11.947
Bengaluru,12.9716,77.5946,2024-08-15,2024,8,15,25.429,81.708,97.083,3.846,195.333,115.917,79.417,146.592,18.752,9.577
Bengaluru,12.9716,77.5946,2024-08-16,2024,8,16,25.488,83.208,97.0,4.321,201.875,113.667,88.208,136.196,19.38,7.761
Bengaluru,12.9716,77.5946,2024-08-17,2024,8,17,25.463,81.583,98.417,5.692,199.917,100.583,99.333,140.604,19.192,10.734
Bengaluru,12.9716,77.5946,2024-08-18,2024,8,18,25.383,79.5,79.583,5.087,212.833,104.792,108.042,148.471,20.432,11.921
Bengaluru,12.9716,77.5946,2024-08-19,2024,8,19,24.963,85.25,98.25,5.4,181.042,94.25,86.792,118.129,17.38,7.328
Bengaluru,12.9716,77.5946,2024-08-20,2024,8,20,25.162,82.042,91.25,6.246,229.417,142.792,86.625,181.246,22.024,10.582
Bengaluru,12.9716,77.5946,2024-08-21,2024,8,21,24.908,80.792,76.333,10.812,232.125,146.083,86.042,187.133,22.284,10.641
Bengaluru,12.9716,77.5946,2024-08-22,2024,8,22,24.571,76.917,88.625,16.021,169.0,74.542,94.458,99.4,16.224,9.417
Bengaluru,12.9716,77.5946,2024-08-23,2024,8,23,24.579,78.625,98.167,12.679,211.0,102.125,108.875,148.975,20.256,11.13
Bengaluru,12.9716,77.5946,2024-08-24,2024,8,24,24.1,79.167,99.583,18.967,176.042,69.583,106.458,86.929,16.9,6.118
Bengaluru,12.9716,77.5946,2024-08-25,2024,8,25,23.854,78.0,96.583,18.75,150.75,38.75,112.0,59.583,14.472,5.042
Bengaluru,12.9716,77.5946,2024-08-26,2024,8,26,24.233,76.0,78.792,18.921,193.292,99.458,93.833,149.192,18.556,11.742
Bengaluru,12.9716,77.5946,2024-08-27,2024,8,27,24.025,78.792,96.458,15.783,176.333,81.833,94.5,110.917,16.928,9.883
Bengaluru,12.9716,77.5946,2024-08-28,2024,8,28,23.092,83.875,97.667,14.192,159.75,66.875,92.875,82.104,15.336,5.947
Bengaluru,12.9716,77.5946,2024-08-29,2024,8,29,22.679,86.75,99.875,14.554,128.792,36.792,92.0,44.3,12.364,3.238
Bengaluru,12.9716,77.5946,2024-08-30,2024,8,30,22.825,86.708,99.833,15.212,136.417,37.792,98.625,46.758,13.096,4.852
Bengaluru,12.9716,77.5946,2024-08-31,2024,8,31,22.725,86.583,100.0,17.408,95.583,5.208,90.375,6.638,9.176,0.0
Bengaluru,12.9716,77.5946,2024-09-01,2024,9,1,23.612,83.75,96.667,16.992,168.292,75.417,92.875,92.029,16.156,6.13
Bengaluru,12.9716,77.5946,2024-09-02,2024,9,2,23.729,84.583,75.083,13.567,195.083,117.083,78.0,157.0,18.728,10.293
Bengaluru,12.9716,77.5946,2024-09-03,2024,9,3,23.921,81.083,94.167,15.879,193.792,108.333,85.458,146.175,18.444,10.586
Bengaluru,12.9716,77.5946,2024-09-04,2024,9,4,23.996,78.875,98.125,16.421,180.625,65.542,115.083,94.567,17.188,8.702
Bengaluru,12.9716,77.5946,2024-09-05,2024,9,5,24.646,77.583,94.792,15.925,182.292,84.5,97.792,113.275,17.4,9.553
Bengaluru,12.9716,77.5946,2024-09-06,2024,9,6,23.992,79.667,99.083,15.538,169.25,59.208,110.042,78.8,16.136,7.179
Bengaluru,12.9716,77.5946,2024-09-07,2024,9,7,23.912,81.375,96.208,14.138,172.375,79.917,92.458,105.621,16.408,9.332
Bengaluru,12.9716,77.5946,2024-09-08,2024,9,8,23.15,85.25,99.875,16.617,146.375,38.167,108.208,56.358,13.912,4.881
Bengaluru,12.9716,77.5946,2024-09-09,2024,9,9,23.775,82.5,99.667,17.175,133.125,38.917,94.208,58.542,12.668,4.957
Bengaluru,12.9716,77.5946,2024-09-10,2024,9,10,24.329,77.25,95.958,19.317,213.542,138.333,75.208,190.662,20.328,11.312
Bengaluru,12.9716,77.5946,2024-09-11,2024,9,11,23.917,77.083,91.375,16.471,199.0,90.417,108.583,125.6,18.952,10.268
Bengaluru,12.9716,77.5946,2024-09-12,2024,9,12,24.154,76.792,79.708,13.821,205.958,105.917,100.042,163.5,19.648,11.472
Bengaluru,12.9716,77.5946,2024-09-13,2024,9,13,24.096,75.833,99.625,12.167,217.958,108.333,109.625,153.192,20.768,11.613
Bengaluru,12.9716,77.5946,2024-09-14,2024,9,14,24.046,74.792,99.458,12.258,198.5,91.292,107.208,122.154,18.928,10.081
Bengaluru,12.9716,77.5946,2024-09-15,2024,9,15,23.829,76.625,97.667,12.696,215.708,128.25,87.458,181.954,20.58,11.457
Bengaluru,12.9716,77.5946,2024-09-16,2024,9,16,23.625,78.0,86.667,13.529,226.833,132.583,94.25,192.708,21.672,11.266
Bengaluru,12.9716,77.5946,2024-09-17,2024,9,17,24.229,75.708,36.333,13.446,226.708,145.75,80.958,207.888,21.616,11.768
Bengaluru,12.9716,77.5946,2024-09-18,2024,9,18,23.713,71.0,14.0,10.408,300.5,243.583,56.917,341.354,28.684,11.756
Bengaluru,12.9716,77.5946,2024-09-19,2024,9,19,23.8,73.458,31.583,7.837,252.833,192.292,60.542,273.567,24.144,11.677
Bengaluru,12.9716,77.5946,2024-09-20,2024,9,20,24.367,73.458,62.167,9.775,266.917,188.625,78.292,255.175,25.524,11.289
Bengaluru,12.9716,77.5946,2024-09-21,2024,9,21,24.275,76.333,88.083,12.1,183.625,81.958,101.667,110.462,17.568,8.943
Bengaluru,12.9716,77.5946,2024-09-22,2024,9,22,23.858,76.708,77.708,11.975,147.25,45.167,102.083,67.296,14.08,5.614
Bengaluru,12.9716,77.5946,2024-09-23,2024,9,23,24.021,79.833,86.583,13.108,173.125,83.375,89.75,135.317,16.536,9.722
Bengaluru,12.9716,77.5946,2024-09-24,2024,9,24,23.571,83.708,98.292,16.158,143.25,44.25,99.0,59.721,13.7,5.668
Bengaluru,12.9716,77.5946,2024-09-25,2024,9,25,23.812,79.458,99.458,15.9,195.375,82.958,112.417,117.596,18.684,9.748
Bengaluru,12.9716,77.5946,2024-09-26,2024,9,26,23.604,80.292,97.875,13.092,159.292,53.542,105.75,80.162,15.22,6.958
Bengaluru,12.9716,77.5946,2024-09-27,2024,9,27,23.846,79.5,93.875,10.683,193.125,99.333,93.792,149.279,18.456,10.201
Bengaluru,12.9716,77.5946,2024-09-28,2024,9,28,24.642,78.583,70.125,4.179,231.458,160.792,70.667,220.079,22.172,10.32
Bengaluru,12.9716,77.5946,2024-09-29,2024,9,29,24.796,79.167,52.292,6.788,213.667,142.667,71.0,201.579,20.44,11.146
Bengaluru,12.9716,77.5946,2024-09-30,2024,9,30,25.463,75.042,36.708,6.762,236.0,170.917,65.083,242.263,22.58,11.217
Bengaluru,12.9716,77.5946,2024-10-01,2024,10,1,25.725,75.333,35.75,5.062,243.167,181.792,61.375,261.025,23.256,11.223
Bengaluru,12.9716,77.5946,2024-10-02,2024,10,2,25.604,76.542,52.667,5.842,264.917,202.917,62.0,288.625,25.352,11.229
Bengaluru,12.9716,77.5946,2024-10-03,2024,10,3,23.858,82.75,95.208,8.925,166.25,47.333,118.917,71.238,15.888,6.62
Bengaluru,12.9716,77.5946,2024-10-04,2024,10,4,24.121,83.583,98.625,7.983,189.625,89.625,100.0,116.042,18.164,8.597
Bengaluru,12.9716,77.5946,2024-10-05,2024,10,5,23.25,86.583,99.792,8.2,108.042,28.25,79.792,37.246,10.332,3.819
Bengaluru,12.9716,77.5946,2024-10-06,2024,10,6,23.983,82.125,99.375,5.475,149.917,61.208,88.708,91.0,14.34,8.788
Bengaluru,12.9716,77.5946,2024-10-07,2024,10,7,24.121,79.0,75.042,8.142,238.292,170.417,67.875,232.104,22.824,10.273
Bengaluru,12.9716,77.5946,2024-10-08,2024,10,8,24.271,83.75,91.792,7.225,223.292,138.625,84.667,186.296,21.408,9.522
Bengaluru,12.9716,77.5946,2024-10-09,2024,10,9,24.458,80.792,85.0,8.929,204.708,126.625,78.083,180.308,19.604,10.829
Bengaluru,12.9716,77.5946,2024-10-10,2024,10,10,24.179,82.833,98.292,6.379,196.042,111.083,84.958,146.138,18.792,9.202
Bengaluru,12.9716,77.5946,2024-10-11,2024,10,11,24.1,83.958,94.042,6.512,168.375,90.333,78.042,126.362,16.136,9.335
Bengaluru,12.9716,77.5946,2024-10-12,2024,10,12,23.879,84.208,95.208,8.354,162.667,78.375,84.292,106.604,15.58,7.177
Bengaluru,12.9716,77.5946,2024-10-13,2024,10,13,24.246,82.125,84.083,9.492,202.917,128.042,74.875,183.812,19.436,10.607
Bengaluru,12.9716,77.5946,2024-10-14,2024,10,14,22.317,90.25,99.875,6.379,74.292,5.333,68.958,7.071,7.12,0.0
Bengaluru,12.9716,77.5946,2024-10-15,2024,10,15,21.629,93.833,100.0,7.242,70.5,6.0,64.5,8.154,6.76,0.13
Bengaluru,12.9716,77.5946,2024-10-16,2024,10,16,21.512,92.667,100.0,5.192,74.375,15.042,59.333,23.4,7.12,0.812
Bengaluru,12.9716,77.5946,2024-10-17,2024,10,17,23.067,86.25,98.0,7.996,137.0,52.125,84.875,82.7,13.124,7.654
Bengaluru,12.9716,77.5946,2024-10-18,2024,10,18,23.771,82.833,97.083,5.854,171.917,91.875,80.042,126.942,16.476,9.139
Bengaluru,12.9716,77.5946,2024-10-19,2024,10,19,22.804,90.75,98.167,4.517,91.75,12.083,79.667,18.617,8.792,0.372
Bengaluru,12.9716,77.5946,2024-10-20,2024,10,20,23.812,85.542,81.292,3.6,189.625,110.958,78.667,151.296,18.192,9.18
Bengaluru,12.9716,77.5946,2024-10-21,2024,10,21,24.071,85.0,87.917,4.996,165.917,90.25,75.667,122.554,15.912,8.198
Bengaluru,12.9716,77.5946,2024-10-22,2024,10,22,23.325,85.167,82.958,3.167,170.417,98.583,71.833,140.688,16.352,8.939
Bengaluru,12.9716,77.5946,2024-10-23,2024,10,23,23.883,83.542,86.875,3.308,188.542,118.792,69.75,182.233,18.08,11.0
Bengaluru,12.9716,77.5946,2024-10-24,2024,10,24,22.7,89.0,98.042,4.688,85.083,28.583,56.5,42.196,8.148,3.175
Bengaluru,12.9716,77.5946,2024-10-25,2024,10,25,23.504,79.25,85.333,6.404,227.792,156.042,71.75,236.046,21.836,11.0
Bengaluru,12.9716,77.5946,2024-10-26,2024,10,26,23.204,75.333,34.75,7.721,235.667,175.708,59.958,278.95,22.6,11.0
Bengaluru,12.9716,77.5946,2024-10-27,2024,10,27,22.921,75.833,15.5,7.396,229.542,167.125,62.417,259.208,22.012,11.0
Bengaluru,12.9716,77.5946,2024-10-28,2024,10,28,23.671,76.5,19.708,5.354,226.375,166.958,59.417,257.075,21.708,11.0
Bengaluru,12.9716,77.5946,2024-10-29,2024,10,29,24.029,77.542,20.125,5.521,211.917,156.75,55.167,245.513,20.324,11.0
Bengaluru,12.9716,77.5946,2024-10-30,2024,10,30,23.767,79.375,21.75,3.617,201.667,143.292,58.375,225.779,19.336,11.0
Bengaluru,12.9716,77.5946,2024-10-31,2024,10,31,24.079,81.667,38.458,4.579,213.792,155.375,58.417,239.396,20.516,11.0
Bengaluru,12.9716,77.5946,2024-11-01,2024,11,1,23.992,83.333,57.917,4.538,158.083,84.5,73.583,124.862,15.16,8.669
Bengaluru,12.9716,77.5946,2024-11-02,2024,11,2,23.833,81.917,62.0,7.017,192.583,126.625,65.958,187.025,18.472,10.23
Bengaluru,12.9716,77.5946,2024-11-03,2024,11,3,23.8,78.625,46.0,7.962,200.625,139.458,61.167,217.912,19.24,11.0
Bengaluru,12.9716,77.5946,2024-11-04,2024,11,4,23.45,80.417,64.458,8.717,199.375,135.708,63.667,206.412,19.124,11.0
Bengaluru,12.9716,77.5946,2024-11-05,2024,11,5,23.229,76.625,54.417,7.583,201.917,130.125,71.792,197.454,19.372,10.408
Bengaluru,12.9716,77.5946,2024-11-06,2024,11,6,23.325,72.708,42.042,7.354,228.708,174.667,54.042,252.896,21.952,8.049
Bengaluru,12.9716,77.5946,2024-11-07,2024,11,7,23.287,78.0,54.333,10.008,159.833,87.042,72.792,144.308,15.332,8.208
Bengaluru,12.9716,77.5946,2024-11-08,2024,11,8,23.9,73.708,57.5,9.396,239.0,185.292,53.708,276.112,22.932,10.549
Bengaluru,12.9716,77.5946,2024-11-09,2024,11,9,23.483,71.542,99.167,9.562,233.875,150.542,83.333,221.383,22.436,9.998
Bengaluru,12.9716,77.5946,2024-11-10,2024,11,10,23.117,72.958,52.417,8.833,216.083,151.583,64.5,241.642,20.732,11.0
Bengaluru,12.9716,77.5946,2024-11-11,2024,11,11,23.121,71.125,44.958,9.125,234.917,180.167,54.75,282.938,22.54,11.0
Bengaluru,12.9716,77.5946,2024-11-12,2024,11,12,22.796,77.958,99.875,10.375,78.042,11.25,66.792,19.704,7.488,0.412
Bengaluru,12.9716,77.5946,2024-11-13,2024,11,13,22.95,87.792,100.0,11.571,113.25,35.708,77.542,47.521,10.868,4.162
Bengaluru,12.9716,77.5946,2024-11-14,2024,11,14,22.679,86.625,94.417,10.775,127.708,56.458,71.25,85.35,12.252,6.683
Bengaluru,12.9716,77.5946,2024-11-15,2024,11,15,22.729,86.667,96.958,9.704,121.125,35.208,85.917,56.546,11.62,5.167
Bengaluru,12.9716,77.5946,2024-11-16,2024,11,16,22.933,85.708,91.167,11.754,146.208,74.333,71.875,123.012,14.028,9.0
Bengaluru,12.9716,77.5946,2024-11-17,2024,11,17,22.925,83.125,59.75,11.158,171.917,103.375,68.542,164.246,16.492,9.941
Bengaluru,12.9716,77.5946,2024-11-18,2024,11,18,22.738,80.167,67.208,10.867,157.542,67.333,90.208,111.842,15.112,8.772
Bengaluru,12.9716,77.5946,2024-11-19,2024,11,19,22.658,78.0,82.125,8.933,161.708,75.958,85.75,130.004,15.512,9.617
Bengaluru,12.9716,77.5946,2024-11-20,2024,11,20,22.233,76.958,98.875,8.279,234.0,174.458,59.542,266.304,22.452,10.943
Bengaluru,12.9716,77.5946,2024-11-21,2024,11,21,21.942,78.458,70.875,7.229,204.458,133.25,71.208,186.296,19.616,7.644
Bengaluru,12.9716,77.5946,2024-11-22,2024,11,22,21.708,73.958,33.292,8.208,252.333,206.25,46.083,335.708,24.208,11.0
Bengaluru,12.9716,77.5946,2024-11-23,2024,11,23,21.567,75.542,84.875,6.654,246.875,194.75,52.125,311.008,23.684,11.0
Bengaluru,12.9716,77.5946,2024-11-24,2024,11,24,22.433,77.792,96.208,6.508,215.0,143.75,71.25,213.771,20.628,9.279
Bengaluru,12.9716,77.5946,2024-11-25,2024,11,25,21.667,75.625,99.917,9.021,192.208,85.708,106.5,127.667,18.44,8.818
Bengaluru,12.9716,77.5946,2024-11-26,2024,11,26,20.963,80.208,99.958,13.521,119.25,39.167,80.083,54.75,11.44,4.12
Bengaluru,12.9716,77.5946,2024-11-27,2024,11,27,20.967,79.5,100.0,13.217,118.833,34.25,84.583,55.854,11.4,3.804
Bengaluru,12.9716,77.5946,2024-11-28,2024,11,28,20.908,65.583,99.792,13.004,198.542,113.458,85.083,178.104,19.044,9.854
Bengaluru,12.9716,77.5946,2024-11-29,2024,11,29,21.033,69.708,100.0,13.654,142.875,63.5,79.375,99.304,13.708,8.666
Bengaluru,12.9716,77.5946,2024-11-30,2024,11,30,21.25,83.208,100.0,16.042,58.833,2.458,56.375,3.383,5.644,0.0
Bengaluru,12.9716,77.5946,2024-12-01,2024,12,1,21.3,90.25,100.0,17.438,50.167,2.083,48.083,2.812,4.812,0.0
Bengaluru,12.9716,77.5946,2024-12-02,2024,12,2,21.108,96.458,99.958,13.875,22.583,0.333,22.25,0.442,2.164,0.0
Bengaluru,12.9716,77.5946,2024-12-03,2024,12,3,22.292,91.5,88.875,10.5,104.333,48.958,55.375,74.962,10.004,6.329
Bengaluru,12.9716,77.5946,2024-12-04,2024,12,4,22.671,82.375,88.792,11.479,171.375,98.208,73.167,160.254,16.44,9.916
Bengaluru,12.9716,77.5946,2024-12-05,2024,12,5,23.475,81.417,66.625,8.775,169.083,111.125,57.958,182.612,16.22,10.186
Bengaluru,12.9716,77.5946,2024-12-06,2024,12,6,23.829,76.0,55.583,7.75,222.792,169.708,53.083,265.021,21.368,10.173
Bengaluru,12.9716,77.5946,2024-12-07,2024,12,7,23.354,80.667,52.833,6.671,214.5,165.375,49.125,266.246,20.576,10.94
Bengaluru,12.9716,77.5946,2024-12-08,2024,12,8,23.529,76.292,69.958,7.05,208.542,152.083,56.458,252.142,20.0,10.616
Bengaluru,12.9716,77.5946,2024-12-09,2024,12,9,23.188,75.0,87.083,5.567,220.042,170.667,49.375,281.954,21.104,10.921
Bengaluru,12.9716,77.5946,2024-12-10,2024,12,10,22.817,76.75,90.0,8.633,197.125,131.042,66.083,209.838,18.9,10.699
Bengaluru,12.9716,77.5946,2024-12-11,2024,12,11,22.338,77.708,97.375,12.571,131.417,35.958,95.458,57.725,12.604,5.873
Bengaluru,12.9716,77.5946,2024-12-12,2024,12,12,20.975,92.917,100.0,13.454,37.375,1.333,36.042,2.325,3.584,0.0
Bengaluru,12.9716,77.5946,2024-12-13,2024,12,13,21.879,83.958,99.875,14.458,95.125,20.333,74.792,30.667,9.12,2.521
Bengaluru,12.9716,77.5946,2024-12-14,2024,12,14,21.646,80.875,45.333,12.108,220.542,169.25,51.292,274.683,21.148,10.792
Bengaluru,12.9716,77.5946,2024-12-15,2024,12,15,20.088,79.5,65.167,10.342,232.0,179.833,52.167,303.392,22.24,10.866
Bengaluru,12.9716,77.5946,2024-12-16,2024,12,16,20.004,74.667,74.917,8.667,243.042,190.792,52.25,309.204,23.3,10.024
Bengaluru,12.9716,77.5946,2024-12-17,2024,12,17,20.725,75.708,81.583,7.612,233.625,184.583,49.042,305.204,22.404,10.849
Bengaluru,12.9716,77.5946,2024-12-18,2024,12,18,21.842,83.333,75.833,9.767,142.375,79.875,62.5,138.162,13.648,9.089
Bengaluru,12.9716,77.5946,2024-12-19,2024,12,19,22.85,79.375,86.375,7.808,178.958,114.583,64.375,190.575,17.16,8.86
Bengaluru,12.9716,77.5946,2024-12-20,2024,12,20,23.229,80.167,65.625,7.946,165.958,90.25,75.708,172.929,15.904,10.409
Bengaluru,12.9716,77.5946,2024-12-21,2024,12,21,23.15,76.583,64.667,4.717,206.125,130.0,76.125,225.971,19.752,10.822
Bengaluru,12.9716,77.5946,2024-12-22,2024,12,22,22.271,78.375,48.0,4.775,189.75,123.5,66.25,197.017,18.184,9.185
Bengaluru,12.9716,77.5946,2024-12-23,2024,12,23,22.362,79.333,57.708,7.788,148.833,87.958,60.875,134.608,14.264,7.402
Bengaluru,12.9716,77.5946,2024-12-24,2024,12,24,22.071,75.042,24.708,5.413,198.458,133.583,64.875,227.55,19.02,10.793
Bengaluru,12.9716,77.5946,2024-12-25,2024,12,25,21.504,83.25,61.5,8.021,136.75,67.958,68.792,118.196,13.108,6.027
Bengaluru,12.9716,77.5946,2024-12-26,2024,12,26,22.012,86.375,79.375,12.538,104.167,44.042,60.125,74.104,9.972,7.274
Bengaluru,12.9716,77.5946,2024-12-27,2024,12,27,21.454,88.833,87.208,13.379,72.333,23.458,48.875,38.471,6.924,2.115
Bengaluru,12.9716,77.5946,2024-12-28,2024,12,28,21.496,78.292,48.333,11.296,217.333,161.458,55.875,263.6,20.812,10.386
Bengaluru,12.9716,77.5946,2024-12-29,2024,12,29,21.912,75.083,62.667,10.179,240.25,195.458,44.792,324.075,23.008,10.673
Bengaluru,12.9716,77.5946,2024-12-30,2024,12,30,21.692,78.667,73.833,12.554,156.5,86.458,70.042,159.013,14.976,8.955
Bengaluru,12.9716,77.5946,2024-12-31,2024,12,31,21.992,65.958,56.5,12.258,240.375,195.083,45.292,328.367,23.012,10.986
Bengaluru,12.9716,77.5946,2025-01-01,2025,1,1,21.213,72.125,30.333,12.042,244.0,198.292,45.708,335.612,23.36,10.831
Bengaluru,12.9716,77.5946,2025-01-02,2025,1,2,20.713,72.958,74.75,10.75,242.083,188.708,53.375,318.779,23.168,10.963
Bengaluru,12.9716,77.5946,2025-01-03,2025,1,3,20.379,71.333,55.625,11.196,242.417,190.542,51.875,311.25,23.196,10.303
Bengaluru,12.9716,77.5946,2025-01-04,2025,1,4,19.213,73.083,33.625,9.033,250.292,205.125,45.167,340.421,23.948,10.873
Bengaluru,12.9716,77.5946,2025-01-05,2025,1,5,19.846,73.458,31.583,7.667,245.417,198.0,47.417,326.908,23.476,11.145
Bengaluru,12.9716,77.5946,2025-01-06,2025,1,6,20.079,75.458,24.542,6.638,237.208,185.167,52.042,290.892,22.684,9.387
Bengaluru,12.9716,77.5946,2025-01-07,2025,1,7,20.554,72.375,7.0,6.8,248.25,204.375,43.875,343.942,23.744,11.126
Bengaluru,12.9716,77.5946,2025-01-08,2025,1,8,20.713,65.167,19.542,9.046,251.542,208.0,43.542,347.675,24.052,11.259
Bengaluru,12.9716,77.5946,2025-01-09,2025,1,9,19.812,71.958,32.375,12.796,247.458,201.875,45.583,335.375,23.688,10.822
Bengaluru,12.9716,77.5946,2025-01-10,2025,1,10,20.412,79.75,46.583,11.596,199.042,123.542,75.5,213.388,19.02,10.784
Bengaluru,12.9716,77.5946,2025-01-11,2025,1,11,21.5,79.125,87.708,9.483,142.583,53.375,89.208,87.438,13.648,6.828
Bengaluru,12.9716,77.5946,2025-01-12,2025,1,12,22.05,76.375,87.5,9.288,215.917,159.667,56.25,240.138,20.652,9.685
Bengaluru,12.9716,77.5946,2025-01-13,2025,1,13,22.321,79.417,92.167,12.446,127.75,42.5,85.25,73.362,12.216,6.065
Bengaluru,12.9716,77.5946,2025-01-14,2025,1,14,21.9,80.0,81.792,13.596,155.667,83.833,71.833,128.496,14.856,9.406
Bengaluru,12.9716,77.5946,2025-01-15,2025,1,15,21.112,72.375,79.125,12.108,174.625,86.167,88.458,151.304,16.668,10.684
Bengaluru,12.9716,77.5946,2025-01-16,2025,1,16,21.146,70.417,19.833,12.317,248.792,203.417,45.375,333.792,23.768,11.316
Bengaluru,12.9716,77.5946,2025-01-17,2025,1,17,20.979,74.333,43.625,12.608,239.042,187.833,51.208,295.742,22.828,10.689
Bengaluru,12.9716,77.5946,2025-01-18,2025,1,18,21.4,69.833,95.625,11.962,239.833,190.25,49.583,284.175,22.968,9.318
Bengaluru,12.9716,77.5946,2025-01-19,2025,1,19,20.8,80.625,96.5,10.175,100.958,31.833,69.125,56.442,9.64,5.16
Bengaluru,12.9716,77.5946,2025-01-20,2025,1,20,21.892,69.75,69.208,8.929,253.25,206.958,46.292,337.583,24.172,11.28
Bengaluru,12.9716,77.5946,2025-01-21,2025,1,21,20.592,61.958,27.333,9.812,258.667,210.875,47.792,344.321,24.692,11.366
Bengaluru,12.9716,77.5946,2025-01-22,2025,1,22,21.075,66.75,4.792,9.058,256.0,211.875,44.125,345.275,24.436,11.374
Bengaluru,12.9716,77.5946,2025-01-23,2025,1,23,22.304,68.458,80.0,9.842,250.125,194.792,55.333,298.121,23.88,10.709
Bengaluru,12.9716,77.5946,2025-01-24,2025,1,24,21.175,70.667,28.167,9.763,261.458,214.917,46.542,337.504,24.94,10.89
Bengaluru,12.9716,77.5946,2025-01-25,2025,1,25,20.896,66.417,53.708,9.483,266.0,218.375,47.625,346.421,25.368,11.176
Bengaluru,12.9716,77.5946,2025-01-26,2025,1,26,21.454,55.083,81.625,10.879,275.125,228.208,46.917,369.217,26.24,11.407
Bengaluru,12.9716,77.5946,2025-01-27,2025,1,27,20.917,60.875,22.625,8.263,270.625,225.292,45.333,365.2,25.804,11.415
Bengaluru,12.9716,77.5946,2025-01-28,2025,1,28,20.879,61.625,73.833,7.483,270.958,222.417,48.542,354.633,25.836,11.424
Bengaluru,12.9716,77.5946,2025-01-29,2025,1,29,21.667,64.583,42.208,10.542,265.583,213.75,51.833,329.054,25.316,10.853
Bengaluru,12.9716,77.5946,2025-01-30,2025,1,30,21.692,74.542,57.542,7.5,254.042,198.042,56.0,300.383,24.216,11.135
Bengaluru,12.9716,77.5946,2025-01-31,2025,1,31,23.733,69.25,52.333,8.362,264.0,215.0,49.0,335.275,25.172,11.209
Bengaluru,12.9716,77.5946,2025-02-01,2025,2,1,23.796,65.667,37.708,7.917,251.083,193.875,57.208,295.108,23.916,10.222
Bengaluru,12.9716,77.5946,2025-02-02,2025,2,2,23.317,57.875,46.458,8.312,271.542,222.75,48.792,344.154,25.864,11.08
Bengaluru,12.9716,77.5946,2025-02-03,2025,2,3,22.558,55.917,36.875,8.338,276.708,229.125,47.583,360.208,26.36,11.48
Bengaluru,12.9716,77.5946,2025-02-04,2025,2,4,22.717,49.542,88.583,9.1,274.625,227.167,47.458,359.629,26.16,11.49
Bengaluru,12.9716,77.5946,2025-02-05,2025,2,5,23.371,49.875,51.667,12.071,273.792,227.083,46.708,357.383,26.076,11.501
Bengaluru,12.9716,77.5946,2025-02-06,2025,2,6,22.879,49.667,0.0,11.642,277.375,230.625,46.75,362.438,26.416,11.511
Bengaluru,12.9716,77.5946,2025-02-07,2025,2,7,22.808,51.542,1.25,10.938,279.083,231.958,47.125,363.325,26.576,11.521
Bengaluru,12.9716,77.5946,2025-02-08,2025,2,8,22.825,54.833,28.167,11.438,275.542,228.042,47.5,355.725,26.236,11.532
Bengaluru,12.9716,77.5946,2025-02-09,2025,2,9,23.079,58.375,39.292,11.938,276.417,228.0,48.417,354.392,26.32,11.542
Bengaluru,12.9716,77.5946,2025-02-10,2025,2,10,22.421,61.167,10.375,9.917,279.125,229.0,50.125,348.979,26.568,11.513
Bengaluru,12.9716,77.5946,2025-02-11,2025,2,11,22.496,53.25,14.042,8.562,287.208,238.667,48.542,369.958,27.336,11.564
Bengaluru,12.9716,77.5946,2025-02-12,2025,2,12,23.042,47.667,58.875,9.342,289.875,240.25,49.625,371.112,27.584,11.574
Bengaluru,12.9716,77.5946,2025-02-13,2025,2,13,23.85,44.792,0.5,10.017,285.542,236.958,48.583,364.979,27.176,11.585
Bengaluru,12.9716,77.5946,2025-02-14,2025,2,14,24.092,45.208,0.0,7.917,284.75,235.75,49.0,361.821,27.096,11.596
Bengaluru,12.9716,77.5946,2025-02-15,2025,2,15,24.125,46.833,0.0,8.112,282.917,233.708,49.208,357.242,26.92,11.607
Bengaluru,12.9716,77.5946,2025-02-16,2025,2,16,24.271,49.833,0.0,9.062,285.125,235.708,49.417,358.992,27.128,11.618
Bengaluru,12.9716,77.5946,2025-02-17,2025,2,17,24.142,52.083,0.0,9.975,287.458,238.208,49.25,361.992,27.348,11.629
Bengaluru,12.9716,77.5946,2025-02-18,2025,2,18,24.025,53.417,6.458,8.967,287.75,238.292,49.458,361.667,27.376,11.64
Bengaluru,12.9716,77.5946,2025-02-19,2025,2,19,24.729,51.542,7.958,8.046,286.833,237.375,49.458,358.367,27.284,11.651
Bengaluru,12.9716,77.5946,2025-02-20,2025,2,20,24.975,53.542,0.625,9.742,284.333,234.083,50.25,351.671,27.048,11.662
Bengaluru,12.9716,77.5946,2025-02-21,2025,2,21,24.812,54.125,3.583,9.929,285.375,235.458,49.917,352.492,27.156,11.674
Bengaluru,12.9716,77.5946,2025-02-22,2025,2,22,24.871,55.417,13.917,9.438,282.625,230.167,52.458,338.65,26.912,11.685
Bengaluru,12.9716,77.5946,2025-02-23,2025,2,23,25.221,51.208,7.25,11.212,278.5,222.708,55.792,328.4,26.504,11.697
Bengaluru,12.9716,77.5946,2025-02-24,2025,2,24,24.688,45.083,10.833,13.229,296.125,245.958,50.167,367.267,28.156,11.709
Bengaluru,12.9716,77.5946,2025-02-25,2025,2,25,24.05,51.792,59.167,13.7,294.25,242.167,52.083,358.217,27.992,11.72
Bengaluru,12.9716,77.5946,2025-02-26,2025,2,26,24.658,45.167,20.375,15.783,288.333,235.792,52.542,340.792,27.46,11.732
Bengaluru,12.9716,77.5946,2025-02-27,2025,2,27,24.238,46.542,42.25,13.425,301.708,250.917,50.792,371.833,28.688,11.744
Bengaluru,12.9716,77.5946,2025-02-28,2025,2,28,24.254,51.0,52.167,12.342,297.917,244.833,53.083,361.742,28.332,11.756
Bengaluru,12.9716,77.5946,2025-03-01,2025,3,1,24.725,66.0,43.5,12.179,237.792,155.292,82.5,233.925,22.596,11.768
Bengaluru,12.9716,77.5946,2025-03-02,2025,3,2,25.433,61.125,79.25,9.483,273.792,207.292,66.5,295.867,26.028,11.426
Bengaluru,12.9716,77.5946,2025-03-03,2025,3,3,26.308,52.833,69.875,9.033,279.375,215.958,63.417,307.458,26.584,11.527
Bengaluru,12.9716,77.5946,2025-03-04,2025,3,4,26.179,49.625,84.25,10.754,282.875,205.25,77.625,300.392,26.876,11.619
Bengaluru,12.9716,77.5946,2025-03-05,2025,3,5,26.246,43.625,92.667,9.108,296.792,237.0,59.792,337.138,28.24,11.816
Bengaluru,12.9716,77.5946,2025-03-06,2025,3,6,26.292,45.708,23.792,7.479,283.542,222.417,61.125,328.283,26.936,11.828
Bengaluru,12.9716,77.5946,2025-03-07,2025,3,7,25.658,43.708,49.208,6.6,304.625,252.208,52.417,368.433,28.948,11.84
Bengaluru,12.9716,77.5946,2025-03-08,2025,3,8,25.617,42.0,0.083,7.171,305.833,254.167,51.667,370.062,29.064,11.852
Bengaluru,12.9716,77.5946,2025-03-09,2025,3,9,26.167,45.625,0.042,12.15,307.5,255.875,51.625,371.425,29.224,11.863
Bengaluru,12.9716,77.5946,2025-03-10,2025,3,10,24.488,54.75,13.708,13.196,306.792,253.583,53.208,362.079,29.156,11.875
Bengaluru,12.9716,77.5946,2025-03-11,2025,3,11,23.929,68.708,75.0,14.817,243.417,167.625,75.792,230.0,23.368,11.692
Bengaluru,12.9716,77.5946,2025-03-12,2025,3,12,24.617,74.417,84.083,10.533,220.042,138.667,81.375,192.987,21.124,11.392
Bengaluru,12.9716,77.5946,2025-03-13,2025,3,13,25.812,60.125,55.5,7.604,294.208,227.917,66.292,312.792,28.244,11.652
Bengaluru,12.9716,77.5946,2025-03-14,2025,3,14,26.763,51.375,0.25,9.933,309.875,257.542,52.333,370.571,29.748,11.924
Bengaluru,12.9716,77.5946,2025-03-15,2025,3,15,26.271,45.25,0.417,10.442,314.958,262.417,52.542,377.463,30.236,11.936
Bengaluru,12.9716,77.5946,2025-03-16,2025,3,16,25.896,55.875,4.125,8.487,308.458,255.792,52.667,365.238,29.612,11.948
Bengaluru,12.9716,77.5946,2025-03-17,2025,3,17,26.963,58.208,41.958,5.95,288.292,234.125,54.167,323.988,27.676,11.953
Bengaluru,12.9716,77.5946,2025-03-18,2025,3,18,27.496,55.0,9.625,8.667,299.208,243.708,55.5,345.954,28.724,11.954
Bengaluru,12.9716,77.5946,2025-03-19,2025,3,19,27.171,58.333,22.167,10.329,285.25,217.333,67.917,300.512,27.384,11.956
Bengaluru,12.9716,77.5946,2025-03-20,2025,3,20,26.717,56.167,13.375,11.542,303.042,245.75,57.292,338.721,29.092,11.957
Bengaluru,12.9716,77.5946,2025-03-21,2025,3,21,26.625,57.875,9.583,8.096,295.375,231.167,64.208,326.558,28.356,11.958
Bengaluru,12.9716,77.5946,2025-03-22,2025,3,22,25.446,69.833,31.375,6.579,248.5,178.042,70.458,249.467,23.856,11.571
Bengaluru,12.9716,77.5946,2025-03-23,2025,3,23,24.575,77.0,43.75,6.596,223.542,154.292,69.25,218.013,21.46,11.96
Bengaluru,12.9716,77.5946,2025-03-24,2025,3,24,25.967,66.292,18.917,7.042,267.042,205.625,61.417,295.388,25.636,11.961
Bengaluru,12.9716,77.5946,2025-03-25,2025,3,25,25.871,61.5,16.958,7.012,274.958,212.5,62.458,297.633,26.396,11.962
Bengaluru,12.9716,77.5946,2025-03-26,2025,3,26,26.287,53.792,15.167,6.221,274.375,215.167,59.208,305.458,26.34,11.963
Bengaluru,12.9716,77.5946,2025-03-27,2025,3,27,26.375,55.75,33.667,5.821,264.417,202.417,62.0,290.412,25.384,11.964
Bengaluru,12.9716,77.5946,2025-03-28,2025,3,28,27.096,53.375,23.833,6.217,260.042,192.208,67.833,277.479,24.964,11.965
Bengaluru,12.9716,77.5946,2025-03-29,2025,3,29,27.562,42.958,36.042,8.346,315.583,260.292,55.292,366.192,30.296,11.967
Bengaluru,12.9716,77.5946,2025-03-30,2025,3,30,26.771,37.625,8.208,8.854,318.125,264.125,54.0,371.483,30.54,11.968
Bengaluru,12.9716,77.5946,2025-03-31,2025,3,31,27.117,40.25,41.75,8.521,282.917,214.333,68.583,289.05,27.16,11.969
Bengaluru,12.9716,77.5946,2025-04-01,2025,4,1,26.238,56.5,15.167,8.062,281.042,209.667,71.375,291.875,26.98,11.97
Bengaluru,12.9716,77.5946,2025-04-02,2025,4,2,25.871,61.208,52.875,9.479,249.583,160.792,88.792,230.283,23.96,11.971
Bengaluru,12.9716,77.5946,2025-04-03,2025,4,3,24.429,74.375,94.375,6.058,222.0,138.708,83.292,183.646,21.312,11.018
Bengaluru,12.9716,77.5946,2025-04-04,2025,4,4,25.262,71.5,68.958,7.438,224.5,149.333,75.167,186.267,21.552,10.716
Bengaluru,12.9716,77.5946,2025-04-05,2025,4,5,25.475,74.0,83.542,4.842,227.292,153.5,73.792,200.667,21.82,10.572
Bengaluru,12.9716,77.5946,2025-04-06,2025,4,6,26.262,68.625,56.583,4.492,210.292,132.833,77.458,159.892,20.188,8.964
Bengaluru,12.9716,77.5946,2025-04-07,2025,4,7,27.204,55.333,10.875,7.45,299.375,237.833,61.542,331.562,28.74,11.976
Bengaluru,12.9716,77.5946,2025-04-08,2025,4,8,27.146,54.375,23.208,8.217,281.875,214.792,67.083,298.5,27.06,11.977
Bengaluru,12.9716,77.5946,2025-04-09,2025,4,9,26.321,52.667,31.25,7.633,267.417,209.792,57.625,292.458,25.672,11.9
Bengaluru,12.9716,77.5946,2025-04-10,2025,4,10,26.562,56.417,73.583,7.837,270.292,180.042,90.25,242.596,25.948,11.98
Bengaluru,12.9716,77.5946,2025-04-11,2025,4,11,25.317,69.292,53.167,7.925,271.875,204.333,67.542,276.421,26.1,11.981
Bengaluru,12.9716,77.5946,2025-04-12,2025,4,12,24.854,74.417,36.792,7.629,273.5,201.625,71.875,271.971,26.256,11.982
Bengaluru,12.9716,77.5946,2025-04-13,2025,4,13,24.604,70.375,35.625,6.121,197.417,133.125,64.292,172.246,18.952,7.027
Bengaluru,12.9716,77.5946,2025-04-14,2025,4,14,25.342,59.917,26.458,5.733,287.542,228.042,59.5,302.967,27.604,11.985
Bengaluru,12.9716,77.5946,2025-04-15,2025,4,15,25.817,62.583,32.75,5.725,268.708,203.708,65.0,277.358,25.796,11.987
Bengaluru,12.9716,77.5946,2025-04-16,2025,4,16,25.058,70.333,24.167,7.5,277.75,208.708,69.042,282.667,26.664,11.989
Bengaluru,12.9716,77.5946,2025-04-17,2025,4,17,25.825,72.5,28.833,4.992,261.833,195.5,66.333,258.983,25.136,11.838
Bengaluru,12.9716,77.5946,2025-04-18,2025,4,18,25.342,76.75,43.833,6.379,265.083,196.792,68.292,259.483,25.448,11.884
Bengaluru,12.9716,77.5946,2025-04-19,2025,4,19,25.833,75.833,85.5,5.688,256.542,170.417,86.125,219.775,24.628,10.89
Bengaluru,12.9716,77.5946,2025-04-20,2025,4,20,25.346,77.917,38.625,5.567,273.167,209.167,64.0,278.9,26.224,11.997
Bengaluru,12.9716,77.5946,2025-04-21,2025,4,21,26.225,67.292,31.667,5.854,269.0,206.917,62.083,282.904,25.824,11.999
Bengaluru,12.9716,77.5946,2025-04-22,2025,4,22,26.65,58.083,34.75,8.042,305.042,245.375,59.667,340.158,29.284,12.0
Bengaluru,12.9716,77.5946,2025-04-23,2025,4,23,27.629,55.708,15.75,6.083,309.75,254.625,55.125,349.688,29.736,12.0
Bengaluru,12.9716,77.5946,2025-04-24,2025,4,24,27.608,59.083,11.542,6.246,303.542,246.5,57.042,339.567,29.14,12.0
Bengaluru,12.9716,77.5946,2025-04-25,2025,4,25,27.533,59.208,14.917,6.612,285.542,220.417,65.125,300.6,27.412,12.0
Bengaluru,12.9716,77.5946,2025-04-26,2025,4,26,27.354,57.083,27.5,6.196,291.542,230.708,60.833,316.904,27.988,12.0
Bengaluru,12.9716,77.5946,2025-04-27,2025,4,27,27.108,58.917,61.25,6.183,277.75,209.417,68.333,291.804,26.664,12.0
Bengaluru,12.9716,77.5946,2025-04-28,2025,4,28,26.771,65.25,85.083,6.646,259.875,194.292,65.583,263.713,24.948,11.416
Bengaluru,12.9716,77.5946,2025-04-29,2025,4,29,27.283,61.75,86.583,6.567,244.375,165.792,78.583,239.408,23.46,12.0
Bengaluru,12.9716,77.5946,2025-04-30,2025,4,30,27.129,59.375,65.167,6.0,263.833,202.125,61.708,277.208,25.328,12.0
Bengaluru,12.9716,77.5946,2025-05-01,2025,5,1,26.342,65.917,72.375,5.758,276.958,214.875,62.083,286.504,26.588,11.987
Bengaluru,12.9716,77.5946,2025-05-02,2025,5,2,25.517,73.125,67.667,5.8,260.0,195.792,64.208,259.392,24.96,11.659
Bengaluru,12.9716,77.5946,2025-05-03,2025,5,3,25.325,73.375,84.333,7.508,265.792,185.792,80.0,232.9,25.516,10.562
Bengaluru,12.9716,77.5946,2025-05-04,2025,5,4,26.271,68.333,48.833,9.438,276.542,208.792,67.75,278.088,26.548,12.0
Bengaluru,12.9716,77.5946,2025-05-05,2025,5,5,26.354,61.292,33.833,6.888,291.167,232.708,58.458,315.467,27.952,12.033
Bengaluru,12.9716,77.5946,2025-05-06,2025,5,6,26.529,62.333,16.083,7.517,280.875,220.875,60.0,303.275,26.964,12.03
Bengaluru,12.9716,77.5946,2025-05-07,2025,5,7,26.158,60.667,38.875,7.008,280.75,220.5,60.25,303.883,26.952,12.0
Bengaluru,12.9716,77.5946,2025-05-08,2025,5,8,25.625,60.125,37.125,8.546,260.833,196.5,64.333,274.733,25.04,12.0
Bengaluru,12.9716,77.5946,2025-05-09,2025,5,9,25.683,59.583,16.583,5.283,278.0,220.417,57.583,309.967,26.688,12.092
Bengaluru,12.9716,77.5946,2025-05-10,2025,5,10,26.029,61.083,31.333,5.3,259.958,196.542,63.417,276.0,24.956,12.09
Bengaluru,12.9716,77.5946,2025-05-11,2025,5,11,26.1,64.208,37.375,5.075,249.667,184.875,64.792,256.421,23.968,12.019
Bengaluru,12.9716,77.5946,2025-05-12,2025,5,12,26.717,66.583,39.0,7.7,270.292,206.667,63.625,282.667,25.948,11.984
Bengaluru,12.9716,77.5946,2025-05-13,2025,5,13,25.421,78.333,77.375,5.575,244.417,154.0,90.417,205.833,23.464,11.123
Bengaluru,12.9716,77.5946,2025-05-14,2025,5,14,25.45,78.417,68.542,6.025,246.292,170.75,75.542,229.179,23.644,12.0
Bengaluru,12.9716,77.5946,2025-05-15,2025,5,15,24.817,80.875,78.875,5.067,272.792,197.375,75.417,268.604,26.188,12.0
Bengaluru,12.9716,77.5946,2025-05-16,2025,5,16,25.042,80.375,69.417,6.525,268.833,196.125,72.708,261.396,25.808,11.011
Bengaluru,12.9716,77.5946,2025-05-17,2025,5,17,24.438,81.708,98.583,8.8,251.583,159.208,92.375,194.679,24.152,10.072
Bengaluru,12.9716,77.5946,2025-05-18,2025,5,18,24.438,80.25,99.75,8.533,199.0,99.625,99.375,126.583,19.104,9.125
Bengaluru,12.9716,77.5946,2025-05-19,2025,5,19,23.975,87.5,100.0,7.029,113.458,16.5,96.958,21.096,10.892,0.867
Bengaluru,12.9716,77.5946,2025-05-20,2025,5,20,23.542,87.167,99.5,9.183,166.292,81.875,84.417,100.204,15.964,5.635
Bengaluru,12.9716,77.5946,2025-05-21,2025,5,21,23.492,80.583,99.958,15.487,188.333,89.167,99.167,111.304,18.08,8.397
Bengaluru,12.9716,77.5946,2025-05-22,2025,5,22,24.362,75.292,98.083,13.954,204.042,93.917,110.125,123.475,19.588,9.315
Bengaluru,12.9716,77.5946,2025-05-23,2025,5,23,24.238,78.625,86.75,17.762,222.458,143.708,78.75,193.162,21.356,10.772
Bengaluru,12.9716,77.5946,2025-05-24,2025,5,24,23.55,84.0,99.125,21.308,129.25,44.417,84.833,57.517,12.408,4.266
Bengaluru,12.9716,77.5946,2025-05-25,2025,5,25,23.246,86.625,95.208,22.771,125.917,34.167,91.75,45.146,12.088,3.704
Bengaluru,12.9716,77.5946,2025-05-26,2025,5,26,22.521,87.833,99.917,21.779,109.958,35.417,74.542,43.567,10.556,3.65
Bengaluru,12.9716,77.5946,2025-05-27,2025,5,27,23.629,82.917,99.667,20.954,127.75,43.458,84.292,59.104,12.264,4.305
Bengaluru,12.9716,77.5946,2025-05-28,2025,5,28,23.683,81.083,99.958,21.367,115.833,32.958,82.875,45.546,11.12,4.019
Bengaluru,12.9716,77.5946,2025-05-29,2025,5,29,23.329,86.333,99.375,18.458,83.375,15.042,68.333,18.171,8.004,0.645
Bengaluru,12.9716,77.5946,2025-05-30,2025,5,30,22.912,86.542,99.958,15.888,53.375,1.417,51.958,2.062,5.124,0.0
Bengaluru,12.9716,77.5946,2025-05-31,2025,5,31,25.162,75.667,93.833,17.646,212.542,103.667,108.875,139.754,20.4,9.291
Bengaluru,12.9716,77.5946,2025-06-01,2025,6,1,25.217,74.667,76.417,15.296,239.708,144.292,95.417,199.621,23.008,11.202
Bengaluru,12.9716,77.5946,2025-06-02,2025,6,2,24.721,74.792,94.917,15.575,217.042,111.542,105.5,151.237,20.832,11.356
Bengaluru,12.9716,77.5946,2025-06-03,2025,6,3,24.471,77.375,81.167,15.333,188.417,108.0,80.417,142.271,18.084,10.638
Bengaluru,12.9716,77.5946,2025-06-04,2025,6,4,24.738,76.208,74.042,13.021,207.5,117.875,89.625,165.604,19.916,11.977
Bengaluru,12.9716,77.5946,2025-06-05,2025,6,5,24.9,73.292,59.333,10.696,277.583,208.5,69.083,287.796,26.644,12.075
Bengaluru,12.9716,77.5946,2025-06-06,2025,6,6,25.842,69.792,28.125,8.725,265.458,202.125,63.333,287.796,25.48,12.147
Bengaluru,12.9716,77.5946,2025-06-07,2025,6,7,25.838,68.708,28.708,10.171,291.083,232.75,58.333,323.083,27.94,12.148
Bengaluru,12.9716,77.5946,2025-06-08,2025,6,8,25.688,72.375,49.5,11.188,265.25,196.5,68.75,274.192,25.46,11.554
Bengaluru,12.9716,77.5946,2025-06-09,2025,6,9,24.167,82.25,78.833,14.833,216.917,117.208,99.708,153.196,20.82,10.376
Bengaluru,12.9716,77.5946,2025-06-10,2025,6,10,24.646,78.708,87.0,13.417,268.5,199.75,68.75,265.037,25.772,10.861
Bengaluru,12.9716,77.5946,2025-06-11,2025,6,11,23.612,83.292,99.083,14.438,232.042,137.583,94.458,174.375,22.272,10.291
Bengaluru,12.9716,77.5946,2025-06-12,2025,6,12,23.088,85.917,90.917,18.279,130.583,61.583,69.0,71.663,12.532,3.841
Bengaluru,12.9716,77.5946,2025-06-13,2025,6,13,23.521,84.542,87.833,15.308,163.708,81.583,82.125,104.433,15.712,7.525
Bengaluru,12.9716,77.5946,2025-06-14,2025,6,14,23.096,84.25,98.875,19.621,159.583,79.583,80.0,107.5,15.32,8.783
Bengaluru,12.9716,77.5946,2025-06-15,2025,6,15,22.608,85.292,99.458,23.071,112.083,25.833,86.25,34.912,10.756,2.071
Bengaluru,12.9716,77.5946,2025-06-16,2025,6,16,22.983,82.583,97.917,23.483,158.0,74.167,83.833,84.892,15.164,5.023
Bengaluru,12.9716,77.5946,2025-06-17,2025,6,17,23.608,80.75,95.292,19.525,183.542,106.167,77.375,147.867,17.612,11.109
Bengaluru,12.9716,77.5946,2025-06-18,2025,6,18,23.829,80.667,99.917,17.554,196.208,100.625,95.583,128.442,18.832,9.463
Bengaluru,12.9716,77.5946,2025-06-19,2025,6,19,24.421,76.833,99.792,17.279,198.375,81.333,117.042,117.125,19.036,10.77
Bengaluru,12.9716,77.5946,2025-06-20,2025,6,20,24.654,77.333,81.875,16.733,218.083,130.708,87.375,178.367,20.928,11.0
Bengaluru,12.9716,77.5946,2025-06-21,2025,6,21,24.354,77.833,93.667,17.442,218.708,125.375,93.333,173.588,20.988,10.832
Bengaluru,12.9716,77.5946,2025-06-22,2025,6,22,22.942,84.0,99.125,17.438,152.833,52.0,100.833,71.725,14.668,5.906
Bengaluru,12.9716,77.5946,2025-06-23,2025,6,23,22.696,82.25,100.0,21.229,109.625,18.708,90.917,28.317,10.52,2.001
Bengaluru,12.9716,77.5946,2025-06-24,2025,6,24,23.546,79.5,99.458,22.683,178.042,93.833,84.208,118.242,17.084,6.349
Bengaluru,12.9716,77.5946,2025-06-25,2025,6,25,23.379,80.875,99.583,20.504,181.958,89.0,92.958,112.775,17.46,7.47
Bengaluru,12.9716,77.5946,2025-06-26,2025,6,26,23.229,85.875,99.25,19.304,128.583,55.25,73.333,65.017,12.34,4.975
Bengaluru,12.9716,77.5946,2025-06-27,2025,6,27,23.629,80.583,94.875,18.225,153.125,57.625,95.5,86.642,14.692,8.128
Bengaluru,12.9716,77.5946,2025-06-28,2025,6,28,23.758,81.0,95.5,16.529,181.708,89.708,92.0,119.246,17.436,8.973
Bengaluru,12.9716,77.5946,2025-06-29,2025,6,29,24.208,75.292,99.958,18.575,188.958,72.458,116.5,102.712,18.132,9.288
Bengaluru,12.9716,77.5946,2025-06-30,2025,6,30,23.904,76.5,91.458,18.146,179.292,71.25,108.042,105.042,17.204,9.851
Bengaluru,12.9716,77.5946,2025-07-01,2025,7,1,23.408,78.958,99.958,17.329,137.375,20.875,116.5,30.504,13.18,1.452
Bengaluru,12.9716,77.5946,2025-07-02,2025,7,2,23.262,82.5,99.958,18.283,175.375,74.75,100.625,96.142,16.828,9.0
Bengaluru,12.9716,77.5946,2025-07-03,2025,7,3,22.933,82.792,95.083,19.058,163.083,71.292,91.792,90.742,15.644,7.125
Bengaluru,12.9716,77.5946,2025-07-04,2025,7,4,23.312,79.042,97.125,20.325,203.5,102.667,100.833,147.508,19.524,11.187
Bengaluru,12.9716,77.5946,2025-07-05,2025,7,5,23.158,81.083,99.5,21.629,179.333,90.0,89.333,117.312,17.204,9.445
Bengaluru,12.9716,77.5946,2025-07-06,2025,7,6,23.458,79.375,99.042,23.037,186.958,84.542,102.417,114.246,17.94,10.314
Bengaluru,12.9716,77.5946,2025-07-07,2025,7,7,23.696,78.0,98.833,22.358,195.458,90.708,104.75,119.596,18.756,9.964
Bengaluru,12.9716,77.5946,2025-07-08,2025,7,8,24.146,77.417,91.833,20.258,201.875,110.667,91.208,151.992,19.372,10.718
Bengaluru,12.9716,77.5946,2025-07-09,2025,7,9,24.312,76.292,74.75,19.467,187.583,95.167,92.417,140.283,17.996,9.987
Bengaluru,12.9716,77.5946,2025-07-10,2025,7,10,23.983,80.625,85.375,15.208,192.583,100.667,91.917,125.683,18.476,9.488
Bengaluru,12.9716,77.5946,2025-07-11,2025,7,11,23.471,83.833,70.833,14.267,220.042,131.125,88.917,179.158,21.116,11.265
Bengaluru,12.9716,77.5946,2025-07-12,2025,7,12,23.779,82.125,87.375,15.212,198.375,101.375,97.0,123.492,19.036,8.091
Bengaluru,12.9716,77.5946,2025-07-13,2025,7,13,23.65,82.333,99.542,15.612,160.5,71.208,89.292,96.908,15.396,7.898
Bengaluru,12.9716,77.5946,2025-07-14,2025,7,14,23.108,82.5,99.875,18.062,175.25,88.875,86.375,108.183,16.816,7.25
Bengaluru,12.9716,77.5946,2025-07-15,2025,7,15,23.463,81.542,95.833,18.312,156.208,68.667,87.542,85.438,14.992,6.921
Bengaluru,12.9716,77.5946,2025-07-16,2025,7,16,23.117,85.875,93.542,12.933,166.125,78.583,87.542,100.671,15.94,8.814
Bengaluru,12.9716,77.5946,2025-07-17,2025,7,17,23.125,84.958,90.542,14.196,162.417,83.083,79.333,119.238,15.588,10.622
Bengaluru,12.9716,77.5946,2025-07-18,2025,7,18,22.787,85.792,99.917,14.254,131.583,16.833,114.75,22.867,12.628,0.357
Bengaluru,12.9716,77.5946,2025-07-19,2025,7,19,22.25,87.292,96.167,13.987,137.083,63.458,73.625,77.738,13.156,7.037
Bengaluru,12.9716,77.5946,2025-07-20,2025,7,20,22.425,85.917,99.25,15.733,145.375,45.792,99.583,57.567,13.956,5.363
Bengaluru,12.9716,77.5946,2025-07-21,2025,7,21,22.488,84.833,99.917,15.062,119.083,29.125,89.958,36.363,11.428,3.417
Bengaluru,12.9716,77.5946,2025-07-22,2025,7,22,22.738,84.208,98.542,17.242,113.917,28.375,85.542,39.738,10.932,3.572
Bengaluru,12.9716,77.5946,2025-07-23,2025,7,23,22.504,84.208,99.625,19.254,114.625,24.917,89.708,30.875,11.0,2.025
Bengaluru,12.9716,77.5946,2025-07-24,2025,7,24,22.188,84.917,98.5,20.683,111.542,19.917,91.625,23.092,10.704,1.356
Bengaluru,12.9716,77.5946,2025-07-25,2025,7,25,22.554,80.042,99.875,20.929,106.417,11.167,95.25,18.208,10.208,0.626
Bengaluru,12.9716,77.5946,2025-07-26,2025,7,26,22.471,78.958,99.917,23.512,138.292,45.083,93.208,57.504,13.272,5.261
Bengaluru,12.9716,77.5946,2025-07-27,2025,7,27,22.792,76.625,81.958,20.892,167.208,56.833,110.375,84.846,16.044,8.352
Bengaluru,12.9716,77.5946,2025-07-28,2025,7,28,23.012,75.25,70.125,21.554,215.667,112.125,103.542,164.679,20.696,12.0
Bengaluru,12.9716,77.5946,2025-07-29,2025,7,29,22.833,77.167,81.667,21.3,185.5,85.875,99.625,134.092,17.8,11.133
Bengaluru,12.9716,77.5946,2025-07-30,2025,7,30,23.762,75.792,86.75,19.304,198.542,106.125,92.417,147.958,19.052,10.613
Bengaluru,12.9716,77.5946,2025-07-31,2025,7,31,23.35,82.208,95.208,14.967,174.292,68.708,105.583,97.971,16.724,9.449
Bengaluru,12.9716,77.5946,2025-08-01,2025,8,1,23.804,80.667,98.292,12.388,179.667,73.792,105.875,106.4,17.244,8.227
Bengaluru,12.9716,77.5946,2025-08-02,2025,8,2,23.6,83.417,90.25,10.237,184.25,76.458,107.792,97.304,17.684,8.493
Bengaluru,12.9716,77.5946,2025-08-03,2025,8,3,23.662,82.583,99.375,7.846,162.792,51.875,110.917,63.225,15.624,5.903
Bengaluru,12.9716,77.5946,2025-08-04,2025,8,4,23.787,85.333,98.083,6.7,204.667,106.292,98.375,133.217,19.644,9.365
Bengaluru,12.9716,77.5946,2025-08-05,2025,8,5,23.475,86.208,94.083,5.562,186.708,106.375,80.333,134.192,17.92,9.138
Bengaluru,12.9716,77.5946,2025-08-06,2025,8,6,23.812,81.208,93.208,12.229,157.792,51.917,105.875,76.512,15.144,7.0
Bengaluru,12.9716,77.5946,2025-08-07,2025,8,7,23.55,83.042,87.542,9.671,183.792,80.208,103.583,110.892,17.64,8.831
Bengaluru,12.9716,77.5946,2025-08-08,2025,8,8,23.383,83.875,97.25,7.517,173.542,60.75,112.792,89.754,16.656,7.523
Bengaluru,12.9716,77.5946,2025-08-09,2025,8,9,22.892,85.958,99.75,6.346,147.458,38.333,109.125,52.538,14.156,4.437
Bengaluru,12.9716,77.5946,2025-08-10,2025,8,10,22.508,85.417,99.667,9.754,133.167,33.417,99.75,38.717,12.784,2.775
Bengaluru,12.9716,77.5946,2025-08-11,2025,8,11,22.208,86.208,98.083,12.017,106.667,20.333,86.333,32.621,10.236,2.057
Bengaluru,12.9716,77.5946,2025-08-12,2025,8,12,22.662,83.292,100.0,13.85,142.167,32.708,109.458,40.967,13.648,3.743
Bengaluru,12.9716,77.5946,2025-08-13,2025,8,13,21.654,88.625,100.0,14.888,82.375,6.708,75.667,7.812,7.908,0.021
Bengaluru,12.9716,77.5946,2025-08-14,2025,8,14,21.733,88.083,92.625,16.271,149.5,65.042,84.458,85.354,14.348,7.787
Bengaluru,12.9716,77.5946,2025-08-15,2025,8,15,22.304,86.292,91.375,16.662,164.167,78.542,85.625,103.458,15.76,9.412
Bengaluru,12.9716,77.5946,2025-08-16,2025,8,16,22.779,83.792,98.792,18.308,170.833,70.625,100.208,88.729,16.4,6.49
Bengaluru,12.9716,77.5946,2025-08-17,2025,8,17,21.787,88.792,100.0,17.558,108.917,20.292,88.625,23.958,10.456,1.587
Bengaluru,12.9716,77.5946,2025-08-18,2025,8,18,21.438,89.25,99.958,21.133,86.833,8.292,78.542,9.367,8.336,0.137
Bengaluru,12.9716,77.5946,2025-08-19,2025,8,19,22.45,78.792,98.833,23.004,171.917,60.292,111.625,83.712,16.504,9.029
Bengaluru,12.9716,77.5946,2025-08-20,2025,8,20,22.942,79.208,87.583,17.85,151.25,42.75,108.5,64.3,14.52,4.791
Bengaluru,12.9716,77.5946,2025-08-21,2025,8,21,23.213,81.542,83.792,11.367,181.458,74.042,107.417,109.342,17.42,9.814
Bengaluru,12.9716,77.5946,2025-08-22,2025,8,22,23.696,81.042,98.958,9.721,203.208,92.833,110.375,125.367,19.508,10.516
Bengaluru,12.9716,77.5946,2025-08-23,2025,8,23,23.092,81.583,99.792,11.421,226.708,106.833,119.875,145.75,21.764,10.654
Bengaluru,12.9716,77.5946,2025-08-24,2025,8,24,23.683,76.333,90.208,12.725,238.792,132.292,106.5,181.667,22.924,11.656
Bengaluru,12.9716,77.5946,2025-08-25,2025,8,25,22.912,78.875,92.208,11.15,237.792,123.208,114.583,159.292,22.828,8.642
Bengaluru,12.9716,77.5946,2025-08-26,2025,8,26,23.033,79.458,99.333,12.142,179.042,62.0,117.042,84.229,17.188,6.705
Bengaluru,12.9716,77.5946,2025-08-27,2025,8,27,22.25,86.625,98.083,17.233,97.458,22.958,74.5,29.908,9.356,2.041
Bengaluru,12.9716,77.5946,2025-08-28,2025,8,28,22.35,88.875,95.875,15.812,123.125,42.25,80.875,54.35,11.82,4.3
Bengaluru,12.9716,77.5946,2025-08-29,2025,8,29,23.508,79.75,98.5,16.6,175.667,69.125,106.542,86.325,16.864,6.782
Bengaluru,12.9716,77.5946,2025-08-30,2025,8,30,23.562,83.458,77.75,15.129,201.75,124.125,77.625,154.808,19.368,9.268
Bengaluru,12.9716,77.5946,2025-08-31,2025,8,31,23.183,84.417,97.625,15.358,179.0,72.5,106.5,95.738,17.184,8.98
Bengaluru,12.9716,77.5946,2025-09-01,2025,9,1,23.142,82.458,99.708,18.017,173.125,70.75,102.375,95.988,16.62,8.818
Bengaluru,12.9716,77.5946,2025-09-02,2025,9,2,23.004,80.208,95.917,18.271,173.208,65.875,107.333,90.554,16.628,8.484
Bengaluru,12.9716,77.5946,2025-09-03,2025,9,3,22.938,82.458,92.958,16.696,168.125,66.958,101.167,89.942,16.028,7.179
Bengaluru,12.9716,77.5946,2025-09-04,2025,9,4,23.179,82.5,91.25,14.925,202.667,116.542,86.125,153.763,19.288,10.24
Bengaluru,12.9716,77.5946,2025-09-05,2025,9,5,23.533,81.083,81.583,12.579,188.25,89.292,98.958,131.192,17.88,11.028
Bengaluru,12.9716,77.5946,2025-09-06,2025,9,6,23.617,82.292,76.375,10.358,222.917,131.583,91.333,179.892,21.28,10.887
Bengaluru,12.9716,77.5946,2025-09-07,2025,9,7,23.583,82.125,66.542,10.867,220.5,136.75,83.75,185.438,21.028,11.675
Bengaluru,12.9716,77.5946,2025-09-08,2025,9,8,23.521,79.958,42.667,8.954,250.708,173.583,77.125,238.188,23.912,11.68
Bengaluru,12.9716,77.5946,2025-09-09,2025,9,9,24.312,77.542,61.625,6.317,250.292,180.125,70.167,246.054,23.864,11.488
Bengaluru,12.9716,77.5946,2025-09-10,2025,9,10,23.867,82.208,59.625,6.112,233.458,162.25,71.208,217.133,22.28,11.559
Bengaluru,12.9716,77.5946,2025-09-11,2025,9,11,22.8,80.917,94.083,10.683,202.25,108.708,93.542,159.675,19.304,9.339
Bengaluru,12.9716,77.5946,2025-09-12,2025,9,12,23.108,79.167,99.5,9.929,215.292,106.75,108.542,140.158,20.548,9.981
Bengaluru,12.9716,77.5946,2025-09-13,2025,9,13,22.808,82.458,97.917,8.604,180.208,73.458,106.75,108.442,17.212,8.413
Bengaluru,12.9716,77.5946,2025-09-14,2025,9,14,23.454,78.333,67.958,9.325,252.167,175.75,76.417,246.1,24.076,11.515
Bengaluru,12.9716,77.5946,2025-09-15,2025,9,15,23.271,81.333,98.125,10.508,195.25,87.167,108.083,118.783,18.616,9.919
Bengaluru,12.9716,77.5946,2025-09-16,2025,9,16,23.125,85.458,95.75,9.204,174.958,80.125,94.833,107.429,16.724,6.684
Bengaluru,12.9716,77.5946,2025-09-17,2025,9,17,22.562,88.958,98.458,7.888,150.917,69.542,81.375,92.071,14.412,7.424
Bengaluru,12.9716,77.5946,2025-09-18,2025,9,18,23.004,85.208,87.375,11.038,208.292,128.417,79.875,171.487,19.936,10.5
Bengaluru,12.9716,77.5946,2025-09-19,2025,9,19,22.508,84.583,99.958,9.95,127.208,27.083,100.125,37.088,12.132,2.725
Bengaluru,12.9716,77.5946,2025-09-20,2025,9,20,22.633,84.875,96.792,10.725,109.958,34.792,75.167,50.688,10.504,4.058
Bengaluru,12.9716,77.5946,2025-09-21,2025,9,21,23.171,83.083,95.5,11.458,178.625,70.333,108.292,111.562,17.076,9.032
Bengaluru,12.9716,77.5946,2025-09-22,2025,9,22,23.4,80.708,98.042,13.283,183.833,77.542,106.292,115.471,17.592,9.246
Bengaluru,12.9716,77.5946,2025-09-23,2025,9,23,22.492,86.667,99.667,13.904,123.458,28.583,94.875,36.333,11.816,2.974
Bengaluru,12.9716,77.5946,2025-09-24,2025,9,24,22.354,84.458,84.583,14.767,190.75,103.625,87.125,148.317,18.256,10.335
Bengaluru,12.9716,77.5946,2025-09-25,2025,9,25,22.721,85.125,79.875,13.4,168.333,84.167,84.167,116.346,16.104,9.604
Bengaluru,12.9716,77.5946,2025-09-26,2025,9,26,22.667,80.042,96.917,15.95,196.0,93.292,102.708,141.717,18.74,10.666
Bengaluru,12.9716,77.5946,2025-09-27,2025,9,27,22.246,83.75,98.708,17.667,162.25,71.75,90.5,93.775,15.512,7.836
Bengaluru,12.9716,77.5946,2025-09-28,2025,9,28,22.946,80.458,75.083,18.825,194.042,104.958,89.083,156.171,18.568,11.054
Bengaluru,12.9716,77.5946,2025-09-29,2025,9,29,23.088,77.917,93.458,17.308,195.417,94.542,100.875,122.417,18.692,8.69
Bengaluru,12.9716,77.5946,2025-09-30,2025,9,30,22.808,77.292,98.333,14.942,193.5,82.167,111.333,118.7,18.504,10.927
Bengaluru,12.9716,77.5946,2025-10-01,2025,10,1,23.037,80.083,99.75,12.771,155.042,40.833,114.208,58.383,14.844,6.439
Bengaluru,12.9716,77.5946,2025-10-02,2025,10,2,23.046,82.458,99.167,12.017,175.333,60.792,114.542,91.425,16.78,8.339
Bengaluru,12.9716,77.5946,2025-10-03,2025,10,3,23.817,81.375,89.167,8.929,232.5,143.583,88.917,202.029,22.252,11.036
Bengaluru,12.9716,77.5946,2025-10-04,2025,10,4,22.571,85.917,83.792,6.579,162.75,68.5,94.25,103.017,15.556,6.339
Bengaluru,12.9716,77.5946,2025-10-05,2025,10,5,23.617,78.458,66.208,7.288,245.042,186.917,58.125,261.604,23.472,11.0
Bengaluru,12.9716,77.5946,2025-10-06,2025,10,6,22.912,76.333,43.458,7.663,251.458,190.875,60.583,275.604,24.076,11.119
Bengaluru,12.9716,77.5946,2025-10-07,2025,10,7,23.45,73.917,43.208,6.262,232.542,168.167,64.375,249.633,22.264,11.125
Bengaluru,12.9716,77.5946,2025-10-08,2025,10,8,23.154,80.958,76.083,4.2,213.333,143.292,70.042,198.733,20.448,9.391
Bengaluru,12.9716,77.5946,2025-10-09,2025,10,9,23.65,82.417,76.042,4.712,226.625,156.833,69.792,219.404,21.716,11.0
Bengaluru,12.9716,77.5946,2025-10-10,2025,10,10,22.858,85.958,95.542,7.854,121.75,29.875,91.875,46.438,11.652,4.081
Bengaluru,12.9716,77.5946,2025-10-11,2025,10,11,22.942,85.375,77.125,5.421,174.25,98.833,75.417,152.792,16.688,10.17
Bengaluru,12.9716,77.5946,2025-10-12,2025,10,12,23.717,74.875,32.625,7.304,273.5,219.75,53.75,312.912,26.208,11.02
Bengaluru,12.9716,77.5946,2025-10-13,2025,10,13,23.762,75.458,74.875,8.454,232.0,158.75,73.25,235.883,22.228,11.0
Bengaluru,12.9716,77.5946,2025-10-14,2025,10,14,23.463,81.25,70.917,9.492,208.833,134.0,74.833,199.462,20.016,11.0
Bengaluru,12.9716,77.5946,2025-10-15,2025,10,15,23.308,83.208,94.208,8.417,153.375,72.25,81.125,97.854,14.704,7.479
Bengaluru,12.9716,77.5946,2025-10-16,2025,10,16,23.029,85.25,92.792,11.388,177.0,99.5,77.5,130.829,16.968,7.958
Bengaluru,12.9716,77.5946,2025-10-17,2025,10,17,23.425,84.083,92.042,11.442,171.25,81.417,89.833,112.808,16.42,9.161
Bengaluru,12.9716,77.5946,2025-10-18,2025,10,18,23.379,85.125,99.167,9.071,155.042,67.417,87.625,97.958,14.868,8.526
Bengaluru,12.9716,77.5946,2025-10-19,2025,10,19,23.567,83.542,95.125,6.683,156.5,72.625,83.875,96.233,15.012,6.042
Bengaluru,12.9716,77.5946,2025-10-20,2025,10,20,23.229,85.833,93.375,8.871,173.0,93.542,79.458,130.546,16.588,9.157
Bengaluru,12.9716,77.5946,2025-10-21,2025,10,21,22.2,88.625,99.875,10.429,106.542,27.875,78.667,38.383,10.216,3.162
Bengaluru,12.9716,77.5946,2025-10-22,2025,10,22,22.392,90.875,100.0,12.246,73.75,8.833,64.917,14.288,7.06,0.134
Bengaluru,12.9716,77.5946,2025-10-23,2025,10,23,22.829,83.917,99.792,9.371,161.333,75.042,86.292,101.7,15.464,6.806
Bengaluru,12.9716,77.5946,2025-10-24,2025,10,24,22.4,80.708,99.958,9.767,91.167,14.5,76.667,19.542,8.74,1.013
Bengaluru,12.9716,77.5946,2025-10-25,2025,10,25,23.633,75.167,64.0,7.425,228.292,152.75,75.542,217.117,21.892,10.363
Bengaluru,12.9716,77.5946,2025-10-26,2025,10,26,23.921,74.708,66.042,6.225,231.167,174.0,57.167,261.683,22.168,11.0
Bengaluru,12.9716,77.5946,2025-10-27,2025,10,27,22.2,84.667,100.0,10.808,100.583,10.0,90.583,14.354,9.644,0.104
Bengaluru,12.9716,77.5946,2025-10-28,2025,10,28,21.621,87.292,100.0,15.829,93.875,7.792,86.083,11.217,9.004,0.283
Bengaluru,12.9716,77.5946,2025-10-29,2025,10,29,23.058,76.125,99.875,17.179,183.083,79.375,103.708,114.917,17.552,9.134
Bengaluru,12.9716,77.5946,2025-10-30,2025,10,30,22.787,75.5,60.583,12.354,209.208,130.75,78.458,210.304,20.06,11.0
Bengaluru,12.9716,77.5946,2025-10-31,2025,10,31,22.738,73.167,7.333,9.625,263.5,211.667,51.833,327.938,25.272,11.0
Bengaluru,12.9716,77.5946,2025-11-01,2025,11,1,23.058,68.25,13.0,6.225,272.667,225.542,47.125,349.746,26.152,11.0
Bengaluru,12.9716,77.5946,2025-11-02,2025,11,2,22.917,73.542,83.083,7.433,220.0,141.083,78.917,226.346,21.096,11.0
Bengaluru,12.9716,77.5946,2025-11-03,2025,11,3,22.812,77.625,55.292,8.754,228.333,151.792,76.542,237.85,21.9,11.0
Bengaluru,12.9716,77.5946,2025-11-04,2025,11,4,22.008,81.917,74.333,8.408,176.542,96.833,79.708,153.496,16.936,8.39
Bengaluru,12.9716,77.5946,2025-11-05,2025,11,5,22.979,82.792,60.542,6.6,187.958,119.667,68.292,186.108,18.028,10.576
Bengaluru,12.9716,77.5946,2025-11-06,2025,11,6,22.496,79.833,46.917,6.742,184.917,126.542,58.375,195.346,17.736,11.0
Bengaluru,12.9716,77.5946,2025-11-07,2025,11,7,23.033,79.75,43.792,5.392,183.5,121.833,61.667,198.571,17.6,11.0
Bengaluru,12.9716,77.5946,2025-11-08,2025,11,8,22.571,73.167,29.792,7.758,191.708,117.5,74.208,186.021,18.388,11.0
Bengaluru,12.9716,77.5946,2025-11-09,2025,11,9,21.396,63.75,3.625,7.671,262.792,215.375,47.417,340.104,25.208,11.0
Bengaluru,12.9716,77.5946,2025-11-10,2025,11,10,21.717,70.5,35.75,4.229,234.708,178.75,55.958,281.537,22.516,11.0
Bengaluru,12.9716,77.5946,2025-11-11,2025,11,11,22.817,73.333,42.125,5.783,186.708,114.542,72.167,191.571,17.912,11.0
Bengaluru,12.9716,77.5946,2025-11-12,2025,11,12,22.967,75.75,49.375,8.721,191.875,123.0,68.875,197.088,18.412,11.0
Bengaluru,12.9716,77.5946,2025-11-13,2025,11,13,23.525,75.917,62.583,8.804,193.833,127.75,66.083,188.35,18.596,9.538
Bengaluru,12.9716,77.5946,2025-11-14,2025,11,14,22.225,76.583,62.25,8.983,175.625,87.417,88.208,139.688,16.848,9.743
Bengaluru,12.9716,77.5946,2025-11-15,2025,11,15,20.804,73.708,67.5,8.842,255.458,208.5,46.958,329.608,24.508,11.0
Bengaluru,12.9716,77.5946,2025-11-16,2025,11,16,21.333,79.792,84.417,10.308,181.0,117.0,64.0,171.05,17.372,6.917
Bengaluru,12.9716,77.5946,2025-11-17,2025,11,17,21.483,73.875,76.875,10.696,189.458,120.875,68.583,190.263,18.18,9.311
Bengaluru,12.9716,77.5946,2025-11-18,2025,11,18,21.388,79.083,74.708,13.208,132.583,61.292,71.292,109.079,12.72,7.92
Bengaluru,12.9716,77.5946,2025-11-19,2025,11,19,22.175,77.583,59.375,9.446,150.208,65.25,84.958,100.921,14.408,8.478
Bengaluru,12.9716,77.5946,2025-11-20,2025,11,20,22.292,74.083,29.125,9.3,236.5,186.833,49.667,300.125,22.688,11.0
Bengaluru,12.9716,77.5946,2025-11-21,2025,11,21,22.171,80.917,60.083,10.904,162.042,91.167,70.875,157.292,15.544,10.879
Bengaluru,12.9716,77.5946,2025-11-22,2025,11,22,22.588,83.458,98.875,11.412,147.083,77.042,70.042,115.133,14.112,8.82
Bengaluru,12.9716,77.5946,2025-11-23,2025,11,23,22.146,82.292,99.542,11.192,120.292,28.25,92.042,41.879,11.54,3.697
Bengaluru,12.9716,77.5946,2025-11-24,2025,11,24,22.379,79.417,94.125,11.204,160.792,80.792,80.0,126.154,15.424,9.323
Bengaluru,12.9716,77.5946,2025-11-25,2025,11,25,21.825,76.792,79.75,11.442,178.25,89.625,88.625,139.883,17.096,8.491
Bengaluru,12.9716,77.5946,2025-11-26,2025,11,26,21.392,74.542,94.375,11.938,246.458,199.042,47.417,321.2,23.644,11.0
Bengaluru,12.9716,77.5946,2025-11-27,2025,11,27,20.204,75.25,96.375,13.933,224.0,153.167,70.833,243.35,21.488,10.905
Bengaluru,12.9716,77.5946,2025-11-28,2025,11,28,19.796,75.5,87.458,12.688,201.625,100.667,100.958,156.2,19.344,9.489
Bengaluru,12.9716,77.5946,2025-11-29,2025,11,29,19.375,79.792,98.917,13.379,126.833,44.667,82.167,76.367,12.164,4.729
Bengaluru,12.9716,77.5946,2025-11-30,2025,11,30,19.6,94.458,98.75,11.954,39.833,1.75,38.083,2.712,3.82,0.0
Bengaluru,12.9716,77.5946,2025-12-01,2025,12,1,20.988,84.375,75.375,12.237,134.833,61.375,73.458,117.446,12.928,8.748
Bengaluru,12.9716,77.5946,2025-12-02,2025,12,2,21.488,85.042,85.375,13.008,127.458,46.458,81.0,92.312,12.232,7.108
Bengaluru,12.9716,77.5946,2025-12-03,2025,12,3,21.492,86.083,89.917,13.688,126.833,58.542,68.292,96.696,12.168,7.735
Bengaluru,12.9716,77.5946,2025-12-04,2025,12,4,22.0,84.667,89.083,12.412,139.25,75.167,64.083,111.879,13.352,7.309
Bengaluru,12.9716,77.5946,2025-12-05,2025,12,5,21.717,83.208,84.708,13.412,139.75,69.708,70.042,115.512,13.404,8.814
Bengaluru,12.9716,77.5946,2025-12-06,2025,12,6,21.05,74.917,55.792,11.217,219.583,165.542,54.042,263.017,21.064,9.924
Bengaluru,12.9716,77.5946,2025-12-07,2025,12,7,20.792,77.25,67.875,9.838,205.792,115.083,90.708,190.779,19.736,10.896
Bengaluru,12.9716,77.5946,2025-12-08,2025,12,8,20.362,69.042,8.125,9.513,246.208,203.708,42.5,345.779,23.612,10.932
Bengaluru,12.9716,77.5946,2025-12-09,2025,12,9,20.496,73.75,12.708,10.788,229.708,180.0,49.708,302.508,22.032,10.923
Bengaluru,12.9716,77.5946,2025-12-10,2025,12,10,20.938,63.75,9.083,11.642,244.458,201.75,42.708,341.862,23.444,10.914
Bengaluru,12.9716,77.5946,2025-12-11,2025,12,11,19.492,69.833,0.167,11.821,247.458,204.125,43.333,348.012,23.728,10.905
Bengaluru,12.9716,77.5946,2025-12-12,2025,12,12,19.083,70.542,11.625,9.071,250.458,207.208,43.25,353.258,24.016,10.896
Bengaluru,12.9716,77.5946,2025-12-13,2025,12,13,19.142,63.333,11.75,8.479,255.292,212.292,43.0,363.483,24.476,10.923
Bengaluru,12.9716,77.5946,2025-12-14,2025,12,14,18.758,70.083,15.292,9.467,250.875,207.167,43.708,349.617,24.052,10.912
Bengaluru,12.9716,77.5946,2025-12-15,2025,12,15,18.696,68.542,18.75,10.167,248.25,202.167,46.083,334.504,23.8,10.9
Bengaluru,12.9716,77.5946,2025-12-16,2025,12,16,19.812,81.833,63.5,13.288,153.875,99.542,54.333,171.55,14.752,8.112
Bengaluru,12.9716,77.5946,2025-12-17,2025,12,17,21.683,72.417,40.667,12.038,228.25,176.25,52.0,287.796,21.876,10.022
Bengaluru,12.9716,77.5946,2025-12-18,2025,12,18,19.283,65.583,72.333,9.742,248.625,197.208,51.417,335.954,23.832,10.862
Bengaluru,12.9716,77.5946,2025-12-19,2025,12,19,18.988,65.375,98.083,9.108,237.167,174.792,62.375,287.762,22.728,10.103
Bengaluru,12.9716,77.5946,2025-12-20,2025,12,20,18.604,68.917,61.208,7.408,242.083,192.5,49.583,324.758,23.2,10.909
Bengaluru,12.9716,77.5946,2025-12-21,2025,12,21,18.871,71.75,31.375,8.421,243.625,196.833,46.792,329.783,23.344,10.896
Bengaluru,12.9716,77.5946,2025-12-22,2025,12,22,19.254,74.958,80.375,9.45,236.417,185.125,51.292,303.008,22.652,10.319
Bengaluru,12.9716,77.5946,2025-12-23,2025,12,23,19.537,69.875,70.75,8.708,244.25,197.958,46.292,331.0,23.4,10.825
Bengaluru,12.9716,77.5946,2025-12-24,2025,12,24,18.871,72.0,50.667,7.933,242.417,195.417,47.0,325.117,23.224,10.93
Bengaluru,12.9716,77.5946,2025-12-25,2025,12,25,19.4,68.292,31.708,8.292,249.042,205.167,43.875,347.917,23.856,10.917
Bengaluru,12.9716,77.5946,2025-12-26,2025,12,26,20.713,74.083,55.958,9.679,204.667,141.208,63.458,223.875,19.62,9.592
Bengaluru,12.9716,77.5946,2025-12-27,2025,12,27,20.046,69.5,32.292,9.733,240.333,192.167,48.167,313.008,23.016,10.388
Bengaluru,12.9716,77.5946,2025-12-28,2025,12,28,19.717,72.125,25.25,8.433,243.0,198.417,44.583,332.879,23.272,10.819
Bengaluru,12.9716,77.5946,2025-12-29,2025,12,29,20.342,73.083,51.375,8.804,241.542,197.958,43.583,335.633,23.128,10.94
Bengaluru,12.9716,77.5946,2025-12-30,2025,12,30,21.129,73.542,31.5,5.525,240.25,195.708,44.542,329.525,23.004,10.928
Bengaluru,12.9716,77.5946,2025-12-31,2025,12,31,21.875,74.667,53.625,5.879,206.875,145.458,61.417,231.467,19.816,10.238
Chennai,13.0827,80.2707,2023-01-01,2023,1,1,25.388,83.333,35.458,6.317,217.042,160.042,57.0,256.879,20.812,9.983
Chennai,13.0827,80.2707,2023-01-02,2023,1,2,26.154,74.792,42.542,8.208,198.0,133.25,64.75,229.333,18.988,10.916
Chennai,13.0827,80.2707,2023-01-03,2023,1,3,25.862,77.583,22.667,10.771,173.292,114.375,58.917,199.696,16.612,10.91
Chennai,13.0827,80.2707,2023-01-04,2023,1,4,26.117,76.375,41.292,13.075,178.708,119.583,59.125,212.317,17.128,10.904
Chennai,13.0827,80.2707,2023-01-05,2023,1,5,26.625,72.667,33.833,18.225,218.208,168.083,50.125,281.65,20.92,10.898
Chennai,13.0827,80.2707,2023-01-06,2023,1,6,26.379,74.375,50.75,19.783,186.25,122.75,63.5,195.467,17.852,10.848
Chennai,13.0827,80.2707,2023-01-07,2023,1,7,26.258,75.0,25.417,17.021,199.125,145.417,53.708,244.754,19.088,10.888
Chennai,13.0827,80.2707,2023-01-08,2023,1,8,25.246,76.542,25.5,15.633,168.458,106.75,61.708,185.138,16.144,10.883
Chennai,13.0827,80.2707,2023-01-09,2023,1,9,24.729,66.667,22.667,14.092,231.417,175.792,55.625,295.433,22.18,10.887
Chennai,13.0827,80.2707,2023-01-10,2023,1,10,25.242,66.917,56.292,14.321,185.292,110.833,74.458,181.542,17.748,9.249
Chennai,13.0827,80.2707,2023-01-11,2023,1,11,24.554,74.25,19.542,10.842,224.167,162.458,61.708,277.654,21.476,10.939
Chennai,13.0827,80.2707,2023-01-12,2023,1,12,24.454,74.958,8.958,8.383,241.625,192.458,49.167,323.438,23.148,11.001
Chennai,13.0827,80.2707,2023-01-13,2023,1,13,24.492,75.208,83.542,6.462,225.042,171.542,53.5,276.804,21.556,10.343
Chennai,13.0827,80.2707,2023-01-14,2023,1,14,24.292,73.167,76.708,6.479,237.625,180.167,57.458,289.625,22.76,10.552
Chennai,13.0827,80.2707,2023-01-15,2023,1,15,23.742,75.167,44.333,6.358,219.542,155.875,63.667,250.8,21.02,9.617
Chennai,13.0827,80.2707,2023-01-16,2023,1,16,24.029,74.125,19.042,8.667,240.5,186.458,54.042,309.679,23.032,11.039
Chennai,13.0827,80.2707,2023-01-17,2023,1,17,24.992,70.208,33.583,7.9,201.917,133.458,68.458,218.112,19.324,10.682
Chennai,13.0827,80.2707,2023-01-18,2023,1,18,25.025,69.5,86.458,10.008,200.833,122.833,78.0,205.383,19.22,10.482
Chennai,13.0827,80.2707,2023-01-19,2023,1,19,25.292,68.417,52.042,9.471,227.083,166.708,60.375,271.658,21.74,11.019
Chennai,13.0827,80.2707,2023-01-20,2023,1,20,25.371,76.417,53.5,11.617,153.167,90.583,62.583,155.742,14.648,10.662
Chennai,13.0827,80.2707,2023-01-21,2023,1,21,25.958,73.625,68.292,14.5,227.917,170.167,57.75,277.854,21.816,11.077
Chennai,13.0827,80.2707,2023-01-22,2023,1,22,25.667,72.208,94.458,12.962,214.25,135.208,79.042,218.208,20.516,10.811
Chennai,13.0827,80.2707,2023-01-23,2023,1,23,26.204,73.75,89.667,14.408,125.792,48.792,77.0,77.488,12.036,7.359
Chennai,13.0827,80.2707,2023-01-24,2023,1,24,25.725,74.833,80.292,13.2,225.167,162.208,62.958,261.246,21.544,11.062
Chennai,13.0827,80.2707,2023-01-25,2023,1,25,25.342,71.25,53.0,12.083,218.708,147.958,70.75,233.688,20.936,10.773
Chennai,13.0827,80.2707,2023-01-26,2023,1,26,25.354,72.542,44.375,11.362,200.333,116.417,83.917,183.2,19.164,11.024
Chennai,13.0827,80.2707,2023-01-27,2023,1,27,25.304,72.458,58.708,10.408,226.875,161.667,65.208,262.733,21.696,11.107
Chennai,13.0827,80.2707,2023-01-28,2023,1,28,25.558,73.0,38.0,12.588,219.958,153.625,66.333,241.688,21.044,11.045
Chennai,13.0827,80.2707,2023-01-29,2023,1,29,26.3,73.708,54.5,14.933,197.583,130.667,66.917,208.383,18.9,10.884
Chennai,13.0827,80.2707,2023-01-30,2023,1,30,26.412,79.958,75.667,15.8,177.792,114.208,63.583,183.754,16.984,10.807
Chennai,13.0827,80.2707,2023-01-31,2023,1,31,26.617,78.042,99.958,18.05,158.208,85.667,72.542,122.742,15.168,7.81
Chennai,13.0827,80.2707,2023-02-01,2023,2,1,26.629,78.167,99.958,19.85,121.458,45.542,75.917,64.512,11.616,4.854
Chennai,13.0827,80.2707,2023-02-02,2023,2,2,26.879,75.375,95.667,20.512,146.542,62.417,84.125,105.587,13.992,8.125
Chennai,13.0827,80.2707,2023-02-03,2023,2,3,27.154,73.708,44.708,18.733,198.583,138.875,59.708,210.842,18.976,11.1
Chennai,13.0827,80.2707,2023-02-04,2023,2,4,26.65,73.75,26.917,13.542,241.5,182.292,59.208,281.883,23.084,11.304
Chennai,13.0827,80.2707,2023-02-05,2023,2,5,25.713,76.833,49.625,10.275,254.25,199.083,55.167,309.3,24.3,11.372
Chennai,13.0827,80.2707,2023-02-06,2023,2,6,25.504,79.875,63.042,8.375,249.292,186.167,63.125,280.3,23.824,10.823
Chennai,13.0827,80.2707,2023-02-07,2023,2,7,25.612,79.333,30.625,7.138,249.75,188.583,61.167,282.037,23.864,10.952
Chennai,13.0827,80.2707,2023-02-08,2023,2,8,25.617,78.417,71.333,7.208,249.333,191.083,58.25,285.192,23.82,10.789
Chennai,13.0827,80.2707,2023-02-09,2023,2,9,25.346,79.792,93.417,6.546,237.542,170.875,66.667,255.4,22.684,10.524
Chennai,13.0827,80.2707,2023-02-10,2023,2,10,25.333,78.0,49.75,7.304,257.042,198.917,58.125,291.938,24.552,10.968
Chennai,13.0827,80.2707,2023-02-11,2023,2,11,25.158,78.458,89.792,6.046,234.667,144.958,89.708,199.979,22.432,9.28
Chennai,13.0827,80.2707,2023-02-12,2023,2,12,25.329,75.875,46.458,6.525,263.875,205.125,58.75,301.479,25.2,11.107
Chennai,13.0827,80.2707,2023-02-13,2023,2,13,24.892,77.0,42.542,6.633,265.625,208.292,57.333,304.042,25.368,10.983
Chennai,13.0827,80.2707,2023-02-14,2023,2,14,24.996,78.625,27.083,6.837,259.958,198.375,61.583,286.512,24.824,10.698
Chennai,13.0827,80.2707,2023-02-15,2023,2,15,25.296,78.917,22.208,7.225,262.417,204.0,58.417,294.808,25.056,10.967
Chennai,13.0827,80.2707,2023-02-16,2023,2,16,25.388,78.417,21.833,6.704,261.917,201.333,60.583,290.858,25.008,11.131
Chennai,13.0827,80.2707,2023-02-17,2023,2,17,25.067,76.917,24.917,6.592,256.583,189.542,67.042,275.388,24.492,10.553
Chennai,13.0827,80.2707,2023-02-18,2023,2,18,26.092,75.083,14.458,7.538,237.667,159.833,77.833,244.462,22.676,11.634
Chennai,13.0827,80.2707,2023-02-19,2023,2,19,26.362,76.25,11.25,8.996,252.417,186.417,66.0,283.242,24.088,11.646
Chennai,13.0827,80.2707,2023-02-20,2023,2,20,26.042,75.208,14.792,6.367,272.0,213.917,58.083,308.579,25.968,11.511
Chennai,13.0827,80.2707,2023-02-21,2023,2,21,26.388,72.083,7.333,7.275,279.75,228.292,51.458,342.329,26.708,11.669
Chennai,13.0827,80.2707,2023-02-22,2023,2,22,26.071,73.167,0.125,7.354,274.5,217.292,57.208,311.862,26.2,11.373
Chennai,13.0827,80.2707,2023-02-23,2023,2,23,26.242,70.042,2.5,8.558,282.75,230.5,52.25,343.954,26.992,11.692
Chennai,13.0827,80.2707,2023-02-24,2023,2,24,26.262,72.167,17.167,7.433,262.083,196.917,65.167,285.304,25.004,11.437
Chennai,13.0827,80.2707,2023-02-25,2023,2,25,25.658,73.0,4.333,7.008,287.292,235.208,52.083,349.867,27.42,11.715
Chennai,13.0827,80.2707,2023-02-26,2023,2,26,25.504,75.833,19.917,7.462,277.042,216.792,60.25,307.758,26.436,11.299
Chennai,13.0827,80.2707,2023-02-27,2023,2,27,26.388,72.083,16.708,9.308,288.292,235.667,52.625,347.083,27.516,11.733
Chennai,13.0827,80.2707,2023-02-28,2023,2,28,27.129,76.0,9.542,12.379,268.875,213.042,55.833,310.892,25.676,11.627
Chennai,13.0827,80.2707,2023-03-01,2023,3,1,27.392,75.625,18.917,13.654,274.583,217.208,57.375,316.429,26.204,11.739
Chennai,13.0827,80.2707,2023-03-02,2023,3,2,26.85,65.083,3.0,10.188,292.625,239.833,52.792,351.963,27.924,11.742
Chennai,13.0827,80.2707,2023-03-03,2023,3,3,26.492,71.0,11.708,10.312,289.5,236.083,53.417,345.858,27.628,11.744
Chennai,13.0827,80.2707,2023-03-04,2023,3,4,26.746,72.833,4.042,9.654,280.792,220.917,59.875,324.346,26.796,11.746
Chennai,13.0827,80.2707,2023-03-05,2023,3,5,26.946,74.917,50.75,9.733,283.292,220.583,62.708,322.658,27.032,11.749
Chennai,13.0827,80.2707,2023-03-06,2023,3,6,26.475,76.042,13.292,8.075,281.083,218.833,62.25,304.713,26.816,11.297
Chennai,13.0827,80.2707,2023-03-07,2023,3,7,26.388,75.958,37.333,7.879,261.833,189.333,72.5,263.233,24.98,11.133
Chennai,13.0827,80.2707,2023-03-08,2023,3,8,26.933,72.708,36.0,10.879,278.792,209.625,69.167,301.375,26.596,11.755
Chennai,13.0827,80.2707,2023-03-09,2023,3,9,26.892,77.292,57.375,11.758,271.417,197.833,73.583,282.696,25.892,11.756
Chennai,13.0827,80.2707,2023-03-10,2023,3,10,27.033,74.042,76.167,10.079,253.292,163.75,89.542,231.3,24.164,11.526
Chennai,13.0827,80.2707,2023-03-11,2023,3,11,26.908,74.667,18.417,11.821,265.167,186.5,78.667,269.958,25.292,11.76
Chennai,13.0827,80.2707,2023-03-12,2023,3,12,27.467,75.208,14.917,11.425,274.792,211.958,62.833,301.862,26.22,11.761
Chennai,13.0827,80.2707,2023-03-13,2023,3,13,27.679,76.958,11.25,9.392,279.667,219.833,59.833,302.942,26.716,11.604
Chennai,13.0827,80.2707,2023-03-14,2023,3,14,27.375,77.875,15.708,9.533,279.833,219.167,60.667,300.529,26.704,11.678
Chennai,13.0827,80.2707,2023-03-15,2023,3,15,27.942,77.583,45.917,11.621,259.458,185.792,73.667,262.725,24.772,11.733
Chennai,13.0827,80.2707,2023-03-16,2023,3,16,28.488,75.458,37.708,13.538,238.042,165.458,72.583,231.725,22.708,11.535
Chennai,13.0827,80.2707,2023-03-17,2023,3,17,27.458,83.75,50.875,10.833,212.208,123.583,88.625,182.962,20.228,11.6
Chennai,13.0827,80.2707,2023-03-18,2023,3,18,27.738,82.083,44.708,12.679,212.292,135.208,77.083,188.696,20.292,10.939
Chennai,13.0827,80.2707,2023-03-19,2023,3,19,27.4,81.208,57.833,9.121,221.458,150.625,70.833,206.296,21.156,10.558
Chennai,13.0827,80.2707,2023-03-20,2023,3,20,27.454,81.167,89.583,15.625,209.25,119.583,89.667,167.258,19.984,11.082
Chennai,13.0827,80.2707,2023-03-21,2023,3,21,28.504,82.583,49.458,13.379,250.708,184.583,66.125,259.496,23.948,11.268
Chennai,13.0827,80.2707,2023-03-22,2023,3,22,28.963,81.708,31.75,12.208,267.0,201.0,66.0,272.967,25.488,11.53
Chennai,13.0827,80.2707,2023-03-23,2023,3,23,28.383,83.625,70.833,16.004,232.458,153.5,78.958,206.888,22.172,11.142
Chennai,13.0827,80.2707,2023-03-24,2023,3,24,28.713,82.708,31.083,14.542,261.25,197.25,64.0,268.079,24.948,11.463
Chennai,13.0827,80.2707,2023-03-25,2023,3,25,28.912,82.917,85.25,15.013,231.0,156.542,74.458,214.054,22.052,11.221
Chennai,13.0827,80.2707,2023-03-26,2023,3,26,29.05,81.083,93.167,13.35,231.5,160.208,71.292,222.829,22.072,11.362
Chennai,13.0827,80.2707,2023-03-27,2023,3,27,29.275,81.042,35.042,13.858,266.167,206.458,59.708,275.45,25.432,11.659
Chennai,13.0827,80.2707,2023-03-28,2023,3,28,29.213,80.083,36.458,13.462,248.583,166.042,82.542,225.746,23.72,11.224
Chennai,13.0827,80.2707,2023-03-29,2023,3,29,28.912,76.625,39.25,14.117,274.833,201.667,73.167,276.779,26.236,11.639
Chennai,13.0827,80.2707,2023-03-30,2023,3,30,28.7,76.833,26.0,13.925,272.75,201.708,71.042,279.308,26.016,11.783
Chennai,13.0827,80.2707,2023-03-31,2023,3,31,28.821,76.792,19.333,15.854,292.625,231.542,61.083,320.537,27.94,11.784
Chennai,13.0827,80.2707,2023-04-01,2023,4,1,29.208,79.375,34.0,17.6,235.708,161.208,74.5,214.679,22.492,11.701
Chennai,13.0827,80.2707,2023-04-02,2023,4,2,29.287,79.667,43.292,17.921,240.792,176.75,64.042,230.825,23.0,11.396
Chennai,13.0827,80.2707,2023-04-03,2023,4,3,29.567,79.417,28.0,16.883,258.0,193.958,64.042,259.658,24.616,11.787
Chennai,13.0827,80.2707,2023-04-04,2023,4,4,29.6,78.083,35.708,16.125,246.833,178.042,68.792,239.737,23.544,11.6
Chennai,13.0827,80.2707,2023-04-05,2023,4,5,29.525,78.917,22.667,16.421,284.75,221.958,62.792,299.783,27.196,11.725
Chennai,13.0827,80.2707,2023-04-06,2023,4,6,29.692,77.125,12.292,13.867,276.292,206.417,69.875,275.871,26.352,11.317
Chennai,13.0827,80.2707,2023-04-07,2023,4,7,29.271,76.417,9.333,10.967,282.042,213.458,68.583,290.171,26.9,11.792
Chennai,13.0827,80.2707,2023-04-08,2023,4,8,28.929,74.833,6.958,10.408,288.375,221.542,66.833,301.121,27.508,11.794
Chennai,13.0827,80.2707,2023-04-09,2023,4,9,29.229,73.167,23.875,8.979,267.292,188.917,78.375,265.188,25.488,11.795
Chennai,13.0827,80.2707,2023-04-10,2023,4,10,29.117,75.458,17.417,8.642,282.833,214.333,68.5,292.667,26.976,11.796
Chennai,13.0827,80.2707,2023-04-11,2023,4,11,29.104,75.375,19.708,6.817,295.083,229.125,65.958,309.908,28.148,11.798
Chennai,13.0827,80.2707,2023-04-12,2023,4,12,28.921,76.125,17.083,8.892,301.042,236.792,64.25,312.333,28.716,11.681
Chennai,13.0827,80.2707,2023-04-13,2023,4,13,29.117,77.792,23.083,10.817,300.333,236.167,64.167,309.338,28.648,11.327
Chennai,13.0827,80.2707,2023-04-14,2023,4,14,29.433,77.458,40.25,12.033,300.625,237.417,63.208,311.596,28.676,11.286
Chennai,13.0827,80.2707,2023-04-15,2023,4,15,29.608,77.333,92.5,9.971,291.958,211.583,80.375,276.946,27.888,10.824
Chennai,13.0827,80.2707,2023-04-16,2023,4,16,29.775,77.792,36.292,12.5,306.583,247.917,58.667,339.008,29.248,11.885
Chennai,13.0827,80.2707,2023-04-17,2023,4,17,29.679,75.917,17.917,13.567,307.833,249.625,58.208,333.162,29.364,11.628
Chennai,13.0827,80.2707,2023-04-18,2023,4,18,29.562,79.792,19.458,12.671,294.208,226.875,67.333,297.146,28.06,11.226
Chennai,13.0827,80.2707,2023-04-19,2023,4,19,29.896,79.333,18.833,13.846,293.042,227.917,65.125,300.175,27.948,11.253
Chennai,13.0827,80.2707,2023-04-20,2023,4,20,30.738,78.875,14.792,17.575,295.375,231.708,63.667,308.696,28.176,11.813
Chennai,13.0827,80.2707,2023-04-21,2023,4,21,30.704,80.542,11.917,17.779,289.917,228.083,61.833,305.454,27.656,11.873
Chennai,13.0827,80.2707,2023-04-22,2023,4,22,30.321,80.375,31.917,14.367,263.625,192.417,71.208,261.033,25.144,11.817
Chennai,13.0827,80.2707,2023-04-23,2023,4,23,30.338,79.333,46.542,15.1,263.458,194.125,69.333,267.233,25.14,11.914
Chennai,13.0827,80.2707,2023-04-24,2023,4,24,30.121,76.917,45.167,15.629,229.833,159.042,70.792,212.975,21.932,11.395
Chennai,13.0827,80.2707,2023-04-25,2023,4,25,30.475,77.167,70.208,13.867,265.042,188.125,76.917,254.879,25.292,11.638
Chennai,13.0827,80.2707,2023-04-26,2023,4,26,30.225,77.083,75.875,9.983,243.333,169.667,73.667,234.467,23.196,11.837
Chennai,13.0827,80.2707,2023-04-27,2023,4,27,30.442,76.417,81.417,10.263,269.417,198.458,70.958,265.533,25.704,11.632
Chennai,13.0827,80.2707,2023-04-28,2023,4,28,30.517,77.25,95.25,10.871,254.083,176.708,77.375,234.708,24.224,11.664
Chennai,13.0827,80.2707,2023-04-29,2023,4,29,29.85,79.125,76.708,10.179,241.042,156.917,84.125,223.096,22.992,11.76
Chennai,13.0827,80.2707,2023-04-30,2023,4,30,29.758,78.375,78.792,11.112,227.542,130.625,96.917,185.558,21.672,11.799
Chennai,13.0827,80.2707,2023-05-01,2023,5,1,28.783,81.5,90.083,13.596,193.958,105.208,88.75,143.429,18.488,10.44
Chennai,13.0827,80.2707,2023-05-02,2023,5,2,27.65,85.875,100.0,11.546,83.708,9.875,73.833,11.425,7.98,0.089
Chennai,13.0827,80.2707,2023-05-03,2023,5,3,28.354,83.875,98.458,7.771,172.917,63.875,109.042,78.267,16.516,5.659
Chennai,13.0827,80.2707,2023-05-04,2023,5,4,29.079,80.625,89.583,7.029,200.792,98.833,101.958,129.25,19.144,9.737
Chennai,13.0827,80.2707,2023-05-05,2023,5,5,28.542,83.667,95.833,8.642,169.667,77.958,91.708,98.212,16.212,5.92
Chennai,13.0827,80.2707,2023-05-06,2023,5,6,28.429,83.833,97.125,5.992,161.708,65.417,96.292,89.179,15.408,7.433
Chennai,13.0827,80.2707,2023-05-07,2023,5,7,29.225,80.625,98.625,9.9,174.875,60.292,114.583,70.925,16.756,5.996
Chennai,13.0827,80.2707,2023-05-08,2023,5,8,29.429,79.167,61.125,8.425,273.458,192.625,80.833,260.404,26.084,11.872
Chennai,13.0827,80.2707,2023-05-09,2023,5,9,30.2,79.583,66.083,7.383,294.458,235.167,59.292,322.454,28.076,12.28
Chennai,13.0827,80.2707,2023-05-10,2023,5,10,30.317,79.917,99.75,7.733,271.75,179.042,92.708,231.279,25.912,11.388
Chennai,13.0827,80.2707,2023-05-11,2023,5,11,30.033,80.958,100.0,8.842,202.0,71.958,130.042,89.467,19.264,7.585
Chennai,13.0827,80.2707,2023-05-12,2023,5,12,30.871,80.667,100.0,9.808,239.042,126.458,112.583,166.596,22.8,10.645
Chennai,13.0827,80.2707,2023-05-13,2023,5,13,31.996,68.75,100.0,16.975,246.0,124.583,121.417,153.029,23.488,9.654
Chennai,13.0827,80.2707,2023-05-14,2023,5,14,32.521,68.958,97.917,14.933,291.375,216.792,74.583,289.517,27.828,11.514
Chennai,13.0827,80.2707,2023-05-15,2023,5,15,31.892,75.833,92.25,14.688,291.792,231.375,60.417,311.463,27.848,12.273
Chennai,13.0827,80.2707,2023-05-16,2023,5,16,32.088,75.542,76.25,15.946,301.417,244.458,56.958,334.067,28.744,12.438
Chennai,13.0827,80.2707,2023-05-17,2023,5,17,31.312,80.958,33.167,19.35,294.167,231.208,62.958,316.971,28.036,12.372
Chennai,13.0827,80.2707,2023-05-18,2023,5,18,30.742,81.083,20.458,18.775,298.917,241.125,57.792,332.079,28.484,12.445
Chennai,13.0827,80.2707,2023-05-19,2023,5,19,30.812,80.833,5.375,20.696,300.125,243.542,56.583,335.283,28.596,12.31
Chennai,13.0827,80.2707,2023-05-20,2023,5,20,30.633,82.417,4.917,17.438,301.083,244.875,56.208,338.012,28.684,12.454
Chennai,13.0827,80.2707,2023-05-21,2023,5,21,30.325,82.208,16.667,18.333,290.833,231.875,58.958,317.963,27.708,12.319
Chennai,13.0827,80.2707,2023-05-22,2023,5,22,30.371,81.542,15.958,17.371,274.792,203.167,71.625,288.275,26.164,12.393
Chennai,13.0827,80.2707,2023-05-23,2023,5,23,30.467,80.25,8.458,16.017,292.167,235.625,56.542,327.5,27.824,12.468
Chennai,13.0827,80.2707,2023-05-24,2023,5,24,30.892,76.167,9.083,18.029,290.958,232.667,58.292,322.662,27.736,12.473
Chennai,13.0827,80.2707,2023-05-25,2023,5,25,31.383,73.0,40.625,15.429,283.25,222.458,60.792,305.825,26.976,12.268
Chennai,13.0827,80.2707,2023-05-26,2023,5,26,31.138,72.417,52.125,13.162,262.667,192.583,70.083,264.671,25.216,12.123
Chennai,13.0827,80.2707,2023-05-27,2023,5,27,31.579,71.667,57.083,11.25,273.583,216.625,56.958,293.8,26.264,12.419
Chennai,13.0827,80.2707,2023-05-28,2023,5,28,31.521,76.042,46.625,13.454,283.083,222.542,60.542,303.362,27.176,12.403
Chennai,13.0827,80.2707,2023-05-29,2023,5,29,31.171,79.917,20.417,14.658,297.25,241.0,56.25,333.829,28.536,12.571
Chennai,13.0827,80.2707,2023-05-30,2023,5,30,30.25,79.833,77.208,14.579,283.75,223.083,60.667,304.288,27.24,12.436
Chennai,13.0827,80.2707,2023-05-31,2023,5,31,30.554,77.75,49.375,12.112,290.0,230.458,59.542,313.867,27.84,12.442
Chennai,13.0827,80.2707,2023-06-01,2023,6,1,31.55,75.708,63.75,17.271,286.625,221.917,64.708,304.525,27.516,12.377
Chennai,13.0827,80.2707,2023-06-02,2023,6,2,32.092,69.958,50.708,13.129,281.083,222.292,58.792,305.933,26.984,12.595
Chennai,13.0827,80.2707,2023-06-03,2023,6,3,32.521,69.917,75.292,15.654,275.417,208.042,67.375,281.2,26.44,12.137
Chennai,13.0827,80.2707,2023-06-04,2023,6,4,32.354,70.083,43.417,11.321,282.208,222.375,59.833,311.654,27.092,12.536
Chennai,13.0827,80.2707,2023-06-05,2023,6,5,31.463,71.792,69.292,13.792,270.125,202.083,68.042,271.375,25.932,11.975
Chennai,13.0827,80.2707,2023-06-06,2023,6,6,31.633,70.375,65.583,17.075,271.792,213.208,58.583,295.5,26.092,12.477
Chennai,13.0827,80.2707,2023-06-07,2023,6,7,31.692,70.333,72.083,14.546,224.042,147.833,76.208,199.062,21.508,11.846
Chennai,13.0827,80.2707,2023-06-08,2023,6,8,32.167,66.292,91.208,17.204,242.542,165.5,77.042,225.675,23.284,12.244
Chennai,13.0827,80.2707,2023-06-09,2023,6,9,32.171,63.875,97.375,15.625,266.5,188.542,77.958,243.675,25.584,10.462
Chennai,13.0827,80.2707,2023-06-10,2023,6,10,31.975,63.667,62.25,14.125,280.75,222.208,58.542,297.875,26.952,11.665
Chennai,13.0827,80.2707,2023-06-11,2023,6,11,31.921,64.292,77.125,15.567,270.042,202.958,67.083,277.921,25.924,12.424
Chennai,13.0827,80.2707,2023-06-12,2023,6,12,31.938,66.708,38.958,15.3,283.5,224.042,59.458,297.529,27.216,12.346
Chennai,13.0827,80.2707,2023-06-13,2023,6,13,32.004,65.542,49.958,14.842,285.917,226.75,59.167,308.933,27.448,11.992
Chennai,13.0827,80.2707,2023-06-14,2023,6,14,32.333,64.875,69.708,12.729,283.625,222.375,61.25,304.062,27.228,11.993
Chennai,13.0827,80.2707,2023-06-15,2023,6,15,32.696,63.25,91.667,13.967,281.0,219.417,61.583,296.688,26.976,12.094
Chennai,13.0827,80.2707,2023-06-16,2023,6,16,32.979,64.583,44.833,13.767,288.0,228.375,59.625,315.754,27.648,12.495
Chennai,13.0827,80.2707,2023-06-17,2023,6,17,31.896,65.542,99.458,16.65,173.25,77.333,95.917,107.533,16.632,5.0
Chennai,13.0827,80.2707,2023-06-18,2023,6,18,29.787,74.708,93.208,15.662,149.333,71.708,77.625,113.696,14.336,7.683
Chennai,13.0827,80.2707,2023-06-19,2023,6,19,27.967,84.25,91.042,19.75,183.417,99.667,83.75,139.5,17.608,10.52
Chennai,13.0827,80.2707,2023-06-20,2023,6,20,28.508,81.708,94.792,20.388,199.083,91.208,107.875,115.704,19.112,9.392
Chennai,13.0827,80.2707,2023-06-21,2023,6,21,28.633,84.292,98.833,13.954,152.292,47.042,105.25,58.954,14.62,5.501
Chennai,13.0827,80.2707,2023-06-22,2023,6,22,29.438,82.125,98.917,11.046,159.375,72.792,86.583,90.733,15.3,5.666
Chennai,13.0827,80.2707,2023-06-23,2023,6,23,29.812,80.708,99.25,12.162,226.417,108.25,118.167,143.554,21.736,10.376
Chennai,13.0827,80.2707,2023-06-24,2023,6,24,30.233,75.125,99.417,12.617,186.042,56.292,129.75,79.046,17.86,7.869
Chennai,13.0827,80.2707,2023-06-25,2023,6,25,30.233,76.875,99.625,15.237,196.667,69.708,126.958,85.371,18.88,7.418
Chennai,13.0827,80.2707,2023-06-26,2023,6,26,30.588,73.458,99.917,13.233,211.75,101.083,110.667,134.325,20.328,9.171
Chennai,13.0827,80.2707,2023-06-27,2023,6,27,30.683,72.542,99.708,14.967,230.583,119.583,111.0,151.967,22.136,10.035
Chennai,13.0827,80.2707,2023-06-28,2023,6,28,30.708,70.583,80.125,15.267,264.583,199.25,65.333,270.983,25.4,12.089
Chennai,13.0827,80.2707,2023-06-29,2023,6,29,31.121,70.125,70.167,14.025,251.917,178.583,73.333,244.842,24.184,12.019
Chennai,13.0827,80.2707,2023-06-30,2023,6,30,30.392,72.5,73.167,15.087,263.792,191.125,72.667,255.487,25.324,11.892
Chennai,13.0827,80.2707,2023-07-01,2023,7,1,31.512,68.583,97.375,14.471,235.292,123.542,111.75,173.042,22.588,11.284
Chennai,13.0827,80.2707,2023-07-02,2023,7,2,29.825,76.625,99.833,14.362,114.958,16.708,98.25,21.204,11.036,1.233
Chennai,13.0827,80.2707,2023-07-03,2023,7,3,29.138,79.125,99.708,16.633,103.417,14.083,89.333,20.175,9.928,0.855
Chennai,13.0827,80.2707,2023-07-04,2023,7,4,29.017,75.292,100.0,13.917,131.792,21.292,110.5,25.975,12.652,1.578
Chennai,13.0827,80.2707,2023-07-05,2023,7,5,29.479,71.875,99.875,15.833,100.25,22.958,77.292,27.342,9.624,2.0
Chennai,13.0827,80.2707,2023-07-06,2023,7,6,30.112,68.458,96.5,17.133,187.208,83.5,103.708,107.304,17.972,7.044
Chennai,13.0827,80.2707,2023-07-07,2023,7,7,30.571,67.458,95.917,15.9,202.958,105.958,97.0,143.321,19.484,9.629
Chennai,13.0827,80.2707,2023-07-08,2023,7,8,30.575,68.417,94.417,15.446,204.792,107.458,97.333,145.104,19.66,11.214
Chennai,13.0827,80.2707,2023-07-09,2023,7,9,30.271,71.542,94.417,11.625,254.958,162.625,92.333,207.237,24.476,10.209
Chennai,13.0827,80.2707,2023-07-10,2023,7,10,28.725,83.333,99.708,12.596,138.792,35.417,103.375,47.546,13.324,3.578
Chennai,13.0827,80.2707,2023-07-11,2023,7,11,28.717,81.208,99.542,16.258,124.25,23.5,100.75,27.05,11.928,1.848
Chennai,13.0827,80.2707,2023-07-12,2023,7,12,28.917,78.708,98.708,12.383,177.625,48.042,129.583,58.829,17.052,5.681
Chennai,13.0827,80.2707,2023-07-13,2023,7,13,28.963,81.875,83.792,16.504,226.375,125.417,100.958,165.992,21.732,9.622
Chennai,13.0827,80.2707,2023-07-14,2023,7,14,30.0,76.458,61.542,14.017,236.792,147.667,89.125,187.717,22.732,9.605
Chennai,13.0827,80.2707,2023-07-15,2023,7,15,31.096,70.792,70.917,13.662,245.458,147.25,98.208,200.383,23.564,11.206
Chennai,13.0827,80.2707,2023-07-16,2023,7,16,30.496,72.667,94.917,12.008,200.625,78.208,122.417,101.533,19.26,8.708
Chennai,13.0827,80.2707,2023-07-17,2023,7,17,30.892,70.542,75.542,12.892,259.5,175.375,84.125,237.538,24.912,11.621
Chennai,13.0827,80.2707,2023-07-18,2023,7,18,31.429,63.5,97.75,14.679,185.125,77.417,107.708,102.775,17.772,9.086
Chennai,13.0827,80.2707,2023-07-19,2023,7,19,31.317,58.417,99.417,16.996,222.792,116.833,105.958,151.658,21.388,9.922
Chennai,13.0827,80.2707,2023-07-20,2023,7,20,31.717,56.875,91.375,17.925,244.625,154.042,90.583,210.567,23.484,11.867
Chennai,13.0827,80.2707,2023-07-21,2023,7,21,31.417,59.083,98.75,15.142,173.833,64.583,109.25,93.425,16.688,8.954
Chennai,13.0827,80.2707,2023-07-22,2023,7,22,30.308,66.5,99.5,13.067,121.708,36.917,84.792,49.754,11.684,3.504
Chennai,13.0827,80.2707,2023-07-23,2023,7,23,28.4,80.125,99.0,13.704,128.625,43.708,84.917,57.658,12.348,4.118
Chennai,13.0827,80.2707,2023-07-24,2023,7,24,28.008,81.458,99.958,15.658,86.833,2.958,83.875,3.292,8.336,0.0
Chennai,13.0827,80.2707,2023-07-25,2023,7,25,27.196,84.625,100.0,16.012,54.167,1.083,53.083,1.338,5.2,0.0
Chennai,13.0827,80.2707,2023-07-26,2023,7,26,27.704,79.917,99.875,17.679,57.292,3.958,53.333,5.296,5.5,0.0
Chennai,13.0827,80.2707,2023-07-27,2023,7,27,30.154,66.083,57.833,19.921,233.958,147.125,86.833,210.917,22.46,12.0
Chennai,13.0827,80.2707,2023-07-28,2023,7,28,31.167,62.167,42.625,15.229,256.708,186.917,69.792,251.604,24.644,11.857
Chennai,13.0827,80.2707,2023-07-29,2023,7,29,31.412,60.583,68.0,16.2,251.167,174.542,76.625,222.525,24.112,10.928
Chennai,13.0827,80.2707,2023-07-30,2023,7,30,31.242,63.417,99.333,14.821,196.792,91.5,105.292,122.492,18.892,9.168
Chennai,13.0827,80.2707,2023-07-31,2023,7,31,31.058,67.375,100.0,14.208,219.833,114.0,105.833,142.979,21.104,9.864
Chennai,13.0827,80.2707,2023-08-01,2023,8,1,31.488,62.083,100.0,14.004,221.167,100.917,120.25,127.621,21.232,9.624
Chennai,13.0827,80.2707,2023-08-02,2023,8,2,31.696,56.958,100.0,16.317,252.25,148.083,104.167,185.171,24.216,10.042
Chennai,13.0827,80.2707,2023-08-03,2023,8,3,31.529,61.542,80.667,15.158,265.625,194.667,70.958,250.896,25.5,11.856
Chennai,13.0827,80.2707,2023-08-04,2023,8,4,31.046,65.542,64.625,12.688,247.458,176.625,70.833,228.9,23.756,10.313
Chennai,13.0827,80.2707,2023-08-05,2023,8,5,30.988,67.625,77.917,12.592,238.167,152.333,85.833,206.858,22.864,11.686
Chennai,13.0827,80.2707,2023-08-06,2023,8,6,31.162,72.167,52.458,12.729,263.667,197.375,66.292,254.729,25.312,11.099
Chennai,13.0827,80.2707,2023-08-07,2023,8,7,30.762,74.417,94.625,13.288,251.167,177.542,73.625,226.5,24.112,11.443
Chennai,13.0827,80.2707,2023-08-08,2023,8,8,30.475,74.708,98.625,11.263,234.458,144.917,89.542,185.271,22.508,10.765
Chennai,13.0827,80.2707,2023-08-09,2023,8,9,30.296,76.083,93.625,9.104,247.708,172.333,75.375,223.908,23.78,11.388
Chennai,13.0827,80.2707,2023-08-10,2023,8,10,29.225,78.125,95.375,13.325,243.083,152.125,90.958,194.592,23.336,11.317
Chennai,13.0827,80.2707,2023-08-11,2023,8,11,29.029,79.167,84.667,9.458,234.208,140.458,93.75,189.875,22.484,11.461
Chennai,13.0827,80.2707,2023-08-12,2023,8,12,28.862,81.292,90.0,10.842,257.208,187.833,69.375,250.696,24.692,11.938
Chennai,13.0827,80.2707,2023-08-13,2023,8,13,29.571,79.292,99.458,9.575,241.417,158.375,83.042,208.05,23.176,11.0
Chennai,13.0827,80.2707,2023-08-14,2023,8,14,28.758,83.5,91.375,9.654,250.417,178.0,72.417,229.987,24.04,11.634
Chennai,13.0827,80.2707,2023-08-15,2023,8,15,29.571,81.417,73.583,12.65,235.75,144.333,91.417,187.458,22.632,10.186
Chennai,13.0827,80.2707,2023-08-16,2023,8,16,29.963,77.208,57.875,10.513,249.042,176.083,72.958,222.529,23.732,10.823
Chennai,13.0827,80.2707,2023-08-17,2023,8,17,30.079,75.583,95.25,13.229,254.292,172.292,82.0,221.479,24.264,11.007
Chennai,13.0827,80.2707,2023-08-18,2023,8,18,30.317,74.958,99.958,13.267,197.792,65.833,131.958,84.188,18.852,8.378
Chennai,13.0827,80.2707,2023-08-19,2023,8,19,30.379,70.083,87.667,13.638,231.417,137.625,93.792,187.825,22.096,11.35
Chennai,13.0827,80.2707,2023-08-20,2023,8,20,30.262,70.0,56.042,10.183,246.917,173.292,73.625,216.562,23.544,10.323
Chennai,13.0827,80.2707,2023-08-21,2023,8,21,30.138,77.667,62.75,10.629,240.958,165.792,75.167,222.338,22.96,11.625
Chennai,13.0827,80.2707,2023-08-22,2023,8,22,29.858,79.5,49.25,14.592,244.125,172.708,71.417,230.013,23.264,11.762
Chennai,13.0827,80.2707,2023-08-23,2023,8,23,29.2,81.167,62.792,12.846,256.917,178.208,78.708,235.754,24.488,11.188
Chennai,13.0827,80.2707,2023-08-24,2023,8,24,29.688,81.042,90.417,14.267,254.5,175.958,78.542,233.812,24.284,11.436
Chennai,13.0827,80.2707,2023-08-25,2023,8,25,30.254,76.5,96.833,13.987,249.792,166.542,83.25,214.862,23.84,10.974
Chennai,13.0827,80.2707,2023-08-26,2023,8,26,29.946,77.875,85.75,11.625,229.375,152.625,76.75,200.721,21.9,10.895
Chennai,13.0827,80.2707,2023-08-27,2023,8,27,28.771,81.083,98.042,9.987,159.75,49.25,110.5,59.758,15.24,5.302
Chennai,13.0827,80.2707,2023-08-28,2023,8,28,30.029,77.833,96.167,13.758,207.125,120.625,86.5,153.812,19.768,8.612
Chennai,13.0827,80.2707,2023-08-29,2023,8,29,29.512,78.917,94.125,10.8,172.583,73.208,99.375,104.871,16.424,9.27
Chennai,13.0827,80.2707,2023-08-30,2023,8,30,29.529,78.208,56.417,10.208,272.417,211.417,61.0,283.742,26.024,11.461
Chennai,13.0827,80.2707,2023-08-31,2023,8,31,28.875,82.292,53.042,9.179,264.25,195.583,68.667,259.204,25.236,11.465
Chennai,13.0827,80.2707,2023-09-01,2023,9,1,29.208,80.125,33.958,13.067,268.875,206.542,62.333,276.725,25.688,11.47
Chennai,13.0827,80.2707,2023-09-02,2023,9,2,29.438,81.292,31.917,13.438,269.958,208.417,61.542,283.767,25.792,11.409
Chennai,13.0827,80.2707,2023-09-03,2023,9,3,28.858,80.958,94.292,10.987,241.167,144.833,96.333,184.267,23.044,10.384
Chennai,13.0827,80.2707,2023-09-04,2023,9,4,28.879,76.167,98.5,14.438,133.292,30.0,103.292,34.45,12.768,3.133
Chennai,13.0827,80.2707,2023-09-05,2023,9,5,28.662,70.25,99.625,13.646,147.5,50.125,97.375,61.396,14.116,5.665
Chennai,13.0827,80.2707,2023-09-06,2023,9,6,28.875,78.542,97.167,17.733,165.792,62.417,103.375,79.567,15.84,5.699
Chennai,13.0827,80.2707,2023-09-07,2023,9,7,29.404,77.667,97.417,15.958,238.583,136.708,101.875,173.438,22.836,10.215
Chennai,13.0827,80.2707,2023-09-08,2023,9,8,29.425,79.417,82.708,15.2,190.583,103.5,87.083,134.846,18.204,6.867
Chennai,13.0827,80.2707,2023-09-09,2023,9,9,29.95,74.875,47.542,17.321,264.333,204.0,60.333,276.517,25.288,11.182
Chennai,13.0827,80.2707,2023-09-10,2023,9,10,30.025,74.0,93.083,14.017,192.208,92.75,99.458,117.587,18.392,8.19
Chennai,13.0827,80.2707,2023-09-11,2023,9,11,29.758,76.917,95.125,11.592,174.208,62.542,111.667,83.533,16.672,6.348
Chennai,13.0827,80.2707,2023-09-12,2023,9,12,30.117,72.667,99.75,14.212,237.083,142.375,94.708,179.833,22.7,10.049
Chennai,13.0827,80.2707,2023-09-13,2023,9,13,29.904,75.417,99.875,16.012,244.5,149.208,95.292,200.2,23.396,10.825
Chennai,13.0827,80.2707,2023-09-14,2023,9,14,29.646,76.208,98.292,16.829,255.083,166.75,88.333,221.188,24.44,10.723
Chennai,13.0827,80.2707,2023-09-15,2023,9,15,29.554,77.625,83.167,18.454,254.167,180.167,74.0,240.062,24.328,11.084
Chennai,13.0827,80.2707,2023-09-16,2023,9,16,29.033,80.875,96.375,13.792,191.333,83.083,108.25,100.729,18.332,7.341
Chennai,13.0827,80.2707,2023-09-17,2023,9,17,28.692,83.125,82.208,14.046,222.5,122.417,100.083,163.754,21.288,9.323
Chennai,13.0827,80.2707,2023-09-18,2023,9,18,28.804,82.958,90.667,15.6,251.25,184.458,66.792,251.633,24.056,11.0
Chennai,13.0827,80.2707,2023-09-19,2023,9,19,29.404,80.208,99.958,13.454,223.833,120.708,103.125,156.804,21.432,9.765
Chennai,13.0827,80.2707,2023-09-20,2023,9,20,29.617,79.0,97.833,12.188,234.458,154.25,80.208,207.758,22.444,10.247
Chennai,13.0827,80.2707,2023-09-21,2023,9,21,28.996,83.125,92.25,12.996,243.625,150.333,93.292,202.279,23.332,10.553
Chennai,13.0827,80.2707,2023-09-22,2023,9,22,29.338,82.875,86.5,15.575,252.792,183.75,69.042,243.696,24.204,10.613
Chennai,13.0827,80.2707,2023-09-23,2023,9,23,29.167,81.833,31.417,13.4,252.25,188.458,63.792,266.529,24.156,11.066
Chennai,13.0827,80.2707,2023-09-24,2023,9,24,29.221,82.0,80.458,10.088,256.833,192.167,64.667,261.271,24.604,11.0
Chennai,13.0827,80.2707,2023-09-25,2023,9,25,28.729,83.75,64.167,10.25,238.583,165.042,73.542,221.162,22.852,10.656
Chennai,13.0827,80.2707,2023-09-26,2023,9,26,28.904,83.417,67.708,10.808,244.917,173.833,71.083,237.596,23.46,11.019
Chennai,13.0827,80.2707,2023-09-27,2023,9,27,28.925,82.458,89.5,9.033,239.875,165.708,74.167,218.308,22.98,10.0
Chennai,13.0827,80.2707,2023-09-28,2023,9,28,29.308,79.458,86.208,11.829,234.042,161.125,72.917,214.908,22.424,10.794
Chennai,13.0827,80.2707,2023-09-29,2023,9,29,29.242,78.958,85.125,13.125,230.125,147.25,82.875,202.288,22.06,10.625
Chennai,13.0827,80.2707,2023-09-30,2023,9,30,29.479,77.917,94.417,14.383,187.333,88.708,98.625,119.667,17.952,9.038
Chennai,13.0827,80.2707,2023-10-01,2023,10,1,29.783,76.083,63.75,17.825,235.958,157.667,78.292,215.021,22.616,10.251
Chennai,13.0827,80.2707,2023-10-02,2023,10,2,29.825,76.333,64.875,18.762,255.833,196.083,59.75,270.229,24.524,11.0
Chennai,13.0827,80.2707,2023-10-03,2023,10,3,29.942,77.958,65.042,15.733,238.917,173.458,65.458,246.188,22.904,11.0
Chennai,13.0827,80.2707,2023-10-04,2023,10,4,29.908,79.167,61.083,12.487,250.208,193.083,57.125,274.758,24.0,11.027
Chennai,13.0827,80.2707,2023-10-05,2023,10,5,29.638,84.125,29.833,11.025,254.833,198.458,56.375,278.138,24.44,11.0
Chennai,13.0827,80.2707,2023-10-06,2023,10,6,29.537,82.25,64.083,11.275,231.5,165.292,66.208,233.967,22.2,11.0
Chennai,13.0827,80.2707,2023-10-07,2023,10,7,29.388,85.542,56.167,10.479,245.75,187.958,57.792,265.308,23.568,11.0
Chennai,13.0827,80.2707,2023-10-08,2023,10,8,29.075,85.25,26.625,13.0,247.375,187.792,59.583,267.771,23.724,11.0
Chennai,13.0827,80.2707,2023-10-09,2023,10,9,29.242,85.0,27.042,13.662,249.125,183.417,65.708,266.529,23.892,11.0
Chennai,13.0827,80.2707,2023-10-10,2023,10,10,29.342,84.583,41.375,11.183,254.458,196.042,58.417,277.888,24.408,11.0
Chennai,13.0827,80.2707,2023-10-11,2023,10,11,29.058,84.125,34.458,7.904,237.75,176.792,60.958,255.742,22.804,11.0
Chennai,13.0827,80.2707,2023-10-12,2023,10,12,28.792,82.042,21.917,8.562,262.25,205.5,56.75,297.908,25.156,11.0
Chennai,13.0827,80.2707,2023-10-13,2023,10,13,28.492,83.125,53.167,7.746,222.25,152.5,69.75,224.304,21.32,11.0
Chennai,13.0827,80.2707,2023-10-14,2023,10,14,27.921,85.875,88.167,6.346,180.833,98.5,82.333,153.808,17.348,11.0
Chennai,13.0827,80.2707,2023-10-15,2023,10,15,28.133,84.0,98.792,5.092,192.208,98.417,93.792,132.258,18.444,9.181
Chennai,13.0827,80.2707,2023-10-16,2023,10,16,28.333,84.292,98.625,5.712,196.208,109.542,86.667,158.025,18.824,10.631
Chennai,13.0827,80.2707,2023-10-17,2023,10,17,28.404,80.333,53.917,9.479,247.5,186.292,61.208,273.946,23.748,11.0
Chennai,13.0827,80.2707,2023-10-18,2023,10,18,28.683,75.417,59.458,10.467,258.083,201.833,56.25,296.958,24.764,11.0
Chennai,13.0827,80.2707,2023-10-19,2023,10,19,28.621,75.333,67.75,9.729,245.292,185.292,60.0,278.558,23.536,11.0
Chennai,13.0827,80.2707,2023-10-20,2023,10,20,28.492,77.333,37.125,8.321,244.375,189.0,55.375,279.129,23.448,11.0
Chennai,13.0827,80.2707,2023-10-21,2023,10,21,28.1,83.708,89.417,11.604,187.833,108.208,79.625,160.242,18.024,10.466
Chennai,13.0827,80.2707,2023-10-22,2023,10,22,28.958,77.292,65.5,13.892,245.208,191.375,53.833,281.55,23.532,11.0
Chennai,13.0827,80.2707,2023-10-23,2023,10,23,28.713,73.083,44.875,7.738,258.917,202.167,56.75,305.475,24.848,11.0
Chennai,13.0827,80.2707,2023-10-24,2023,10,24,28.512,75.458,48.625,7.708,254.0,198.958,55.042,299.304,24.376,11.0
Chennai,13.0827,80.2707,2023-10-25,2023,10,25,28.454,76.292,15.333,8.579,235.042,175.0,60.042,271.042,22.556,11.0
Chennai,13.0827,80.2707,2023-10-26,2023,10,26,28.308,76.75,21.5,8.929,221.5,160.708,60.792,252.429,21.256,11.0
Chennai,13.0827,80.2707,2023-10-27,2023,10,27,28.275,79.25,37.917,10.05,189.417,125.333,64.083,199.212,18.18,11.0
Chennai,13.0827,80.2707,2023-10-28,2023,10,28,28.296,82.333,32.208,9.008,215.25,150.042,65.208,236.158,20.66,11.0
Chennai,13.0827,80.2707,2023-10-29,2023,10,29,28.338,80.75,82.083,11.183,194.208,122.333,71.875,185.371,18.64,11.0
Chennai,13.0827,80.2707,2023-10-30,2023,10,30,27.479,83.0,97.458,9.396,166.708,81.542,85.167,118.817,16.0,8.803
Chennai,13.0827,80.2707,2023-10-31,2023,10,31,28.112,79.917,91.75,14.258,203.083,136.417,66.667,202.271,19.492,10.855
Chennai,13.0827,80.2707,2023-11-01,2023,11,1,27.617,85.167,95.958,12.55,169.958,90.667,79.292,139.904,16.312,9.704
Chennai,13.0827,80.2707,2023-11-02,2023,11,2,27.433,86.333,99.542,10.242,134.5,44.625,89.875,68.904,12.908,5.532
Chennai,13.0827,80.2707,2023-11-03,2023,11,3,27.121,88.542,100.0,9.508,120.375,27.167,93.208,39.846,11.552,3.346
Chennai,13.0827,80.2707,2023-11-04,2023,11,4,26.842,88.0,99.583,6.554,128.542,48.083,80.458,62.958,12.34,4.136
Chennai,13.0827,80.2707,2023-11-05,2023,11,5,27.392,85.292,99.708,6.908,128.958,49.125,79.833,76.65,12.376,7.324
Chennai,13.0827,80.2707,2023-11-06,2023,11,6,27.3,85.833,98.167,7.683,151.333,67.083,84.25,98.583,14.528,8.166
Chennai,13.0827,80.2707,2023-11-07,2023,11,7,27.388,86.375,97.708,9.083,159.333,66.042,93.292,94.092,15.296,8.179
Chennai,13.0827,80.2707,2023-11-08,2023,11,8,27.283,86.083,97.083,9.671,121.5,37.125,84.375,56.621,11.664,5.121
Chennai,13.0827,80.2707,2023-11-09,2023,11,9,27.171,87.167,97.0,7.854,146.0,59.5,86.5,96.625,14.016,9.167
Chennai,13.0827,80.2707,2023-11-10,2023,11,10,27.883,82.583,65.292,13.908,203.0,143.333,59.667,226.658,19.488,11.0
Chennai,13.0827,80.2707,2023-11-11,2023,11,11,27.963,74.625,61.875,16.171,215.458,148.708,66.75,229.329,20.684,11.0
Chennai,13.0827,80.2707,2023-11-12,2023,11,12,28.158,71.417,77.833,16.821,227.333,162.833,64.5,259.471,21.824,11.0
Chennai,13.0827,80.2707,2023-11-13,2023,11,13,27.779,76.875,98.875,18.262,177.75,93.25,84.5,135.208,17.064,8.194
Chennai,13.0827,80.2707,2023-11-14,2023,11,14,25.638,85.833,100.0,19.004,33.125,0.042,33.083,0.054,3.18,0.0
Chennai,13.0827,80.2707,2023-11-15,2023,11,15,25.812,87.958,99.958,16.704,43.125,3.708,39.417,6.488,4.14,0.112
Chennai,13.0827,80.2707,2023-11-16,2023,11,16,27.367,83.5,96.625,15.812,151.042,70.792,80.25,115.708,14.5,10.313
Chennai,13.0827,80.2707,2023-11-17,2023,11,17,27.858,83.708,95.75,14.15,187.917,119.0,68.917,188.092,18.04,10.999
Chennai,13.0827,80.2707,2023-11-18,2023,11,18,27.542,85.667,41.833,17.421,180.875,123.917,56.958,204.508,17.364,11.0
Chennai,13.0827,80.2707,2023-11-19,2023,11,19,27.933,79.833,80.458,16.738,196.708,131.875,64.833,208.987,18.884,11.0
Chennai,13.0827,80.2707,2023-11-20,2023,11,20,26.758,87.875,99.458,14.987,39.875,3.083,36.792,5.925,3.828,0.0
Chennai,13.0827,80.2707,2023-11-21,2023,11,21,26.625,88.125,99.958,6.921,106.75,39.583,67.167,58.262,10.248,4.042
Chennai,13.0827,80.2707,2023-11-22,2023,11,22,26.4,89.458,100.0,7.254,106.458,27.208,79.25,42.15,10.22,3.36
Chennai,13.0827,80.2707,2023-11-23,2023,11,23,26.588,89.375,91.208,7.021,155.625,87.667,67.958,135.058,14.94,8.84
Chennai,13.0827,80.2707,2023-11-24,2023,11,24,26.975,87.875,82.875,10.792,160.708,76.458,84.25,126.308,15.428,10.64
Chennai,13.0827,80.2707,2023-11-25,2023,11,25,27.017,89.167,92.958,15.171,159.042,85.75,73.292,135.812,15.268,9.989
Chennai,13.0827,80.2707,2023-11-26,2023,11,26,26.804,88.833,98.042,16.304,172.417,104.708,67.708,166.796,16.552,10.63
Chennai,13.0827,80.2707,2023-11-27,2023,11,27,27.104,86.917,62.917,13.188,181.917,124.833,57.083,196.842,17.464,10.412
Chennai,13.0827,80.2707,2023-11-28,2023,11,28,26.775,87.375,67.25,12.792,144.083,79.5,64.583,133.258,13.832,10.211
Chennai,13.0827,80.2707,2023-11-29,2023,11,29,25.95,89.75,98.542,10.875,120.417,44.5,75.917,74.654,11.56,7.072
Chennai,13.0827,80.2707,2023-11-30,2023,11,30,25.629,91.125,92.667,12.496,68.958,14.667,54.292,28.1,6.62,1.072
Chennai,13.0827,80.2707,2023-12-01,2023,12,1,26.704,88.167,90.333,16.862,69.708,13.667,56.042,27.433,6.692,1.492
Chennai,13.0827,80.2707,2023-12-02,2023,12,2,26.304,89.375,99.917,23.696,105.375,32.917,72.458,55.075,10.116,5.262
Chennai,13.0827,80.2707,2023-12-03,2023,12,3,25.721,92.083,100.0,28.804,47.75,6.625,41.125,9.321,4.584,0.189
Chennai,13.0827,80.2707,2023-12-04,2023,12,4,24.783,91.167,100.0,42.854,17.167,1.25,15.917,1.738,1.648,0.0
Chennai,13.0827,80.2707,2023-12-05,2023,12,5,27.242,84.0,99.042,17.933,128.167,32.542,95.625,52.817,12.304,4.359
Chennai,13.0827,80.2707,2023-12-06,2023,12,6,27.804,88.667,47.958,9.692,186.708,130.833,55.875,225.604,17.92,11.0
Chennai,13.0827,80.2707,2023-12-07,2023,12,7,27.529,87.042,45.958,6.233,177.958,108.833,69.125,184.525,17.08,11.0
Chennai,13.0827,80.2707,2023-12-08,2023,12,8,27.058,86.042,46.0,9.962,171.333,112.833,58.5,184.892,16.444,10.853
Chennai,13.0827,80.2707,2023-12-09,2023,12,9,27.4,83.667,36.708,11.904,174.042,116.292,57.75,201.85,16.704,11.0
Chennai,13.0827,80.2707,2023-12-10,2023,12,10,27.321,80.333,28.375,14.138,202.958,149.458,53.5,254.358,19.48,11.0
Chennai,13.0827,80.2707,2023-12-11,2023,12,11,26.846,77.458,60.75,14.721,150.167,89.542,60.625,164.254,14.412,11.0
Chennai,13.0827,80.2707,2023-12-12,2023,12,12,26.233,76.583,77.667,11.604,170.583,111.0,59.583,184.263,16.372,10.753
Chennai,13.0827,80.2707,2023-12-13,2023,12,13,26.396,73.167,57.875,13.946,161.375,102.917,58.458,181.487,15.488,11.0
Chennai,13.0827,80.2707,2023-12-14,2023,12,14,26.662,70.958,70.583,18.217,163.25,92.75,70.5,159.567,15.668,9.474
Chennai,13.0827,80.2707,2023-12-15,2023,12,15,25.758,86.458,97.708,17.046,57.458,17.333,40.125,27.417,5.512,2.142
Chennai,13.0827,80.2707,2023-12-16,2023,12,16,26.508,85.25,86.958,16.929,141.542,84.417,57.125,147.612,13.584,10.273
Chennai,13.0827,80.2707,2023-12-17,2023,12,17,26.979,80.833,88.667,20.213,155.083,84.417,70.667,143.442,14.884,10.254
Chennai,13.0827,80.2707,2023-12-18,2023,12,18,26.446,77.125,85.667,20.738,163.167,86.208,76.958,155.404,15.656,10.665
Chennai,13.0827,80.2707,2023-12-19,2023,12,19,26.492,71.458,46.875,19.338,211.0,154.417,56.583,261.079,20.248,11.0
Chennai,13.0827,80.2707,2023-12-20,2023,12,20,26.5,74.167,37.417,20.388,198.333,141.042,57.292,232.688,19.032,11.0
Chennai,13.0827,80.2707,2023-12-21,2023,12,21,25.95,77.375,22.292,18.221,209.75,154.875,54.875,268.092,20.128,11.0
Chennai,13.0827,80.2707,2023-12-22,2023,12,22,25.3,76.083,43.292,13.675,198.958,131.958,67.0,240.033,19.088,10.996
Chennai,13.0827,80.2707,2023-12-23,2023,12,23,25.162,73.333,88.375,12.462,186.792,103.375,83.417,168.183,17.924,10.336
Chennai,13.0827,80.2707,2023-12-24,2023,12,24,25.95,77.875,73.042,17.971,150.5,70.333,80.167,126.496,14.44,9.771
Chennai,13.0827,80.2707,2023-12-25,2023,12,25,25.738,86.667,38.792,18.204,146.208,88.833,57.375,152.088,14.024,9.351
Chennai,13.0827,80.2707,2023-12-26,2023,12,26,25.65,78.25,40.375,15.967,189.417,123.917,65.5,219.333,18.168,10.966
Chennai,13.0827,80.2707,2023-12-27,2023,12,27,26.446,74.875,44.667,18.396,205.958,144.667,61.292,242.292,19.76,10.958
Chennai,13.0827,80.2707,2023-12-28,2023,12,28,26.629,79.708,62.25,17.896,166.875,113.75,53.125,187.221,16.008,10.611
Chennai,13.0827,80.2707,2023-12-29,2023,12,29,26.454,81.042,94.708,18.808,170.542,98.792,71.75,167.067,16.356,10.356
Chennai,13.0827,80.2707,2023-12-30,2023,12,30,26.138,78.875,28.292,15.487,214.542,157.125,57.417,261.542,20.576,10.834
Chennai,13.0827,80.2707,2023-12-31,2023,12,31,25.771,75.292,27.125,13.75,200.125,128.458,71.667,231.721,19.192,10.93
Chennai,13.0827,80.2707,2024-01-01,2024,1,1,25.65,74.25,46.375,12.912,186.375,119.333,67.042,214.883,17.868,10.923
Chennai,13.0827,80.2707,2024-01-02,2024,1,2,25.746,73.083,77.833,11.737,122.958,51.583,71.375,90.85,11.788,6.605
Chennai,13.0827,80.2707,2024-01-03,2024,1,3,26.229,73.042,63.125,12.75,151.458,87.833,63.625,146.196,14.52,10.0
Chennai,13.0827,80.2707,2024-01-04,2024,1,4,26.012,78.542,80.042,12.062,110.458,58.167,52.292,94.129,10.596,6.075
Chennai,13.0827,80.2707,2024-01-05,2024,1,5,26.596,76.0,80.792,12.85,135.875,62.917,72.958,117.304,13.02,9.967
Chennai,13.0827,80.2707,2024-01-06,2024,1,6,26.333,82.458,91.333,15.679,128.5,70.958,57.542,105.967,12.328,7.256
Chennai,13.0827,80.2707,2024-01-07,2024,1,7,25.638,88.333,99.458,17.588,36.625,5.583,31.042,8.279,3.512,0.0
Chennai,13.0827,80.2707,2024-01-08,2024,1,8,25.892,87.25,99.333,16.842,41.875,3.167,38.708,4.892,4.012,0.0
Chennai,13.0827,80.2707,2024-01-09,2024,1,9,26.7,79.542,90.375,17.725,188.583,129.208,59.375,220.088,18.072,10.877
Chennai,13.0827,80.2707,2024-01-10,2024,1,10,26.662,76.875,87.75,14.171,187.75,115.667,72.083,193.567,17.992,10.28
Chennai,13.0827,80.2707,2024-01-11,2024,1,11,26.508,77.167,49.875,13.483,221.375,164.583,56.792,273.817,21.216,10.869
Chennai,13.0827,80.2707,2024-01-12,2024,1,12,26.438,77.5,70.833,11.767,213.292,158.375,54.917,252.154,20.436,10.782
Chennai,13.0827,80.2707,2024-01-13,2024,1,13,26.321,81.083,32.542,9.65,202.417,150.458,51.958,249.092,19.392,10.862
Chennai,13.0827,80.2707,2024-01-14,2024,1,14,25.717,83.375,11.5,7.942,221.333,159.208,62.125,253.208,21.2,10.34
Chennai,13.0827,80.2707,2024-01-15,2024,1,15,25.571,78.167,19.542,8.167,210.25,147.5,62.75,237.446,20.132,10.976
Chennai,13.0827,80.2707,2024-01-16,2024,1,16,25.496,69.125,6.167,8.471,247.208,202.583,44.625,336.783,23.676,11.042
Chennai,13.0827,80.2707,2024-01-17,2024,1,17,25.692,69.792,5.333,6.533,244.208,198.625,45.583,325.458,23.388,11.035
Chennai,13.0827,80.2707,2024-01-18,2024,1,18,26.033,74.167,4.292,6.925,240.167,192.542,47.625,318.517,23.0,11.028
Chennai,13.0827,80.2707,2024-01-19,2024,1,19,26.167,79.625,25.167,9.892,196.958,137.042,59.917,227.396,18.856,10.951
Chennai,13.0827,80.2707,2024-01-20,2024,1,20,26.463,78.167,36.958,10.912,206.417,141.042,65.375,221.121,19.756,9.491
Chennai,13.0827,80.2707,2024-01-21,2024,1,21,26.062,78.833,11.5,8.383,237.042,186.0,51.042,299.433,22.688,10.798
Chennai,13.0827,80.2707,2024-01-22,2024,1,22,25.754,78.125,16.167,8.867,231.125,175.5,55.625,281.058,22.12,11.073
Chennai,13.0827,80.2707,2024-01-23,2024,1,23,26.083,77.375,19.375,10.633,218.5,161.0,57.5,261.025,20.904,11.068
Chennai,13.0827,80.2707,2024-01-24,2024,1,24,26.287,75.583,20.0,11.304,214.542,153.958,60.583,245.033,20.52,10.568
Chennai,13.0827,80.2707,2024-01-25,2024,1,25,26.271,75.75,26.208,9.538,236.583,180.208,56.375,291.588,22.636,11.127
Chennai,13.0827,80.2707,2024-01-26,2024,1,26,26.296,76.542,16.917,10.817,217.875,162.167,55.708,265.771,20.84,11.123
Chennai,13.0827,80.2707,2024-01-27,2024,1,27,26.612,77.167,82.333,13.412,233.333,180.625,52.708,289.183,22.324,11.049
Chennai,13.0827,80.2707,2024-01-28,2024,1,28,26.65,75.375,63.958,14.133,216.917,158.333,58.583,256.346,20.74,11.184
Chennai,13.0827,80.2707,2024-01-29,2024,1,29,25.767,69.375,91.708,14.096,255.5,205.75,49.75,328.029,24.444,11.111
Chennai,13.0827,80.2707,2024-01-30,2024,1,30,25.912,73.083,39.125,10.429,232.292,170.083,62.208,265.212,22.216,11.177
Chennai,13.0827,80.2707,2024-01-31,2024,1,31,26.604,76.625,39.333,9.496,206.0,133.333,72.667,222.758,19.688,11.243
Chennai,13.0827,80.2707,2024-02-01,2024,2,1,27.096,82.875,91.917,9.983,203.458,144.208,59.25,226.004,19.46,10.725
Chennai,13.0827,80.2707,2024-02-02,2024,2,2,27.292,82.75,85.208,10.25,194.25,131.208,63.042,215.229,18.564,11.169
Chennai,13.0827,80.2707,2024-02-03,2024,2,3,26.75,79.708,59.625,8.571,235.042,171.542,63.5,270.546,22.464,11.193
Chennai,13.0827,80.2707,2024-02-04,2024,2,4,26.588,78.5,49.125,9.154,248.708,193.75,54.958,301.95,23.772,11.372
Chennai,13.0827,80.2707,2024-02-05,2024,2,5,26.371,77.542,31.458,8.775,243.25,185.333,57.917,281.521,23.248,10.695
Chennai,13.0827,80.2707,2024-02-06,2024,2,6,26.112,78.875,10.333,8.1,247.375,186.875,60.5,282.179,23.64,10.894
Chennai,13.0827,80.2707,2024-02-07,2024,2,7,25.846,79.833,4.5,6.35,250.375,190.625,59.75,283.154,23.924,10.817
Chennai,13.0827,80.2707,2024-02-08,2024,2,8,25.975,83.083,33.958,7.388,252.083,192.625,59.458,283.125,24.084,10.357
Chennai,13.0827,80.2707,2024-02-09,2024,2,9,26.746,80.125,20.583,9.15,241.708,184.042,57.667,276.429,23.092,10.87
Chennai,13.0827,80.2707,2024-02-10,2024,2,10,27.475,76.333,21.417,11.4,230.583,165.792,64.792,254.225,22.02,11.408
Chennai,13.0827,80.2707,2024-02-11,2024,2,11,26.804,76.042,41.792,12.925,222.792,153.667,69.125,231.65,21.268,10.65
Chennai,13.0827,80.2707,2024-02-12,2024,2,12,26.579,72.75,70.042,12.275,239.042,168.125,70.917,256.371,22.828,11.442
Chennai,13.0827,80.2707,2024-02-13,2024,2,13,27.283,73.458,40.0,14.725,214.458,147.417,67.042,221.737,20.476,11.308
Chennai,13.0827,80.2707,2024-02-14,2024,2,14,27.271,76.0,33.333,12.733,256.708,198.667,58.042,300.558,24.516,11.581
Chennai,13.0827,80.2707,2024-02-15,2024,2,15,26.967,76.375,83.917,12.517,248.5,181.625,66.875,276.812,23.728,11.583
Chennai,13.0827,80.2707,2024-02-16,2024,2,16,27.2,74.0,21.792,12.479,257.75,201.917,55.833,305.667,24.616,11.586
Chennai,13.0827,80.2707,2024-02-17,2024,2,17,27.025,75.0,7.708,11.221,260.208,201.458,58.75,305.458,24.844,11.621
Chennai,13.0827,80.2707,2024-02-18,2024,2,18,26.479,78.375,10.542,8.85,260.958,199.375,61.583,287.496,24.912,11.109
Chennai,13.0827,80.2707,2024-02-19,2024,2,19,27.296,75.833,18.833,9.433,245.75,182.917,62.833,267.463,23.456,11.643
Chennai,13.0827,80.2707,2024-02-20,2024,2,20,27.217,76.292,7.708,11.013,262.333,201.333,61.0,296.862,25.044,11.655
Chennai,13.0827,80.2707,2024-02-21,2024,2,21,27.417,76.833,10.833,13.333,262.875,203.542,59.333,305.567,25.092,11.666
Chennai,13.0827,80.2707,2024-02-22,2024,2,22,27.992,78.583,46.625,16.525,223.458,148.75,74.708,217.529,21.324,11.473
Chennai,13.0827,80.2707,2024-02-23,2024,2,23,28.688,80.833,27.708,17.054,219.0,150.333,68.667,226.121,20.9,11.41
Chennai,13.0827,80.2707,2024-02-24,2024,2,24,28.638,76.417,22.875,15.867,230.583,168.458,62.125,248.304,22.008,11.616
Chennai,13.0827,80.2707,2024-02-25,2024,2,25,27.958,73.0,28.708,13.058,254.083,189.417,64.667,279.883,24.248,11.711
Chennai,13.0827,80.2707,2024-02-26,2024,2,26,27.917,73.542,40.458,17.125,222.0,149.958,72.042,224.138,21.176,11.56
Chennai,13.0827,80.2707,2024-02-27,2024,2,27,27.896,74.708,21.292,13.692,267.208,209.083,58.125,306.592,25.5,11.732
Chennai,13.0827,80.2707,2024-02-28,2024,2,28,27.646,76.625,10.042,12.1,274.875,216.625,58.25,312.083,26.232,11.735
Chennai,13.0827,80.2707,2024-02-29,2024,2,29,27.542,76.458,30.75,9.392,279.958,223.417,56.542,328.367,26.72,11.738
Chennai,13.0827,80.2707,2024-03-01,2024,3,1,27.825,78.25,56.083,9.608,276.167,218.583,57.583,310.388,26.356,11.741
Chennai,13.0827,80.2707,2024-03-02,2024,3,2,27.537,79.417,91.708,8.358,261.583,180.417,81.167,251.754,24.956,10.742
Chennai,13.0827,80.2707,2024-03-03,2024,3,3,27.775,75.875,15.75,11.85,279.292,221.167,58.125,318.412,26.652,11.745
Chennai,13.0827,80.2707,2024-03-04,2024,3,4,27.217,76.458,19.375,10.675,273.708,207.917,65.792,301.354,26.116,11.748
Chennai,13.0827,80.2707,2024-03-05,2024,3,5,27.408,75.708,61.375,10.079,274.75,214.542,60.208,306.108,26.216,11.75
Chennai,13.0827,80.2707,2024-03-06,2024,3,6,27.642,75.458,58.583,10.358,261.875,191.792,70.083,273.542,24.98,11.626
Chennai,13.0827,80.2707,2024-03-07,2024,3,7,28.092,73.667,53.958,12.6,279.833,217.333,62.5,310.754,26.696,11.754
Chennai,13.0827,80.2707,2024-03-08,2024,3,8,28.321,76.417,10.667,14.242,277.75,217.875,59.875,314.917,26.504,11.756
Chennai,13.0827,80.2707,2024-03-09,2024,3,9,28.521,77.75,11.667,12.604,268.417,207.375,61.042,285.942,25.632,11.608
Chennai,13.0827,80.2707,2024-03-10,2024,3,10,28.642,74.417,11.125,12.267,281.292,222.875,58.417,319.2,26.836,11.76
Chennai,13.0827,80.2707,2024-03-11,2024,3,11,28.654,75.292,13.083,11.021,277.208,216.917,60.292,304.067,26.448,11.761
Chennai,13.0827,80.2707,2024-03-12,2024,3,12,28.521,74.583,26.0,13.358,289.125,233.833,55.292,332.292,27.588,11.763
Chennai,13.0827,80.2707,2024-03-13,2024,3,13,28.612,77.667,52.0,17.304,278.833,217.0,61.833,300.696,26.604,11.765
Chennai,13.0827,80.2707,2024-03-14,2024,3,14,28.604,76.625,26.25,15.625,280.208,216.292,63.917,310.033,26.736,11.767
Chennai,13.0827,80.2707,2024-03-15,2024,3,15,28.471,75.042,17.708,15.379,270.583,200.292,70.292,287.892,25.808,11.768
Chennai,13.0827,80.2707,2024-03-16,2024,3,16,28.85,76.167,21.333,17.0,255.833,171.958,83.875,244.7,24.4,11.77
Chennai,13.0827,80.2707,2024-03-17,2024,3,17,28.2,75.292,12.833,13.679,285.25,222.583,62.667,314.496,27.212,11.771
Chennai,13.0827,80.2707,2024-03-18,2024,3,18,28.254,75.542,7.958,12.375,287.583,226.792,60.792,315.196,27.436,11.772
Chennai,13.0827,80.2707,2024-03-19,2024,3,19,28.304,76.292,16.708,12.404,280.375,218.0,62.375,308.542,26.744,11.773
Chennai,13.0827,80.2707,2024-03-20,2024,3,20,28.421,73.917,15.958,13.029,275.875,205.833,70.042,286.783,26.32,11.774
Chennai,13.0827,80.2707,2024-03-21,2024,3,21,29.071,74.458,18.333,14.208,252.417,187.417,65.0,264.804,24.092,11.465
Chennai,13.0827,80.2707,2024-03-22,2024,3,22,28.888,75.375,9.708,11.071,264.625,195.292,69.333,276.433,25.232,11.776
Chennai,13.0827,80.2707,2024-03-23,2024,3,23,28.775,74.917,11.167,11.142,290.833,228.0,62.833,316.833,27.744,11.777
Chennai,13.0827,80.2707,2024-03-24,2024,3,24,28.713,74.792,61.333,12.188,285.458,219.167,66.292,297.258,27.232,11.778
Chennai,13.0827,80.2707,2024-03-25,2024,3,25,28.312,75.458,20.542,9.983,290.042,225.042,65.0,312.362,27.672,11.779
Chennai,13.0827,80.2707,2024-03-26,2024,3,26,28.35,72.25,9.583,12.225,291.458,227.833,63.625,314.717,27.804,11.78
Chennai,13.0827,80.2707,2024-03-27,2024,3,27,29.271,72.5,28.083,10.629,277.958,212.333,65.625,289.896,26.512,11.781
Chennai,13.0827,80.2707,2024-03-28,2024,3,28,29.333,75.25,21.625,10.108,293.125,232.208,60.917,318.454,27.964,11.782
Chennai,13.0827,80.2707,2024-03-29,2024,3,29,29.671,76.542,7.958,14.896,296.708,238.0,58.708,327.362,28.308,11.783
Chennai,13.0827,80.2707,2024-03-30,2024,3,30,29.658,73.958,34.917,14.629,297.625,236.167,61.458,318.017,28.392,11.784
Chennai,13.0827,80.2707,2024-03-31,2024,3,31,29.708,77.0,9.875,13.296,268.083,201.083,67.0,279.463,25.568,11.785
Chennai,13.0827,80.2707,2024-04-01,2024,4,1,30.121,75.417,15.042,13.7,276.167,209.125,67.042,289.975,26.336,11.786
Chennai,13.0827,80.2707,2024-04-02,2024,4,2,30.208,76.042,37.958,15.571,296.208,234.875,61.333,319.908,28.26,11.787
Chennai,13.0827,80.2707,2024-04-03,2024,4,3,30.433,77.083,24.042,17.162,281.083,210.083,71.0,290.762,26.804,11.789
Chennai,13.0827,80.2707,2024-04-04,2024,4,4,30.633,77.833,17.667,15.9,289.667,223.667,66.0,297.675,27.628,11.407
Chennai,13.0827,80.2707,2024-04-05,2024,4,5,30.304,79.958,63.583,15.842,284.417,213.5,70.917,279.708,27.128,11.057
Chennai,13.0827,80.2707,2024-04-06,2024,4,6,30.479,76.417,49.792,15.05,295.208,231.208,64.0,312.554,28.16,11.792
Chennai,13.0827,80.2707,2024-04-07,2024,4,7,30.383,76.417,48.083,17.475,304.958,245.333,59.625,334.567,29.092,11.794
Chennai,13.0827,80.2707,2024-04-08,2024,4,8,30.442,77.125,24.667,17.262,291.958,223.958,68.0,300.267,27.852,11.222
Chennai,13.0827,80.2707,2024-04-09,2024,4,9,29.942,72.792,5.875,12.883,296.5,233.292,63.208,317.817,28.288,11.796
Chennai,13.0827,80.2707,2024-04-10,2024,4,10,30.221,73.625,30.458,9.254,278.167,204.833,73.333,280.162,26.532,11.797
Chennai,13.0827,80.2707,2024-04-11,2024,4,11,30.467,72.75,40.042,12.062,286.083,219.875,66.208,299.092,27.296,11.799
Chennai,13.0827,80.2707,2024-04-12,2024,4,12,30.762,72.417,51.625,14.962,287.042,225.875,61.167,308.075,27.38,11.8
Chennai,13.0827,80.2707,2024-04-13,2024,4,13,30.633,74.833,84.542,10.079,267.042,199.917,67.125,271.9,25.472,11.66
Chennai,13.0827,80.2707,2024-04-14,2024,4,14,30.213,74.708,38.833,9.604,286.0,217.167,68.833,285.042,27.276,11.514
Chennai,13.0827,80.2707,2024-04-15,2024,4,15,30.217,75.417,59.375,9.188,293.875,227.125,66.75,310.975,28.036,11.818
Chennai,13.0827,80.2707,2024-04-16,2024,4,16,30.158,73.375,38.792,12.538,296.083,234.667,61.417,310.892,28.244,11.806
Chennai,13.0827,80.2707,2024-04-17,2024,4,17,30.596,75.625,91.333,16.279,294.875,228.5,66.375,308.213,28.136,11.813
Chennai,13.0827,80.2707,2024-04-18,2024,4,18,30.821,77.458,57.833,17.638,295.0,232.917,62.083,311.021,28.148,11.81
Chennai,13.0827,80.2707,2024-04-19,2024,4,19,31.121,79.667,40.542,18.996,299.167,240.208,58.958,324.708,28.544,11.812
Chennai,13.0827,80.2707,2024-04-20,2024,4,20,31.162,79.708,92.25,17.446,273.792,196.583,77.208,259.517,26.116,11.596
Chennai,13.0827,80.2707,2024-04-21,2024,4,21,31.037,80.417,44.375,16.125,287.917,219.333,68.583,290.004,27.456,11.494
Chennai,13.0827,80.2707,2024-04-22,2024,4,22,30.912,78.0,36.75,14.754,288.75,218.5,70.25,289.292,27.536,11.741
Chennai,13.0827,80.2707,2024-04-23,2024,4,23,30.742,73.208,16.208,13.412,297.167,234.458,62.708,309.304,28.344,11.821
Chennai,13.0827,80.2707,2024-04-24,2024,4,24,30.671,75.25,39.208,13.842,301.792,240.792,61.0,325.362,28.788,12.001
Chennai,13.0827,80.2707,2024-04-25,2024,4,25,30.871,77.708,24.458,14.296,287.292,217.375,69.917,287.846,27.396,11.412
Chennai,13.0827,80.2707,2024-04-26,2024,4,26,30.75,76.792,38.208,13.483,299.625,237.292,62.333,318.521,28.58,11.829
Chennai,13.0827,80.2707,2024-04-27,2024,4,27,30.746,74.833,24.792,14.212,298.042,234.25,63.792,317.825,28.424,11.932
Chennai,13.0827,80.2707,2024-04-28,2024,4,28,30.971,75.458,14.458,15.446,296.917,233.667,63.25,312.025,28.316,11.834
Chennai,13.0827,80.2707,2024-04-29,2024,4,29,31.492,77.292,28.292,15.504,289.917,223.125,66.792,301.8,27.644,11.863
Chennai,13.0827,80.2707,2024-04-30,2024,4,30,31.679,76.75,37.875,17.254,274.167,195.583,78.583,270.062,26.136,11.931
Chennai,13.0827,80.2707,2024-05-01,2024,5,1,32.175,75.542,84.042,20.662,304.125,246.208,57.917,335.488,29.008,12.066
Chennai,13.0827,80.2707,2024-05-02,2024,5,2,32.054,77.458,68.833,24.671,299.125,239.917,59.208,326.867,28.532,12.067
Chennai,13.0827,80.2707,2024-05-03,2024,5,3,31.638,77.292,63.417,22.362,300.25,242.0,58.25,330.667,28.644,12.068
Chennai,13.0827,80.2707,2024-05-04,2024,5,4,31.85,75.542,84.667,21.642,284.042,206.625,77.417,278.971,27.12,11.471
Chennai,13.0827,80.2707,2024-05-05,2024,5,5,31.929,75.583,9.792,24.612,291.083,230.542,60.542,316.183,27.756,12.138
Chennai,13.0827,80.2707,2024-05-06,2024,5,6,31.988,79.25,17.417,23.458,292.042,232.625,59.417,319.742,27.848,12.071
Chennai,13.0827,80.2707,2024-05-07,2024,5,7,31.562,78.375,14.917,19.713,292.375,229.292,63.083,312.292,27.876,12.14
Chennai,13.0827,80.2707,2024-05-08,2024,5,8,30.138,78.708,58.458,13.412,230.458,146.417,84.042,197.992,21.96,11.802
Chennai,13.0827,80.2707,2024-05-09,2024,5,9,31.0,77.292,69.792,14.283,245.667,174.875,70.792,241.688,23.432,12.006
Chennai,13.0827,80.2707,2024-05-10,2024,5,10,31.075,75.542,31.625,14.121,261.208,190.875,70.333,251.108,24.892,12.009
Chennai,13.0827,80.2707,2024-05-11,2024,5,11,31.117,76.833,40.208,13.3,248.375,174.167,74.208,240.754,23.672,12.148
Chennai,13.0827,80.2707,2024-05-12,2024,5,12,31.162,76.625,18.167,14.504,244.292,173.417,70.875,236.075,23.276,11.882
Chennai,13.0827,80.2707,2024-05-13,2024,5,13,31.188,76.333,66.833,9.192,246.75,175.125,71.625,240.546,23.524,11.86
Chennai,13.0827,80.2707,2024-05-14,2024,5,14,31.233,74.125,72.083,10.283,269.708,195.5,74.208,272.537,25.712,12.226
Chennai,13.0827,80.2707,2024-05-15,2024,5,15,30.504,77.792,94.167,12.225,203.417,97.125,106.292,121.25,19.416,8.472
Chennai,13.0827,80.2707,2024-05-16,2024,5,16,28.342,86.25,100.0,8.662,83.75,6.542,77.208,8.725,7.992,0.0
Chennai,13.0827,80.2707,2024-05-17,2024,5,17,29.054,82.75,97.458,9.046,125.583,39.208,86.375,57.358,11.964,5.017
Chennai,13.0827,80.2707,2024-05-18,2024,5,18,30.1,78.792,99.417,9.792,205.75,94.542,111.208,117.783,19.628,9.012
Chennai,13.0827,80.2707,2024-05-19,2024,5,19,29.854,81.583,99.458,9.596,170.125,55.167,114.958,67.271,16.252,7.127
Chennai,13.0827,80.2707,2024-05-20,2024,5,20,29.638,82.5,99.833,7.262,101.167,15.083,86.083,17.554,9.632,1.251
Chennai,13.0827,80.2707,2024-05-21,2024,5,21,29.575,83.25,99.958,8.062,144.292,36.833,107.458,47.604,13.78,4.07
Chennai,13.0827,80.2707,2024-05-22,2024,5,22,30.021,81.5,99.167,8.221,185.75,71.333,114.417,105.754,17.656,9.765
Chennai,13.0827,80.2707,2024-05-23,2024,5,23,30.792,79.75,95.917,8.629,250.958,169.833,81.125,230.296,23.896,11.983
Chennai,13.0827,80.2707,2024-05-24,2024,5,24,31.442,77.708,98.75,14.117,171.375,69.75,101.625,96.217,16.324,8.513
Chennai,13.0827,80.2707,2024-05-25,2024,5,25,31.583,74.375,100.0,10.217,170.958,62.75,108.208,81.321,16.412,7.978
Chennai,13.0827,80.2707,2024-05-26,2024,5,26,31.996,66.458,100.0,15.696,176.625,64.583,112.042,87.608,16.956,7.367
Chennai,13.0827,80.2707,2024-05-27,2024,5,27,32.571,63.792,99.208,17.054,283.833,217.292,66.542,295.433,27.248,11.951
Chennai,13.0827,80.2707,2024-05-28,2024,5,28,32.825,64.708,99.458,14.938,281.208,197.625,83.583,257.512,26.996,11.526
Chennai,13.0827,80.2707,2024-05-29,2024,5,29,32.6,65.958,87.333,17.325,284.625,212.5,72.125,297.796,27.324,12.293
Chennai,13.0827,80.2707,2024-05-30,2024,5,30,32.571,72.542,34.0,15.4,295.125,239.708,55.417,332.867,28.332,12.58
Chennai,13.0827,80.2707,2024-05-31,2024,5,31,32.812,71.458,41.958,15.083,288.708,232.125,56.583,321.746,27.716,12.445
Chennai,13.0827,80.2707,2024-06-01,2024,6,1,31.75,79.417,60.125,19.025,284.458,223.792,60.667,308.629,27.308,12.168
Chennai,13.0827,80.2707,2024-06-02,2024,6,2,30.633,77.375,94.0,14.221,236.833,151.208,85.625,202.767,22.736,11.199
Chennai,13.0827,80.2707,2024-06-03,2024,6,3,29.942,78.875,99.458,8.208,190.417,81.0,109.417,121.337,18.28,10.522
Chennai,13.0827,80.2707,2024-06-04,2024,6,4,30.642,80.458,81.375,15.129,203.375,105.083,98.292,142.45,19.524,10.0
Chennai,13.0827,80.2707,2024-06-05,2024,6,5,29.7,82.875,96.708,11.175,134.125,27.375,106.75,33.942,12.876,2.565
Chennai,13.0827,80.2707,2024-06-06,2024,6,6,28.838,84.5,97.708,12.533,147.708,38.625,109.083,66.871,14.18,5.062
Chennai,13.0827,80.2707,2024-06-07,2024,6,7,28.833,83.125,83.792,15.483,156.875,71.917,84.958,94.892,15.06,6.627
Chennai,13.0827,80.2707,2024-06-08,2024,6,8,29.579,79.583,71.917,18.967,149.417,35.375,114.042,49.475,14.344,4.905
Chennai,13.0827,80.2707,2024-06-09,2024,6,9,30.425,75.625,87.458,18.225,208.167,106.917,101.25,146.438,19.984,11.323
Chennai,13.0827,80.2707,2024-06-10,2024,6,10,30.629,74.625,62.042,15.688,244.292,166.75,77.542,217.638,23.452,11.025
Chennai,13.0827,80.2707,2024-06-11,2024,6,11,30.829,72.042,98.458,14.308,214.667,105.458,109.208,136.15,20.608,9.987
Chennai,13.0827,80.2707,2024-06-12,2024,6,12,30.688,70.75,99.667,13.158,136.875,28.833,108.042,35.288,13.14,3.267
Chennai,13.0827,80.2707,2024-06-13,2024,6,13,30.454,71.208,99.0,13.042,205.583,99.292,106.292,133.342,19.736,8.277
Chennai,13.0827,80.2707,2024-06-14,2024,6,14,31.029,70.292,89.375,11.692,204.0,91.875,112.125,118.008,19.584,8.898
Chennai,13.0827,80.2707,2024-06-15,2024,6,15,30.9,74.333,89.583,12.3,196.708,86.542,110.167,119.238,18.884,10.353
Chennai,13.0827,80.2707,2024-06-16,2024,6,16,31.371,72.583,81.417,13.375,260.417,173.208,87.208,229.75,25.0,12.016
Chennai,13.0827,80.2707,2024-06-17,2024,6,17,30.825,75.875,91.0,14.467,235.458,125.542,109.917,165.433,22.604,10.521
Chennai,13.0827,80.2707,2024-06-18,2024,6,18,29.883,79.083,74.625,15.392,232.958,137.375,95.583,179.704,22.364,9.386
Chennai,13.0827,80.2707,2024-06-19,2024,6,19,29.379,79.625,85.292,15.2,208.417,119.917,88.5,154.854,20.008,11.233
Chennai,13.0827,80.2707,2024-06-20,2024,6,20,29.458,81.25,96.958,14.737,184.917,102.042,82.875,136.608,17.752,8.74
Chennai,13.0827,80.2707,2024-06-21,2024,6,21,30.446,72.708,84.333,15.237,258.625,182.0,76.625,253.129,24.828,12.077
Chennai,13.0827,80.2707,2024-06-22,2024,6,22,30.354,75.083,92.208,14.867,253.583,168.792,84.792,222.808,24.344,10.935
Chennai,13.0827,80.2707,2024-06-23,2024,6,23,30.233,75.833,87.667,14.825,245.083,160.042,85.042,209.888,23.528,11.062
Chennai,13.0827,80.2707,2024-06-24,2024,6,24,30.346,74.417,74.458,17.067,256.958,188.167,68.792,235.263,24.668,10.314
Chennai,13.0827,80.2707,2024-06-25,2024,6,25,31.025,69.292,97.167,17.167,188.875,74.0,114.875,94.742,18.132,8.065
Chennai,13.0827,80.2707,2024-06-26,2024,6,26,30.267,73.0,99.75,15.837,116.458,25.542,90.917,29.054,11.18,2.419
Chennai,13.0827,80.2707,2024-06-27,2024,6,27,30.65,69.042,99.708,14.454,110.25,20.75,89.5,24.525,10.584,1.723
Chennai,13.0827,80.2707,2024-06-28,2024,6,28,30.629,71.417,96.292,17.138,211.833,94.917,116.917,129.754,20.336,10.0
Chennai,13.0827,80.2707,2024-06-29,2024,6,29,30.912,74.542,95.792,16.075,253.042,169.5,83.542,229.096,24.292,12.021
Chennai,13.0827,80.2707,2024-06-30,2024,6,30,30.204,79.333,100.0,15.533,147.75,31.792,115.958,46.817,14.184,4.135
Chennai,13.0827,80.2707,2024-07-01,2024,7,1,29.454,83.042,99.583,14.725,202.0,85.625,116.375,113.175,19.392,9.638
Chennai,13.0827,80.2707,2024-07-02,2024,7,2,30.479,75.0,98.375,16.05,213.583,106.042,107.542,142.746,20.504,10.239
Chennai,13.0827,80.2707,2024-07-03,2024,7,3,30.8,74.208,87.208,14.933,263.583,182.25,81.333,246.667,25.304,12.0
Chennai,13.0827,80.2707,2024-07-04,2024,7,4,29.95,79.0,97.417,13.425,211.042,94.25,116.792,122.254,20.26,9.635
Chennai,13.0827,80.2707,2024-07-05,2024,7,5,29.521,79.5,92.667,14.671,183.875,93.125,90.75,123.525,17.652,8.658
Chennai,13.0827,80.2707,2024-07-06,2024,7,6,28.525,81.417,99.958,11.392,126.875,21.833,105.042,33.071,12.18,2.604
Chennai,13.0827,80.2707,2024-07-07,2024,7,7,29.888,75.292,95.625,12.808,226.583,134.833,91.75,187.071,21.752,11.009
Chennai,13.0827,80.2707,2024-07-08,2024,7,8,29.4,76.167,99.917,13.667,109.042,13.458,95.583,15.304,10.468,0.38
Chennai,13.0827,80.2707,2024-07-09,2024,7,9,29.512,74.542,98.583,12.717,168.958,62.583,106.375,86.333,16.22,5.727
Chennai,13.0827,80.2707,2024-07-10,2024,7,10,30.508,75.792,77.25,13.125,247.083,161.875,85.208,210.667,23.72,11.138
Chennai,13.0827,80.2707,2024-07-11,2024,7,11,28.604,82.792,99.583,11.629,102.25,25.292,76.958,30.846,9.816,2.297
Chennai,13.0827,80.2707,2024-07-12,2024,7,12,29.975,80.917,78.208,15.704,233.375,149.083,84.292,194.046,22.404,11.559
Chennai,13.0827,80.2707,2024-07-13,2024,7,13,28.754,82.375,99.958,13.867,104.75,14.875,89.875,25.817,10.056,1.916
Chennai,13.0827,80.2707,2024-07-14,2024,7,14,29.079,76.542,100.0,13.288,90.833,5.542,85.292,6.488,8.72,0.157
Chennai,13.0827,80.2707,2024-07-15,2024,7,15,27.867,84.042,100.0,20.458,70.125,2.75,67.375,5.408,6.732,0.0
Chennai,13.0827,80.2707,2024-07-16,2024,7,16,28.725,77.25,96.333,21.096,109.667,33.958,75.708,43.5,10.528,3.986
Chennai,13.0827,80.2707,2024-07-17,2024,7,17,29.713,74.25,99.875,14.596,94.042,14.833,79.208,20.092,9.028,0.757
Chennai,13.0827,80.2707,2024-07-18,2024,7,18,29.171,73.583,100.0,19.779,109.75,17.958,91.792,23.604,10.536,1.54
Chennai,13.0827,80.2707,2024-07-19,2024,7,19,28.979,72.75,100.0,19.854,81.333,4.542,76.792,6.383,7.808,0.0
Chennai,13.0827,80.2707,2024-07-20,2024,7,20,29.546,71.708,99.083,15.429,133.875,31.0,102.875,41.979,12.852,3.999
Chennai,13.0827,80.2707,2024-07-21,2024,7,21,29.971,70.833,99.333,13.946,167.417,63.25,104.167,82.983,16.072,7.683
Chennai,13.0827,80.2707,2024-07-22,2024,7,22,30.3,68.333,99.375,16.829,157.667,37.917,119.75,50.113,15.136,3.583
Chennai,13.0827,80.2707,2024-07-23,2024,7,23,30.388,69.875,98.125,16.667,180.292,84.5,95.792,111.612,17.308,8.793
Chennai,13.0827,80.2707,2024-07-24,2024,7,24,30.808,65.292,96.167,18.317,233.125,132.333,100.792,178.779,22.38,11.787
Chennai,13.0827,80.2707,2024-07-25,2024,7,25,30.4,67.667,99.75,17.529,146.417,49.5,96.917,66.246,14.056,5.802
Chennai,13.0827,80.2707,2024-07-26,2024,7,26,30.571,68.375,95.583,18.183,195.458,102.25,93.208,130.712,18.764,9.479
Chennai,13.0827,80.2707,2024-07-27,2024,7,27,31.425,61.375,99.25,16.496,223.167,114.958,108.208,149.546,21.424,9.868
Chennai,13.0827,80.2707,2024-07-28,2024,7,28,30.954,61.292,92.0,19.358,195.958,101.083,94.875,144.15,18.812,9.549
Chennai,13.0827,80.2707,2024-07-29,2024,7,29,30.638,67.083,96.167,15.592,201.958,90.25,111.708,118.833,19.388,9.729
Chennai,13.0827,80.2707,2024-07-30,2024,7,30,30.896,70.875,84.042,11.175,194.583,106.583,88.0,130.004,18.68,7.346
Chennai,13.0827,80.2707,2024-07-31,2024,7,31,31.071,66.083,91.167,14.454,163.75,67.375,96.375,101.871,15.72,10.141
Chennai,13.0827,80.2707,2024-08-01,2024,8,1,30.671,69.5,100.0,13.612,151.625,57.208,94.417,79.958,14.556,8.459
Chennai,13.0827,80.2707,2024-08-02,2024,8,2,30.004,72.583,100.0,15.217,132.375,37.125,95.25,47.863,12.708,4.832
Chennai,13.0827,80.2707,2024-08-03,2024,8,3,30.204,71.625,98.667,11.013,202.958,105.708,97.25,133.525,19.484,9.61
Chennai,13.0827,80.2707,2024-08-04,2024,8,4,29.533,78.708,81.583,12.079,251.667,161.5,90.167,206.683,24.16,10.381
Chennai,13.0827,80.2707,2024-08-05,2024,8,5,28.121,84.417,97.5,11.517,166.792,75.5,91.292,91.325,16.012,5.942
Chennai,13.0827,80.2707,2024-08-06,2024,8,6,28.088,84.458,99.542,9.312,210.333,120.792,89.542,140.929,20.192,7.483
Chennai,13.0827,80.2707,2024-08-07,2024,8,7,28.112,83.625,97.875,8.75,183.0,61.208,121.792,86.967,17.568,9.026
Chennai,13.0827,80.2707,2024-08-08,2024,8,8,28.912,80.333,78.333,11.217,217.167,140.042,77.125,173.129,20.848,9.942
Chennai,13.0827,80.2707,2024-08-09,2024,8,9,29.138,80.75,44.333,11.879,252.25,180.083,72.167,234.879,24.216,11.723
Chennai,13.0827,80.2707,2024-08-10,2024,8,10,28.879,82.708,47.333,9.371,239.875,164.417,75.458,220.867,23.028,11.8
Chennai,13.0827,80.2707,2024-08-11,2024,8,11,29.771,79.5,50.0,10.117,231.625,160.833,70.792,214.5,22.236,11.971
Chennai,13.0827,80.2707,2024-08-12,2024,8,12,29.588,80.208,82.417,9.737,261.875,188.0,73.875,249.371,25.14,11.804
Chennai,13.0827,80.2707,2024-08-13,2024,8,13,29.938,79.375,43.583,10.371,243.75,168.667,75.083,233.404,23.4,11.955
Chennai,13.0827,80.2707,2024-08-14,2024,8,14,29.862,81.625,35.083,8.125,228.333,156.042,72.292,211.283,21.92,11.705
Chennai,13.0827,80.2707,2024-08-15,2024,8,15,29.862,80.75,80.458,13.308,221.833,147.292,74.542,205.425,21.096,11.811
Chennai,13.0827,80.2707,2024-08-16,2024,8,16,30.133,79.875,97.0,16.804,254.833,173.208,81.625,233.85,24.264,11.814
Chennai,13.0827,80.2707,2024-08-17,2024,8,17,29.925,81.0,71.667,12.288,215.458,135.708,79.75,185.079,20.488,11.544
Chennai,13.0827,80.2707,2024-08-18,2024,8,18,29.95,81.542,46.75,9.492,247.083,172.833,74.25,229.867,23.56,11.618
Chennai,13.0827,80.2707,2024-08-19,2024,8,19,29.938,80.333,78.333,15.283,209.708,119.833,89.875,167.171,19.96,11.523
Chennai,13.0827,80.2707,2024-08-20,2024,8,20,29.592,80.792,75.958,15.492,218.875,138.583,80.292,182.962,20.836,10.981
Chennai,13.0827,80.2707,2024-08-21,2024,8,21,29.567,79.792,49.25,21.496,228.083,146.167,81.917,200.288,21.72,11.597
Chennai,13.0827,80.2707,2024-08-22,2024,8,22,29.679,75.083,83.5,19.208,208.625,110.25,98.375,144.033,19.868,7.876
Chennai,13.0827,80.2707,2024-08-23,2024,8,23,30.083,78.958,91.583,20.879,259.792,177.125,82.667,225.462,24.82,10.832
Chennai,13.0827,80.2707,2024-08-24,2024,8,24,30.362,74.792,95.833,19.471,236.917,129.833,107.083,159.371,22.624,9.553
Chennai,13.0827,80.2707,2024-08-25,2024,8,25,30.85,69.958,94.583,14.529,226.792,127.083,99.708,164.571,21.664,9.71
Chennai,13.0827,80.2707,2024-08-26,2024,8,26,30.779,67.833,88.292,18.125,221.958,127.542,94.417,166.071,21.18,9.858
Chennai,13.0827,80.2707,2024-08-27,2024,8,27,30.033,74.083,99.333,14.175,180.5,64.5,116.0,75.442,17.236,6.953
Chennai,13.0827,80.2707,2024-08-28,2024,8,28,28.458,80.5,99.958,12.042,72.958,3.083,69.875,4.042,6.968,0.0
Chennai,13.0827,80.2707,2024-08-29,2024,8,29,29.3,75.5,99.833,15.754,141.5,31.125,110.375,38.083,13.52,2.34
Chennai,13.0827,80.2707,2024-08-30,2024,8,30,28.588,76.667,100.0,11.704,130.875,23.125,107.75,29.417,12.52,2.233
Chennai,13.0827,80.2707,2024-08-31,2024,8,31,28.733,76.833,100.0,13.433,142.042,23.0,119.042,31.192,13.528,1.683
Chennai,13.0827,80.2707,2024-09-01,2024,9,1,30.037,70.292,78.75,13.679,229.875,147.5,82.375,190.525,21.988,9.707
Chennai,13.0827,80.2707,2024-09-02,2024,9,2,29.721,76.708,39.458,14.746,269.833,209.208,60.625,277.15,25.824,11.019
Chennai,13.0827,80.2707,2024-09-03,2024,9,3,29.15,81.625,91.083,10.508,216.417,131.042,85.375,169.288,20.704,10.68
Chennai,13.0827,80.2707,2024-09-04,2024,9,4,29.083,78.833,98.708,10.275,133.333,27.708,105.625,45.033,12.72,4.092
Chennai,13.0827,80.2707,2024-09-05,2024,9,5,30.033,75.667,94.583,12.179,195.125,86.333,108.792,109.9,18.632,9.084
Chennai,13.0827,80.2707,2024-09-06,2024,9,6,29.171,80.5,97.708,7.204,122.125,39.5,82.625,58.588,11.644,4.759
Chennai,13.0827,80.2707,2024-09-07,2024,9,7,29.633,74.083,99.083,11.304,145.417,30.542,114.875,37.683,13.904,2.728
Chennai,13.0827,80.2707,2024-09-08,2024,9,8,29.638,74.75,99.375,13.671,159.875,43.792,116.083,52.654,15.288,4.961
Chennai,13.0827,80.2707,2024-09-09,2024,9,9,30.25,70.083,95.542,16.421,193.0,85.292,107.708,114.271,18.432,9.429
Chennai,13.0827,80.2707,2024-09-10,2024,9,10,30.9,69.042,71.333,17.188,267.208,206.292,60.917,278.362,25.58,11.0
Chennai,13.0827,80.2707,2024-09-11,2024,9,11,30.392,71.792,81.208,16.692,253.917,173.542,80.375,233.792,24.3,11.0
Chennai,13.0827,80.2707,2024-09-12,2024,9,12,30.638,70.292,62.333,12.962,262.333,204.833,57.5,279.562,25.112,11.162
Chennai,13.0827,80.2707,2024-09-13,2024,9,13,30.679,74.75,99.292,11.133,244.375,166.208,78.167,220.721,23.392,10.743
Chennai,13.0827,80.2707,2024-09-14,2024,9,14,30.817,73.667,99.417,11.129,261.542,191.625,69.917,253.125,25.052,11.0
Chennai,13.0827,80.2707,2024-09-15,2024,9,15,30.975,69.625,95.667,11.788,253.125,191.833,61.292,263.279,24.228,11.023
Chennai,13.0827,80.2707,2024-09-16,2024,9,16,31.138,65.833,64.208,12.504,274.958,218.625,56.333,294.125,26.328,11.119
Chennai,13.0827,80.2707,2024-09-17,2024,9,17,31.546,66.208,25.292,13.054,254.833,199.792,55.042,271.838,24.404,11.035
Chennai,13.0827,80.2707,2024-09-18,2024,9,18,30.871,72.125,46.75,11.208,238.958,172.917,66.042,236.388,22.876,11.041
Chennai,13.0827,80.2707,2024-09-19,2024,9,19,29.742,76.875,48.792,6.367,257.083,199.75,57.333,272.646,24.616,11.112
Chennai,13.0827,80.2707,2024-09-20,2024,9,20,30.592,72.083,76.833,10.879,232.292,144.208,88.083,189.592,22.264,10.512
Chennai,13.0827,80.2707,2024-09-21,2024,9,21,28.942,79.458,99.375,8.683,99.042,10.667,88.375,13.942,9.476,0.16
Chennai,13.0827,80.2707,2024-09-22,2024,9,22,28.746,82.792,92.458,10.675,168.25,83.667,84.583,103.55,16.132,6.471
Chennai,13.0827,80.2707,2024-09-23,2024,9,23,29.408,80.875,89.125,10.296,219.625,146.667,72.958,191.25,21.04,10.233
Chennai,13.0827,80.2707,2024-09-24,2024,9,24,29.35,80.292,93.417,11.892,220.792,142.042,78.75,188.142,21.16,9.589
Chennai,13.0827,80.2707,2024-09-25,2024,9,25,29.417,79.458,93.625,12.987,202.917,112.375,90.542,150.446,19.452,9.884
Chennai,13.0827,80.2707,2024-09-26,2024,9,26,29.271,81.5,96.75,11.362,156.458,54.333,102.125,78.046,14.984,5.284
Chennai,13.0827,80.2707,2024-09-27,2024,9,27,29.192,82.875,80.458,13.429,224.792,139.125,85.667,191.142,21.54,9.45
Chennai,13.0827,80.2707,2024-09-28,2024,9,28,29.275,80.708,26.333,9.083,250.292,189.875,60.417,268.233,23.984,11.0
Chennai,13.0827,80.2707,2024-09-29,2024,9,29,29.192,82.25,22.042,10.254,227.625,164.25,63.375,232.217,21.812,11.0
Chennai,13.0827,80.2707,2024-09-30,2024,9,30,28.938,83.167,17.042,9.746,228.292,162.542,65.75,238.375,21.876,11.0
Chennai,13.0827,80.2707,2024-10-01,2024,10,1,29.504,78.792,30.208,12.583,233.917,166.875,67.042,238.496,22.416,11.0
Chennai,13.0827,80.2707,2024-10-02,2024,10,2,30.317,76.833,50.625,17.308,269.583,212.25,57.333,299.225,25.844,11.0
Chennai,13.0827,80.2707,2024-10-03,2024,10,3,29.612,77.625,94.542,11.408,216.0,124.042,91.958,161.308,20.708,8.967
Chennai,13.0827,80.2707,2024-10-04,2024,10,4,29.4,80.042,81.875,10.525,204.083,105.792,98.292,146.275,19.564,7.902
Chennai,13.0827,80.2707,2024-10-05,2024,10,5,29.096,80.167,86.208,10.467,211.625,134.083,77.542,181.388,20.292,10.912
Chennai,13.0827,80.2707,2024-10-06,2024,10,6,29.2,79.75,70.625,6.442,250.417,182.792,67.625,258.542,24.012,11.0
Chennai,13.0827,80.2707,2024-10-07,2024,10,7,28.8,83.958,56.333,6.633,212.625,139.833,72.792,196.7,20.388,10.744
Chennai,13.0827,80.2707,2024-10-08,2024,10,8,28.871,80.833,47.292,7.413,232.667,171.25,61.417,241.758,22.316,11.0
Chennai,13.0827,80.2707,2024-10-09,2024,10,9,28.392,82.958,87.292,6.712,175.0,86.25,88.75,128.221,16.784,10.576
Chennai,13.0827,80.2707,2024-10-10,2024,10,10,28.046,83.208,72.458,6.329,196.458,110.25,86.208,165.817,18.844,11.0
Chennai,13.0827,80.2707,2024-10-11,2024,10,11,28.692,82.292,71.125,8.062,209.417,143.333,66.083,212.921,20.084,10.686
Chennai,13.0827,80.2707,2024-10-12,2024,10,12,28.633,83.667,52.625,9.75,216.958,135.833,81.125,191.438,20.812,10.958
Chennai,13.0827,80.2707,2024-10-13,2024,10,13,28.708,82.625,88.583,7.983,214.958,124.833,90.125,181.808,20.62,11.0
Chennai,13.0827,80.2707,2024-10-14,2024,10,14,26.65,89.25,98.542,14.388,77.167,12.333,64.833,14.913,7.404,0.591
Chennai,13.0827,80.2707,2024-10-15,2024,10,15,26.167,91.125,99.958,11.775,63.208,3.375,59.833,4.967,6.064,0.0
Chennai,13.0827,80.2707,2024-10-16,2024,10,16,26.396,90.333,99.375,11.288,111.417,38.458,72.958,50.867,10.688,4.48
Chennai,13.0827,80.2707,2024-10-17,2024,10,17,28.4,81.75,79.333,8.9,205.167,143.0,62.167,202.308,19.688,10.301
Chennai,13.0827,80.2707,2024-10-18,2024,10,18,28.175,83.833,87.625,6.479,153.708,59.542,94.167,91.692,14.748,8.236
Chennai,13.0827,80.2707,2024-10-19,2024,10,19,27.825,86.625,70.458,7.029,163.333,82.542,80.792,120.371,15.672,9.385
Chennai,13.0827,80.2707,2024-10-20,2024,10,20,28.512,83.458,39.333,6.996,181.708,107.958,73.75,172.8,17.436,11.0
Chennai,13.0827,80.2707,2024-10-21,2024,10,21,28.867,82.958,39.25,5.854,209.875,148.917,60.958,216.096,20.14,11.0
Chennai,13.0827,80.2707,2024-10-22,2024,10,22,29.042,80.542,52.542,7.404,201.125,139.667,61.458,216.654,19.3,11.0
Chennai,13.0827,80.2707,2024-10-23,2024,10,23,29.246,77.708,73.125,7.6,252.542,188.292,64.25,277.108,24.236,10.89
Chennai,13.0827,80.2707,2024-10-24,2024,10,24,29.042,77.917,99.542,8.388,202.708,118.583,84.125,166.475,19.456,10.303
Chennai,13.0827,80.2707,2024-10-25,2024,10,25,29.546,74.167,76.875,9.908,237.708,178.792,58.917,276.196,22.812,11.0
Chennai,13.0827,80.2707,2024-10-26,2024,10,26,29.704,72.417,19.75,9.962,244.417,190.0,54.417,286.4,23.46,11.0
Chennai,13.0827,80.2707,2024-10-27,2024,10,27,29.762,71.125,14.708,8.904,242.458,189.875,52.583,289.883,23.272,11.0
Chennai,13.0827,80.2707,2024-10-28,2024,10,28,29.808,78.0,15.792,9.237,224.042,170.958,53.083,262.929,21.504,11.0
Chennai,13.0827,80.2707,2024-10-29,2024,10,29,29.592,81.958,21.667,8.225,232.333,178.292,54.042,265.258,22.3,11.0
Chennai,13.0827,80.2707,2024-10-30,2024,10,30,28.871,83.833,29.917,8.458,211.0,154.458,56.542,238.246,20.252,11.0
Chennai,13.0827,80.2707,2024-10-31,2024,10,31,28.496,83.125,28.792,7.4,192.0,134.333,57.667,210.879,18.428,11.0
Chennai,13.0827,80.2707,2024-11-01,2024,11,1,28.275,82.375,28.375,6.188,197.625,132.792,64.833,206.338,18.968,11.0
Chennai,13.0827,80.2707,2024-11-02,2024,11,2,28.021,84.333,31.333,6.321,164.042,98.125,65.917,160.717,15.744,11.0
Chennai,13.0827,80.2707,2024-11-03,2024,11,3,28.083,84.458,34.083,7.583,206.958,143.25,63.708,224.3,19.864,11.0
Chennai,13.0827,80.2707,2024-11-04,2024,11,4,28.312,78.333,15.458,10.092,225.375,170.458,54.917,267.742,21.632,11.0
Chennai,13.0827,80.2707,2024-11-05,2024,11,5,28.35,75.708,7.958,13.371,231.25,179.875,51.375,286.287,22.196,11.0
Chennai,13.0827,80.2707,2024-11-06,2024,11,6,27.2,86.833,56.917,16.542,177.125,113.125,64.0,178.896,17.004,10.047
Chennai,13.0827,80.2707,2024-11-07,2024,11,7,26.942,88.625,63.625,15.246,174.958,106.458,68.5,174.679,16.792,10.671
Chennai,13.0827,80.2707,2024-11-08,2024,11,8,28.396,81.542,78.25,16.25,215.417,159.167,56.25,247.708,20.676,11.0
Chennai,13.0827,80.2707,2024-11-09,2024,11,9,28.258,80.0,98.792,15.567,205.667,125.75,79.917,190.983,19.744,10.582
Chennai,13.0827,80.2707,2024-11-10,2024,11,10,28.175,78.792,39.792,17.217,225.375,171.333,54.042,272.787,21.636,11.0
Chennai,13.0827,80.2707,2024-11-11,2024,11,11,27.775,78.917,75.542,20.775,143.208,70.583,72.625,114.046,13.748,8.809
Chennai,13.0827,80.2707,2024-11-12,2024,11,12,26.688,90.292,99.958,10.388,35.792,1.083,34.708,1.621,3.436,0.0
Chennai,13.0827,80.2707,2024-11-13,2024,11,13,26.762,88.833,100.0,11.342,45.042,1.583,43.458,2.462,4.324,0.0
Chennai,13.0827,80.2707,2024-11-14,2024,11,14,27.054,89.75,88.042,11.312,155.333,76.875,78.458,117.3,14.912,8.709
Chennai,13.0827,80.2707,2024-11-15,2024,11,15,26.875,90.167,86.375,11.829,120.5,39.708,80.792,62.104,11.568,5.834
Chennai,13.0827,80.2707,2024-11-16,2024,11,16,26.792,90.708,51.667,12.608,166.417,102.958,63.458,168.642,15.976,10.975
Chennai,13.0827,80.2707,2024-11-17,2024,11,17,27.754,80.792,31.375,16.608,213.458,159.292,54.167,257.367,20.492,11.0
Chennai,13.0827,80.2707,2024-11-18,2024,11,18,27.721,76.875,34.75,18.488,210.0,152.083,57.917,246.708,20.16,11.0
Chennai,13.0827,80.2707,2024-11-19,2024,11,19,27.417,73.875,61.292,19.246,216.083,157.208,58.875,254.604,20.744,11.0
Chennai,13.0827,80.2707,2024-11-20,2024,11,20,27.083,72.375,86.0,17.188,219.25,157.5,61.75,245.692,21.048,10.87
Chennai,13.0827,80.2707,2024-11-21,2024,11,21,26.875,72.125,45.917,17.592,210.292,142.583,67.708,246.158,20.188,11.0
Chennai,13.0827,80.2707,2024-11-22,2024,11,22,26.858,73.917,37.958,16.175,208.458,133.375,75.083,233.358,20.012,11.0
Chennai,13.0827,80.2707,2024-11-23,2024,11,23,26.912,82.167,96.625,16.425,164.75,89.708,75.042,136.754,15.816,9.138
Chennai,13.0827,80.2707,2024-11-24,2024,11,24,27.233,78.875,95.375,17.317,168.792,94.25,74.542,165.367,16.204,11.0
Chennai,13.0827,80.2707,2024-11-25,2024,11,25,26.912,77.5,99.792,21.2,173.917,86.292,87.625,135.092,16.696,8.973
Chennai,13.0827,80.2707,2024-11-26,2024,11,26,25.25,92.042,99.792,21.1,27.75,0.292,27.458,0.404,2.664,0.0
Chennai,13.0827,80.2707,2024-11-27,2024,11,27,26.621,79.917,100.0,28.517,74.625,3.75,70.875,5.017,7.164,0.0
Chennai,13.0827,80.2707,2024-11-28,2024,11,28,25.75,82.667,100.0,32.75,93.917,31.625,62.292,47.912,9.016,4.775
Chennai,13.0827,80.2707,2024-11-29,2024,11,29,25.025,93.458,100.0,26.55,64.042,6.417,57.625,9.121,6.148,0.273
Chennai,13.0827,80.2707,2024-11-30,2024,11,30,25.404,94.375,100.0,38.25,18.875,0.208,18.667,0.562,1.812,0.0
Chennai,13.0827,80.2707,2024-12-01,2024,12,1,26.488,87.667,99.292,25.517,100.458,38.208,62.25,57.538,9.644,4.419
Chennai,13.0827,80.2707,2024-12-02,2024,12,2,27.258,87.083,87.0,18.533,156.875,101.708,55.167,166.483,15.06,10.736
Chennai,13.0827,80.2707,2024-12-03,2024,12,3,27.379,87.0,67.333,13.042,186.458,120.333,66.125,194.146,17.896,9.538
Chennai,13.0827,80.2707,2024-12-04,2024,12,4,27.3,86.458,58.333,7.096,157.5,101.208,56.292,177.112,15.116,10.997
Chennai,13.0827,80.2707,2024-12-05,2024,12,5,27.217,87.125,35.833,7.2,183.25,116.125,67.125,198.212,17.588,10.568
Chennai,13.0827,80.2707,2024-12-06,2024,12,6,27.404,86.375,52.458,6.696,173.083,119.708,53.375,201.6,16.612,11.0
Chennai,13.0827,80.2707,2024-12-07,2024,12,7,27.575,83.333,51.417,7.883,181.0,122.208,58.792,203.912,17.372,10.776
Chennai,13.0827,80.2707,2024-12-08,2024,12,8,27.412,80.333,58.875,5.558,196.75,146.292,50.458,240.833,18.884,11.0
Chennai,13.0827,80.2707,2024-12-09,2024,12,9,27.579,80.5,84.083,9.167,197.125,141.542,55.583,235.483,18.92,11.0
Chennai,13.0827,80.2707,2024-12-10,2024,12,10,27.496,81.625,98.792,17.183,162.208,81.917,80.292,126.958,15.572,8.519
Chennai,13.0827,80.2707,2024-12-11,2024,12,11,26.508,87.292,99.792,21.55,24.458,0.125,24.333,0.192,2.348,0.0
Chennai,13.0827,80.2707,2024-12-12,2024,12,12,25.825,90.167,99.208,19.046,64.375,12.417,51.958,24.771,6.18,1.272
Chennai,13.0827,80.2707,2024-12-13,2024,12,13,26.7,79.583,62.5,19.963,190.042,136.542,53.5,234.862,18.24,11.0
Chennai,13.0827,80.2707,2024-12-14,2024,12,14,26.421,73.292,47.583,18.458,184.917,115.75,69.167,201.55,17.748,11.0
Chennai,13.0827,80.2707,2024-12-15,2024,12,15,26.479,68.375,87.542,18.842,171.042,93.083,77.958,164.054,16.416,10.953
Chennai,13.0827,80.2707,2024-12-16,2024,12,16,26.012,69.958,91.5,20.404,190.917,125.125,65.792,213.783,18.32,11.0
Chennai,13.0827,80.2707,2024-12-17,2024,12,17,25.196,80.75,99.708,22.729,53.667,1.667,52.0,2.771,5.148,0.0
Chennai,13.0827,80.2707,2024-12-18,2024,12,18,24.846,90.25,99.75,20.558,69.292,17.208,52.083,27.629,6.652,1.954
Chennai,13.0827,80.2707,2024-12-19,2024,12,19,25.546,91.167,99.792,19.517,62.167,9.708,52.458,14.671,5.968,0.568
Chennai,13.0827,80.2707,2024-12-20,2024,12,20,26.242,88.208,87.417,16.825,98.125,46.208,51.917,82.412,9.412,7.311
Chennai,13.0827,80.2707,2024-12-21,2024,12,21,26.85,84.458,58.5,12.771,177.0,119.167,57.833,210.817,16.984,11.0
Chennai,13.0827,80.2707,2024-12-22,2024,12,22,26.617,84.083,31.0,16.129,194.083,141.792,52.292,241.204,18.62,10.992
Chennai,13.0827,80.2707,2024-12-23,2024,12,23,26.463,80.75,36.167,18.55,213.0,156.042,56.958,264.188,20.44,10.984
Chennai,13.0827,80.2707,2024-12-24,2024,12,24,25.5,87.0,74.125,22.458,111.292,42.625,68.667,79.388,10.672,8.107
Chennai,13.0827,80.2707,2024-12-25,2024,12,25,25.479,87.583,78.125,18.904,133.708,69.083,64.625,120.258,12.828,9.163
Chennai,13.0827,80.2707,2024-12-26,2024,12,26,26.537,88.875,53.792,14.812,163.75,106.125,57.625,176.008,15.708,9.7
Chennai,13.0827,80.2707,2024-12-27,2024,12,27,26.529,83.333,47.417,16.037,155.208,102.583,52.625,171.196,14.888,9.886
Chennai,13.0827,80.2707,2024-12-28,2024,12,28,26.963,78.917,42.875,13.779,201.958,147.958,54.0,255.971,19.372,10.945
Chennai,13.0827,80.2707,2024-12-29,2024,12,29,26.475,82.958,74.333,17.496,172.375,118.792,53.583,199.904,16.536,10.938
Chennai,13.0827,80.2707,2024-12-30,2024,12,30,26.762,82.792,65.125,17.812,185.292,128.542,56.75,214.604,17.772,10.113
Chennai,13.0827,80.2707,2024-12-31,2024,12,31,26.75,80.833,67.208,17.629,206.875,149.917,56.958,248.233,19.84,10.924
Chennai,13.0827,80.2707,2025-01-01,2025,1,1,26.5,79.417,57.083,14.729,196.5,135.958,60.542,231.192,18.84,10.917
Chennai,13.0827,80.2707,2025-01-02,2025,1,2,26.171,73.125,78.667,12.104,170.792,97.917,72.875,174.471,16.376,10.91
Chennai,13.0827,80.2707,2025-01-03,2025,1,3,25.85,72.0,53.667,14.317,209.5,152.542,56.958,261.375,20.084,10.904
Chennai,13.0827,80.2707,2025-01-04,2025,1,4,25.488,71.25,57.0,10.4,163.708,91.333,72.375,165.817,15.688,10.703
Chennai,13.0827,80.2707,2025-01-05,2025,1,5,25.612,71.333,75.708,9.367,176.125,110.208,65.917,185.196,16.88,10.201
Chennai,13.0827,80.2707,2025-01-06,2025,1,6,25.283,73.792,52.542,7.908,184.125,114.75,69.375,200.388,17.644,10.909
Chennai,13.0827,80.2707,2025-01-07,2025,1,7,25.862,75.0,41.708,12.421,185.292,120.5,64.792,199.4,17.756,10.078
Chennai,13.0827,80.2707,2025-01-08,2025,1,8,25.125,72.583,27.375,12.908,210.417,147.625,62.792,250.371,20.168,10.879
Chennai,13.0827,80.2707,2025-01-09,2025,1,9,25.779,69.083,64.625,14.292,164.833,87.875,76.958,155.488,15.788,10.882
Chennai,13.0827,80.2707,2025-01-10,2025,1,10,26.133,75.708,79.667,16.775,136.292,59.667,76.625,108.071,13.064,8.272
Chennai,13.0827,80.2707,2025-01-11,2025,1,11,25.938,73.583,93.792,16.554,172.125,100.042,72.083,171.112,16.492,10.424
Chennai,13.0827,80.2707,2025-01-12,2025,1,12,25.583,81.167,89.958,16.629,74.0,15.208,58.792,25.446,7.088,0.701
Chennai,13.0827,80.2707,2025-01-13,2025,1,13,25.621,88.958,88.292,12.6,106.542,49.0,57.542,87.075,10.216,4.505
Chennai,13.0827,80.2707,2025-01-14,2025,1,14,26.283,81.292,81.583,16.321,207.417,152.167,55.25,248.929,19.868,10.911
Chennai,13.0827,80.2707,2025-01-15,2025,1,15,26.392,78.458,62.208,19.05,201.792,147.875,53.917,241.5,19.324,10.474
Chennai,13.0827,80.2707,2025-01-16,2025,1,16,26.067,74.708,48.875,16.942,175.417,104.083,71.333,176.058,16.788,10.967
Chennai,13.0827,80.2707,2025-01-17,2025,1,17,25.621,75.458,49.167,17.679,172.667,105.083,67.583,183.533,16.528,10.889
Chennai,13.0827,80.2707,2025-01-18,2025,1,18,25.567,76.792,93.0,18.958,112.5,39.25,73.25,74.817,10.788,4.922
Chennai,13.0827,80.2707,2025-01-19,2025,1,19,25.625,87.667,98.375,18.767,139.375,66.5,72.875,100.413,13.34,7.48
Chennai,13.0827,80.2707,2025-01-20,2025,1,20,25.442,80.333,87.0,15.688,212.417,132.125,80.292,210.85,20.332,10.094
Chennai,13.0827,80.2707,2025-01-21,2025,1,21,25.383,74.625,76.0,12.338,211.708,139.708,72.0,231.867,20.256,11.074
Chennai,13.0827,80.2707,2025-01-22,2025,1,22,25.537,76.5,53.75,11.242,170.375,91.25,79.125,147.142,16.292,9.654
Chennai,13.0827,80.2707,2025-01-23,2025,1,23,25.646,75.75,72.25,9.138,202.125,121.458,80.667,209.483,19.332,10.921
Chennai,13.0827,80.2707,2025-01-24,2025,1,24,25.862,71.333,52.292,9.208,176.5,87.708,88.792,154.321,16.872,9.86
Chennai,13.0827,80.2707,2025-01-25,2025,1,25,25.225,75.75,62.542,11.379,234.542,174.625,59.917,278.992,22.436,11.047
Chennai,13.0827,80.2707,2025-01-26,2025,1,26,25.0,78.333,74.625,9.042,237.0,173.333,63.667,280.292,22.672,11.188
Chennai,13.0827,80.2707,2025-01-27,2025,1,27,25.542,76.0,55.667,8.658,233.833,170.542,63.292,269.667,22.364,10.615
Chennai,13.0827,80.2707,2025-01-28,2025,1,28,25.458,72.5,78.458,7.042,239.167,179.0,60.167,276.6,22.876,11.096
Chennai,13.0827,80.2707,2025-01-29,2025,1,29,25.621,70.792,48.583,12.296,231.833,163.542,68.292,271.188,22.168,11.247
Chennai,13.0827,80.2707,2025-01-30,2025,1,30,26.321,77.333,46.417,9.954,205.375,130.292,75.083,200.679,19.632,9.645
Chennai,13.0827,80.2707,2025-01-31,2025,1,31,27.117,83.208,39.167,8.992,204.375,136.25,68.125,213.504,19.552,10.589
Chennai,13.0827,80.2707,2025-02-01,2025,2,1,26.942,82.333,36.583,8.288,204.083,141.5,62.583,224.696,19.496,10.927
Chennai,13.0827,80.2707,2025-02-02,2025,2,2,26.308,81.583,34.167,7.417,224.833,158.875,65.958,246.712,21.484,10.884
Chennai,13.0827,80.2707,2025-02-03,2025,2,3,25.379,79.208,43.0,5.446,244.917,183.875,61.042,278.375,23.408,10.62
Chennai,13.0827,80.2707,2025-02-04,2025,2,4,25.529,79.042,56.292,5.158,251.583,194.75,56.833,290.25,24.044,10.697
Chennai,13.0827,80.2707,2025-02-05,2025,2,5,26.267,78.292,41.583,6.329,255.042,199.458,55.583,299.071,24.376,10.758
Chennai,13.0827,80.2707,2025-02-06,2025,2,6,25.967,80.208,32.208,5.492,247.917,185.542,62.375,279.571,23.688,10.75
Chennai,13.0827,80.2707,2025-02-07,2025,2,7,25.896,80.208,35.625,6.125,250.417,190.75,59.667,284.262,23.928,10.659
Chennai,13.0827,80.2707,2025-02-08,2025,2,8,25.908,82.208,63.333,6.596,249.708,189.792,59.917,278.967,23.864,10.736
Chennai,13.0827,80.2707,2025-02-09,2025,2,9,26.217,80.708,32.667,8.162,232.083,163.5,68.583,246.1,22.164,10.605
Chennai,13.0827,80.2707,2025-02-10,2025,2,10,26.375,75.292,30.708,10.075,226.0,150.5,75.5,231.05,21.58,11.441
Chennai,13.0827,80.2707,2025-02-11,2025,2,11,26.338,73.5,62.458,7.35,250.75,187.042,63.708,284.125,23.948,11.51
Chennai,13.0827,80.2707,2025-02-12,2025,2,12,25.917,77.125,57.292,5.458,263.083,205.917,57.167,318.304,25.124,11.574
Chennai,13.0827,80.2707,2025-02-13,2025,2,13,25.075,81.417,39.75,6.542,257.417,191.083,66.333,276.713,24.58,10.508
Chennai,13.0827,80.2707,2025-02-14,2025,2,14,25.45,80.792,27.083,8.704,264.125,206.125,58.0,299.0,25.224,10.838
Chennai,13.0827,80.2707,2025-02-15,2025,2,15,25.879,80.167,21.375,8.483,257.208,195.458,61.75,285.846,24.56,10.995
Chennai,13.0827,80.2707,2025-02-16,2025,2,16,26.533,76.417,11.375,9.354,264.125,207.208,56.917,310.033,25.22,11.618
Chennai,13.0827,80.2707,2025-02-17,2025,2,17,26.625,77.417,16.917,8.242,247.167,180.917,66.25,269.975,23.592,11.629
Chennai,13.0827,80.2707,2025-02-18,2025,2,18,26.358,78.208,22.833,7.758,255.583,191.125,64.458,277.112,24.4,10.655
Chennai,13.0827,80.2707,2025-02-19,2025,2,19,25.938,80.375,20.75,8.679,260.417,196.208,64.208,282.287,24.86,11.042
Chennai,13.0827,80.2707,2025-02-20,2025,2,20,26.504,77.292,16.292,9.204,263.292,204.458,58.833,300.608,25.136,11.662
Chennai,13.0827,80.2707,2025-02-21,2025,2,21,26.696,77.5,24.667,6.775,255.833,191.292,64.542,279.55,24.416,11.443
Chennai,13.0827,80.2707,2025-02-22,2025,2,22,26.967,77.5,27.792,6.675,260.542,196.875,63.667,287.287,24.868,11.508
Chennai,13.0827,80.2707,2025-02-23,2025,2,23,26.946,77.917,11.833,7.746,268.417,208.583,59.833,301.708,25.62,11.639
Chennai,13.0827,80.2707,2025-02-24,2025,2,24,27.083,77.625,23.125,10.729,260.083,196.208,63.875,281.967,24.82,11.639
Chennai,13.0827,80.2707,2025-02-25,2025,2,25,27.6,74.917,38.625,14.671,266.708,206.583,60.125,303.054,25.46,11.72
Chennai,13.0827,80.2707,2025-02-26,2025,2,26,27.996,75.75,15.375,17.338,260.25,197.375,62.875,291.067,24.84,11.731
Chennai,13.0827,80.2707,2025-02-27,2025,2,27,27.688,75.042,68.542,14.775,263.667,197.917,65.75,288.596,25.16,11.734
Chennai,13.0827,80.2707,2025-02-28,2025,2,28,28.104,73.708,62.708,14.737,239.375,169.667,69.708,242.679,22.856,11.361
Chennai,13.0827,80.2707,2025-03-01,2025,3,1,28.262,76.583,25.375,13.642,246.375,184.167,62.208,269.867,23.504,11.739
Chennai,13.0827,80.2707,2025-03-02,2025,3,2,28.283,77.208,28.208,9.562,257.625,188.792,68.833,275.05,24.58,11.742
Chennai,13.0827,80.2707,2025-03-03,2025,3,3,28.25,78.958,68.375,7.75,267.333,200.917,66.417,283.421,25.504,11.397
Chennai,13.0827,80.2707,2025-03-04,2025,3,4,27.742,79.958,82.75,8.962,275.458,216.458,59.0,301.467,26.284,11.081
Chennai,13.0827,80.2707,2025-03-05,2025,3,5,27.779,80.083,68.375,9.487,274.667,203.125,71.542,281.579,26.204,11.01
Chennai,13.0827,80.2707,2025-03-06,2025,3,6,28.325,72.667,13.208,9.571,289.0,235.917,53.083,338.521,27.576,11.752
Chennai,13.0827,80.2707,2025-03-07,2025,3,7,27.488,71.292,36.75,7.983,298.833,245.708,53.125,356.037,28.516,11.754
Chennai,13.0827,80.2707,2025-03-08,2025,3,8,27.358,74.792,13.25,10.221,281.583,220.958,60.625,309.65,26.864,11.756
Chennai,13.0827,80.2707,2025-03-09,2025,3,9,27.071,75.125,21.292,9.987,270.333,199.708,70.625,281.642,25.788,11.758
Chennai,13.0827,80.2707,2025-03-10,2025,3,10,28.062,69.583,55.5,13.829,255.125,176.5,78.625,253.296,24.328,11.388
Chennai,13.0827,80.2707,2025-03-11,2025,3,11,27.488,80.333,98.375,14.975,136.042,42.667,93.375,57.438,13.008,5.914
Chennai,13.0827,80.2707,2025-03-12,2025,3,12,27.517,85.125,63.5,8.321,216.458,131.167,85.292,182.938,20.64,11.115
Chennai,13.0827,80.2707,2025-03-13,2025,3,13,28.133,82.375,35.917,8.242,280.0,217.875,62.125,300.629,26.712,11.541
Chennai,13.0827,80.2707,2025-03-14,2025,3,14,28.071,80.292,29.417,10.554,284.833,221.0,63.833,307.254,27.172,11.521
Chennai,13.0827,80.2707,2025-03-15,2025,3,15,28.433,76.0,26.708,11.233,278.75,210.958,67.792,293.175,26.588,11.452
Chennai,13.0827,80.2707,2025-03-16,2025,3,16,28.767,77.833,17.75,8.746,278.542,215.667,62.875,308.7,26.572,11.769
Chennai,13.0827,80.2707,2025-03-17,2025,3,17,29.171,80.208,55.958,11.371,267.667,192.417,75.25,270.012,25.532,11.77
Chennai,13.0827,80.2707,2025-03-18,2025,3,18,29.292,78.667,21.208,11.812,264.75,194.875,69.875,272.608,25.248,11.771
Chennai,13.0827,80.2707,2025-03-19,2025,3,19,29.446,75.083,21.458,12.442,267.083,201.917,65.167,282.425,25.472,11.772
Chennai,13.0827,80.2707,2025-03-20,2025,3,20,29.171,73.583,21.625,11.754,276.292,211.792,64.5,291.317,26.356,11.773
Chennai,13.0827,80.2707,2025-03-21,2025,3,21,29.521,74.167,4.792,13.104,282.0,221.25,60.75,307.412,26.904,11.774
Chennai,13.0827,80.2707,2025-03-22,2025,3,22,29.496,77.417,29.208,12.575,228.25,161.917,66.333,222.075,21.772,11.596
Chennai,13.0827,80.2707,2025-03-23,2025,3,23,29.4,77.042,28.292,12.242,250.625,180.375,70.25,252.771,23.904,11.776
Chennai,13.0827,80.2707,2025-03-24,2025,3,24,29.017,77.5,30.792,10.042,265.5,199.208,66.292,269.988,25.324,11.521
Chennai,13.0827,80.2707,2025-03-25,2025,3,25,28.608,75.5,13.75,7.633,284.375,216.208,68.167,296.812,27.124,11.778
Chennai,13.0827,80.2707,2025-03-26,2025,3,26,28.758,76.0,11.458,9.688,281.917,215.083,66.833,290.808,26.888,11.74
Chennai,13.0827,80.2707,2025-03-27,2025,3,27,29.279,74.5,25.333,12.175,301.792,245.042,56.75,338.954,28.796,11.781
Chennai,13.0827,80.2707,2025-03-28,2025,3,28,29.571,76.792,77.833,15.054,297.458,231.667,65.792,317.15,28.404,11.462
Chennai,13.0827,80.2707,2025-03-29,2025,3,29,29.654,76.875,36.375,14.392,307.333,249.625,57.708,344.238,29.32,11.783
Chennai,13.0827,80.2707,2025-03-30,2025,3,30,28.921,75.542,16.125,14.804,307.167,251.25,55.917,349.471,29.308,11.784
Chennai,13.0827,80.2707,2025-03-31,2025,3,31,28.496,75.75,9.875,12.204,277.375,203.333,74.042,287.004,26.452,11.785
Chennai,13.0827,80.2707,2025-04-01,2025,4,1,28.792,71.667,20.292,11.987,259.125,191.25,67.875,270.075,24.704,11.786
Chennai,13.0827,80.2707,2025-04-02,2025,4,2,29.658,71.917,43.667,12.45,259.0,182.292,76.708,255.346,24.7,11.788
Chennai,13.0827,80.2707,2025-04-03,2025,4,3,28.529,80.833,98.833,10.292,149.458,34.333,115.125,47.217,14.224,4.122
Chennai,13.0827,80.2707,2025-04-04,2025,4,4,29.396,77.667,57.417,9.942,221.792,145.167,76.625,194.888,21.196,11.329
Chennai,13.0827,80.2707,2025-04-05,2025,4,5,29.296,77.458,51.75,6.933,256.875,185.792,71.083,257.938,24.504,11.79
Chennai,13.0827,80.2707,2025-04-06,2025,4,6,29.779,76.0,21.208,8.358,282.75,219.083,63.667,300.638,26.988,11.791
Chennai,13.0827,80.2707,2025-04-07,2025,4,7,29.963,77.458,27.958,8.638,291.042,226.958,64.083,312.362,27.78,11.793
Chennai,13.0827,80.2707,2025-04-08,2025,4,8,30.121,73.875,21.958,10.217,283.75,213.5,70.25,283.362,27.08,11.577
Chennai,13.0827,80.2707,2025-04-09,2025,4,9,29.946,74.875,25.375,12.342,285.625,224.292,61.333,305.875,27.256,11.795
Chennai,13.0827,80.2707,2025-04-10,2025,4,10,30.325,76.75,48.5,12.112,278.875,212.375,66.5,287.646,26.62,11.726
Chennai,13.0827,80.2707,2025-04-11,2025,4,11,30.612,76.708,45.375,10.858,272.458,206.583,65.875,281.383,26.012,11.726
Chennai,13.0827,80.2707,2025-04-12,2025,4,12,30.925,69.833,10.208,13.508,294.458,234.542,59.917,318.55,28.116,11.755
Chennai,13.0827,80.2707,2025-04-13,2025,4,13,30.767,76.708,18.583,9.892,291.417,228.25,63.167,312.192,27.824,11.817
Chennai,13.0827,80.2707,2025-04-14,2025,4,14,30.179,77.625,28.333,10.933,273.042,205.875,67.167,271.287,26.056,11.727
Chennai,13.0827,80.2707,2025-04-15,2025,4,15,30.179,75.333,32.958,14.296,271.375,203.958,67.417,272.562,25.912,11.396
Chennai,13.0827,80.2707,2025-04-16,2025,4,16,29.787,73.75,23.917,14.546,238.958,160.375,78.583,221.592,22.8,11.605
Chennai,13.0827,80.2707,2025-04-17,2025,4,17,30.196,76.833,15.5,15.725,259.958,191.042,68.917,259.154,24.808,11.662
Chennai,13.0827,80.2707,2025-04-18,2025,4,18,30.592,77.625,15.125,17.992,265.75,198.333,67.417,266.733,25.344,11.811
Chennai,13.0827,80.2707,2025-04-19,2025,4,19,30.954,78.125,83.083,16.338,259.75,169.833,89.917,229.175,24.808,11.0
Chennai,13.0827,80.2707,2025-04-20,2025,4,20,30.95,80.0,13.0,16.688,298.333,239.292,59.042,326.346,28.46,11.874
Chennai,13.0827,80.2707,2025-04-21,2025,4,21,30.696,80.458,26.417,13.133,281.417,212.542,68.875,282.379,26.836,11.816
Chennai,13.0827,80.2707,2025-04-22,2025,4,22,30.554,77.75,13.917,13.929,288.542,222.417,66.125,295.912,27.532,11.782
Chennai,13.0827,80.2707,2025-04-23,2025,4,23,30.771,76.375,18.292,14.679,296.167,234.167,62.0,318.862,28.252,11.936
Chennai,13.0827,80.2707,2025-04-24,2025,4,24,31.1,77.125,23.292,15.987,300.917,240.292,60.625,322.312,28.704,11.823
Chennai,13.0827,80.2707,2025-04-25,2025,4,25,31.138,77.5,13.75,16.213,287.292,220.25,67.042,302.85,27.396,11.933
Chennai,13.0827,80.2707,2025-04-26,2025,4,26,30.688,79.625,12.042,16.658,274.833,210.458,64.375,283.892,26.2,11.539
Chennai,13.0827,80.2707,2025-04-27,2025,4,27,30.45,78.833,35.167,13.975,271.958,205.208,66.75,279.842,25.928,11.999
Chennai,13.0827,80.2707,2025-04-28,2025,4,28,30.133,78.5,58.958,13.258,244.75,169.0,75.75,234.375,23.32,11.863
Chennai,13.0827,80.2707,2025-04-29,2025,4,29,30.175,78.583,29.458,13.204,260.792,187.583,73.208,264.058,24.852,11.998
Chennai,13.0827,80.2707,2025-04-30,2025,4,30,30.675,78.417,35.0,15.117,272.333,206.458,65.875,280.842,25.976,12.065
Chennai,13.0827,80.2707,2025-05-01,2025,5,1,30.75,77.833,80.667,15.588,285.542,217.875,67.667,287.783,27.232,11.862
Chennai,13.0827,80.2707,2025-05-02,2025,5,2,30.7,80.375,67.208,14.788,282.542,220.208,62.333,303.004,26.948,12.066
Chennai,13.0827,80.2707,2025-05-03,2025,5,3,31.05,76.25,48.375,16.392,295.125,235.625,59.5,319.417,28.164,11.848
Chennai,13.0827,80.2707,2025-05-04,2025,5,4,30.617,79.167,24.542,16.467,274.5,212.917,61.583,288.392,26.2,11.948
Chennai,13.0827,80.2707,2025-05-05,2025,5,5,29.892,75.958,58.375,16.762,295.5,236.083,59.417,314.679,28.24,11.664
Chennai,13.0827,80.2707,2025-05-06,2025,5,6,30.754,77.583,29.5,14.825,288.958,230.667,58.292,309.408,27.592,12.137
Chennai,13.0827,80.2707,2025-05-07,2025,5,7,30.15,77.208,34.708,13.525,275.208,215.0,60.208,284.379,26.268,11.941
Chennai,13.0827,80.2707,2025-05-08,2025,5,8,30.529,75.958,38.792,11.9,279.125,217.958,61.167,293.796,26.644,12.141
Chennai,13.0827,80.2707,2025-05-09,2025,5,9,30.646,75.75,18.583,8.958,266.0,189.667,76.333,251.6,25.364,12.143
Chennai,13.0827,80.2707,2025-05-10,2025,5,10,31.054,76.042,20.375,14.2,276.625,213.458,63.167,290.3,26.372,12.214
Chennai,13.0827,80.2707,2025-05-11,2025,5,11,31.233,77.25,14.375,12.604,269.375,205.375,64.0,282.083,25.684,12.148
Chennai,13.0827,80.2707,2025-05-12,2025,5,12,31.821,72.833,31.083,11.379,270.75,209.083,61.667,292.317,25.832,12.357
Chennai,13.0827,80.2707,2025-05-13,2025,5,13,31.767,70.708,40.542,10.204,283.708,222.208,61.5,305.392,27.04,12.222
Chennai,13.0827,80.2707,2025-05-14,2025,5,14,31.6,76.417,42.667,9.917,279.292,213.125,66.167,292.846,26.608,12.295
Chennai,13.0827,80.2707,2025-05-15,2025,5,15,31.504,72.0,30.292,11.712,295.792,237.042,58.75,325.029,28.192,12.298
Chennai,13.0827,80.2707,2025-05-16,2025,5,16,31.062,74.625,67.25,10.383,274.792,205.333,69.458,280.729,26.192,12.302
Chennai,13.0827,80.2707,2025-05-17,2025,5,17,29.308,79.75,95.0,12.871,204.583,96.125,108.458,135.425,19.572,9.805
Chennai,13.0827,80.2707,2025-05-18,2025,5,18,29.575,78.792,99.292,12.429,161.292,59.5,101.792,76.942,15.332,6.856
Chennai,13.0827,80.2707,2025-05-19,2025,5,19,28.521,84.625,99.583,8.958,151.333,66.458,84.875,88.083,14.396,6.201
Chennai,13.0827,80.2707,2025-05-20,2025,5,20,28.517,85.625,99.792,8.367,149.458,36.458,113.0,44.517,14.224,3.417
Chennai,13.0827,80.2707,2025-05-21,2025,5,21,29.875,80.208,99.5,9.804,208.5,90.25,118.25,112.638,19.852,8.349
Chennai,13.0827,80.2707,2025-05-22,2025,5,22,30.975,71.75,98.25,11.5,256.583,157.625,98.958,203.029,24.476,10.76
Chennai,13.0827,80.2707,2025-05-23,2025,5,23,31.258,74.5,54.125,16.963,284.917,219.792,65.125,288.733,27.176,11.93
Chennai,13.0827,80.2707,2025-05-24,2025,5,24,30.954,73.125,96.708,19.912,227.583,128.708,98.875,155.004,21.768,8.792
Chennai,13.0827,80.2707,2025-05-25,2025,5,25,31.108,68.75,95.125,17.854,214.958,125.292,89.667,168.95,20.568,9.703
Chennai,13.0827,80.2707,2025-05-26,2025,5,26,30.438,69.75,99.833,18.021,132.208,49.125,83.083,59.429,12.692,3.025
Chennai,13.0827,80.2707,2025-05-27,2025,5,27,30.658,66.958,100.0,18.092,145.083,54.875,90.208,73.767,13.928,5.37
Chennai,13.0827,80.2707,2025-05-28,2025,5,28,31.396,63.792,99.875,18.579,186.375,76.25,110.125,95.296,17.892,7.828
Chennai,13.0827,80.2707,2025-05-29,2025,5,29,31.392,63.75,100.0,20.262,145.375,49.542,95.833,59.946,13.956,5.639
Chennai,13.0827,80.2707,2025-05-30,2025,5,30,29.408,74.958,99.667,14.95,148.458,61.583,86.875,74.204,14.252,5.537
Chennai,13.0827,80.2707,2025-05-31,2025,5,31,30.988,69.5,86.625,12.471,236.0,153.875,82.125,201.521,22.656,9.486
Chennai,13.0827,80.2707,2025-06-01,2025,6,1,31.8,66.667,55.75,13.346,293.625,235.5,58.125,318.958,28.188,12.166
Chennai,13.0827,80.2707,2025-06-02,2025,6,2,31.604,68.375,98.0,15.579,258.042,161.708,96.333,204.446,24.772,10.226
Chennai,13.0827,80.2707,2025-06-03,2025,6,3,31.679,67.292,71.208,13.312,268.417,194.75,73.667,256.025,25.768,11.428
Chennai,13.0827,80.2707,2025-06-04,2025,6,4,31.496,69.042,35.917,13.196,270.292,210.208,60.083,279.517,25.948,11.56
Chennai,13.0827,80.2707,2025-06-05,2025,6,5,31.738,69.125,47.542,11.462,239.083,171.458,67.625,242.225,22.952,12.471
Chennai,13.0827,80.2707,2025-06-06,2025,6,6,31.696,73.5,33.042,13.4,252.542,186.458,66.083,265.471,24.244,12.267
Chennai,13.0827,80.2707,2025-06-07,2025,6,7,31.742,71.708,55.458,14.05,243.083,170.542,72.542,231.708,23.336,12.111
Chennai,13.0827,80.2707,2025-06-08,2025,6,8,31.592,69.125,70.292,12.771,261.042,201.917,59.125,275.133,25.06,12.554
Chennai,13.0827,80.2707,2025-06-09,2025,6,9,31.021,69.583,62.458,14.25,244.875,172.625,72.25,219.204,23.508,11.021
Chennai,13.0827,80.2707,2025-06-10,2025,6,10,31.046,70.083,99.583,14.583,249.292,158.833,90.458,209.346,23.932,10.697
Chennai,13.0827,80.2707,2025-06-11,2025,6,11,30.279,72.875,95.958,12.112,207.708,115.333,92.375,151.033,19.94,9.401
Chennai,13.0827,80.2707,2025-06-12,2025,6,12,30.188,75.417,84.708,15.946,219.583,141.208,78.375,192.833,21.08,9.673
Chennai,13.0827,80.2707,2025-06-13,2025,6,13,30.429,73.833,69.208,16.012,241.583,161.0,80.583,213.054,23.192,11.211
Chennai,13.0827,80.2707,2025-06-14,2025,6,14,30.679,73.167,98.25,18.004,222.375,118.542,103.833,149.004,21.348,9.413
Chennai,13.0827,80.2707,2025-06-15,2025,6,15,30.317,69.0,99.292,19.287,91.75,13.917,77.833,17.854,8.808,0.342
Chennai,13.0827,80.2707,2025-06-16,2025,6,16,30.717,65.208,97.458,18.888,105.75,20.292,85.458,32.671,10.152,2.31
Chennai,13.0827,80.2707,2025-06-17,2025,6,17,31.417,63.375,97.792,16.971,199.792,91.333,108.458,125.621,19.18,10.003
Chennai,13.0827,80.2707,2025-06-18,2025,6,18,31.5,64.333,97.0,18.108,248.875,153.708,95.167,207.6,23.892,11.282
Chennai,13.0827,80.2707,2025-06-19,2025,6,19,31.371,68.917,94.917,17.346,241.042,128.417,112.625,177.229,23.14,11.593
Chennai,13.0827,80.2707,2025-06-20,2025,6,20,31.512,67.75,67.667,15.467,252.958,191.625,61.333,261.454,24.284,11.808
Chennai,13.0827,80.2707,2025-06-21,2025,6,21,30.946,69.667,93.125,13.567,241.833,154.792,87.042,214.938,23.216,11.922
Chennai,13.0827,80.2707,2025-06-22,2025,6,22,31.062,64.792,98.583,14.871,173.292,50.875,122.417,71.383,16.636,6.683
Chennai,13.0827,80.2707,2025-06-23,2025,6,23,30.225,64.875,99.958,16.088,134.208,31.792,102.417,34.892,12.884,3.215
Chennai,13.0827,80.2707,2025-06-24,2025,6,24,31.596,58.208,99.833,16.892,215.417,111.75,103.667,151.492,20.68,10.279
Chennai,13.0827,80.2707,2025-06-25,2025,6,25,30.642,64.875,99.917,16.742,134.542,22.875,111.667,30.408,12.916,2.006
Chennai,13.0827,80.2707,2025-06-26,2025,6,26,30.733,67.667,98.458,17.333,147.542,38.625,108.917,52.504,14.164,4.736
Chennai,13.0827,80.2707,2025-06-27,2025,6,27,31.079,68.458,85.833,16.092,232.042,132.083,99.958,165.6,22.276,9.709
Chennai,13.0827,80.2707,2025-06-28,2025,6,28,31.446,65.208,87.75,14.971,220.917,118.917,102.0,157.238,21.208,10.675
Chennai,13.0827,80.2707,2025-06-29,2025,6,29,31.479,65.333,99.875,15.804,221.542,138.417,83.125,188.175,21.268,10.568
Chennai,13.0827,80.2707,2025-06-30,2025,6,30,31.283,62.667,99.708,13.2,194.5,72.208,122.292,84.067,18.672,6.275
Chennai,13.0827,80.2707,2025-07-01,2025,7,1,31.583,59.792,98.375,12.621,202.75,93.833,108.917,114.842,19.464,7.98
Chennai,13.0827,80.2707,2025-07-02,2025,7,2,30.45,68.292,99.542,12.838,191.0,66.292,124.708,82.367,18.336,7.507
Chennai,13.0827,80.2707,2025-07-03,2025,7,3,30.567,66.917,99.875,12.829,162.083,38.208,123.875,48.617,15.56,4.138
Chennai,13.0827,80.2707,2025-07-04,2025,7,4,31.179,63.583,98.792,14.267,245.125,161.458,83.667,205.317,23.532,11.211
Chennai,13.0827,80.2707,2025-07-05,2025,7,5,31.608,61.75,99.667,14.588,236.625,145.042,91.583,192.925,22.716,11.212
Chennai,13.0827,80.2707,2025-07-06,2025,7,6,32.346,55.833,99.917,17.392,189.458,75.083,114.375,99.704,18.188,9.569
Chennai,13.0827,80.2707,2025-07-07,2025,7,7,32.321,55.792,97.125,17.721,185.208,89.25,95.958,110.587,17.78,7.888
Chennai,13.0827,80.2707,2025-07-08,2025,7,8,31.504,61.625,69.417,13.483,255.042,179.458,75.583,234.221,24.484,11.594
Chennai,13.0827,80.2707,2025-07-09,2025,7,9,31.142,66.542,68.708,9.921,269.583,203.958,65.625,268.196,25.88,11.041
Chennai,13.0827,80.2707,2025-07-10,2025,7,10,31.458,63.125,65.25,13.321,245.5,164.25,81.25,232.842,23.568,12.042
Chennai,13.0827,80.2707,2025-07-11,2025,7,11,30.9,70.583,44.333,11.896,258.917,193.375,65.542,264.529,24.856,12.115
Chennai,13.0827,80.2707,2025-07-12,2025,7,12,30.787,69.167,81.583,11.483,224.125,141.5,82.625,185.05,21.516,11.104
Chennai,13.0827,80.2707,2025-07-13,2025,7,13,31.488,63.75,98.0,14.517,230.292,133.917,96.375,187.317,22.108,11.048
Chennai,13.0827,80.2707,2025-07-14,2025,7,14,31.233,64.875,98.208,13.188,237.792,144.833,92.958,194.379,22.828,11.113
Chennai,13.0827,80.2707,2025-07-15,2025,7,15,30.971,65.458,92.083,12.796,245.5,165.667,79.833,221.229,23.568,11.052
Chennai,13.0827,80.2707,2025-07-16,2025,7,16,31.225,66.667,85.875,14.208,246.583,161.583,85.0,211.588,23.672,11.622
Chennai,13.0827,80.2707,2025-07-17,2025,7,17,29.817,74.542,85.042,14.204,217.333,123.625,93.708,173.712,20.864,10.993
Chennai,13.0827,80.2707,2025-07-18,2025,7,18,28.4,83.333,99.375,9.125,113.292,22.417,90.875,28.342,10.876,1.707
Chennai,13.0827,80.2707,2025-07-19,2025,7,19,28.542,80.583,99.208,11.721,156.583,47.542,109.042,59.575,15.032,4.328
Chennai,13.0827,80.2707,2025-07-20,2025,7,20,29.092,72.583,97.417,13.579,171.958,66.458,105.5,85.696,16.508,7.034
Chennai,13.0827,80.2707,2025-07-21,2025,7,21,28.675,75.917,99.917,11.912,133.458,23.167,110.292,36.079,12.812,2.001
Chennai,13.0827,80.2707,2025-07-22,2025,7,22,29.304,69.958,88.875,16.504,130.083,32.375,97.708,43.271,12.488,2.535
Chennai,13.0827,80.2707,2025-07-23,2025,7,23,28.471,75.875,99.917,14.479,60.208,8.458,51.75,12.788,5.78,0.165
Chennai,13.0827,80.2707,2025-07-24,2025,7,24,29.229,71.292,96.917,14.929,175.875,66.708,109.167,93.521,16.884,6.829
Chennai,13.0827,80.2707,2025-07-25,2025,7,25,29.883,66.083,100.0,18.021,136.083,31.125,104.958,39.442,13.064,3.205
Chennai,13.0827,80.2707,2025-07-26,2025,7,26,30.592,62.083,99.125,18.821,197.0,96.917,100.083,125.267,18.912,8.353
Chennai,13.0827,80.2707,2025-07-27,2025,7,27,30.6,62.542,82.375,15.779,210.125,113.792,96.333,152.842,20.172,10.352
Chennai,13.0827,80.2707,2025-07-28,2025,7,28,30.246,64.167,71.167,12.658,227.5,142.25,85.25,201.575,21.84,11.736
Chennai,13.0827,80.2707,2025-07-29,2025,7,29,30.854,60.083,62.333,14.404,242.458,161.083,81.375,224.237,23.276,11.688
Chennai,13.0827,80.2707,2025-07-30,2025,7,30,30.479,66.583,82.417,13.021,260.125,191.125,69.0,256.404,24.972,11.378
Chennai,13.0827,80.2707,2025-07-31,2025,7,31,29.875,72.208,93.583,12.45,223.167,139.5,83.667,183.612,21.424,10.846
Chennai,13.0827,80.2707,2025-08-01,2025,8,1,30.079,74.75,94.625,10.15,246.208,178.75,67.458,234.767,23.636,11.607
Chennai,13.0827,80.2707,2025-08-02,2025,8,2,29.812,78.25,95.625,11.446,229.875,149.75,80.125,200.917,22.068,11.878
Chennai,13.0827,80.2707,2025-08-03,2025,8,3,29.225,81.5,95.292,12.275,219.667,137.25,82.417,165.379,21.088,8.915
Chennai,13.0827,80.2707,2025-08-04,2025,8,4,29.417,77.792,95.375,10.35,212.333,105.375,106.958,139.25,20.384,10.697
Chennai,13.0827,80.2707,2025-08-05,2025,8,5,28.942,80.875,73.167,11.458,236.917,146.583,90.333,188.612,22.744,11.209
Chennai,13.0827,80.2707,2025-08-06,2025,8,6,29.588,79.5,35.833,9.533,246.5,179.208,67.292,239.85,23.664,12.0
Chennai,13.0827,80.2707,2025-08-07,2025,8,7,29.812,79.333,64.667,10.646,250.958,184.167,66.792,245.288,24.092,11.989
Chennai,13.0827,80.2707,2025-08-08,2025,8,8,28.75,81.083,82.5,8.2,237.792,148.333,89.458,197.717,22.828,11.856
Chennai,13.0827,80.2707,2025-08-09,2025,8,9,28.333,81.417,97.208,11.492,151.083,35.792,115.292,43.812,14.504,3.318
Chennai,13.0827,80.2707,2025-08-10,2025,8,10,28.475,79.833,98.0,9.554,195.542,83.125,112.417,109.629,18.772,9.032
Chennai,13.0827,80.2707,2025-08-11,2025,8,11,28.067,83.708,99.167,12.25,142.875,41.0,101.875,51.267,13.716,4.291
Chennai,13.0827,80.2707,2025-08-12,2025,8,12,27.942,80.792,99.542,13.888,109.833,14.083,95.75,17.358,10.544,0.636
Chennai,13.0827,80.2707,2025-08-13,2025,8,13,27.492,80.083,99.667,13.504,109.458,12.125,97.333,16.304,10.508,0.484
Chennai,13.0827,80.2707,2025-08-14,2025,8,14,28.804,75.083,93.167,13.962,219.708,120.25,99.458,149.871,21.092,9.793
Chennai,13.0827,80.2707,2025-08-15,2025,8,15,29.267,72.125,97.083,15.608,178.417,66.542,111.875,81.283,17.128,6.605
Chennai,13.0827,80.2707,2025-08-16,2025,8,16,28.571,76.5,96.958,13.237,155.625,57.083,98.542,64.392,14.8,4.119
Chennai,13.0827,80.2707,2025-08-17,2025,8,17,27.704,81.625,99.958,11.15,91.5,5.208,86.292,6.042,8.728,0.0
Chennai,13.0827,80.2707,2025-08-18,2025,8,18,28.158,78.25,99.583,15.275,139.75,39.333,100.417,49.229,13.336,4.345
Chennai,13.0827,80.2707,2025-08-19,2025,8,19,28.992,71.25,98.875,15.612,150.292,47.958,102.333,72.046,14.276,6.742
Chennai,13.0827,80.2707,2025-08-20,2025,8,20,30.042,68.667,74.583,14.404,241.458,160.5,80.958,206.958,23.056,10.278
Chennai,13.0827,80.2707,2025-08-21,2025,8,21,30.029,71.625,69.417,10.442,254.875,173.875,81.0,222.638,24.336,10.49
Chennai,13.0827,80.2707,2025-08-22,2025,8,22,29.196,81.042,99.708,12.867,216.458,123.917,92.542,151.854,20.628,9.449
Chennai,13.0827,80.2707,2025-08-23,2025,8,23,28.421,80.292,99.917,12.325,187.625,68.333,119.292,90.779,17.888,8.107
Chennai,13.0827,80.2707,2025-08-24,2025,8,24,29.825,75.417,68.542,10.583,274.458,202.625,71.833,275.375,26.188,11.438
Chennai,13.0827,80.2707,2025-08-25,2025,8,25,29.8,74.25,88.042,10.133,276.833,199.292,77.542,259.583,26.416,11.212
Chennai,13.0827,80.2707,2025-08-26,2025,8,26,30.046,76.625,95.625,13.812,226.208,128.417,97.792,169.462,21.58,9.963
Chennai,13.0827,80.2707,2025-08-27,2025,8,27,29.821,69.792,99.75,11.854,159.083,62.708,96.375,76.45,15.224,5.581
Chennai,13.0827,80.2707,2025-08-28,2025,8,28,29.642,72.208,99.667,14.871,149.458,33.125,116.333,38.642,14.276,3.806
Chennai,13.0827,80.2707,2025-08-29,2025,8,29,29.921,74.208,95.5,13.638,243.875,147.917,95.958,188.183,23.268,10.33
Chennai,13.0827,80.2707,2025-08-30,2025,8,30,30.012,75.875,59.25,11.483,235.417,150.875,84.542,188.025,22.52,10.422
Chennai,13.0827,80.2707,2025-08-31,2025,8,31,29.125,77.375,97.167,9.696,184.958,74.292,110.667,102.008,17.636,8.137
Chennai,13.0827,80.2707,2025-09-01,2025,9,1,29.367,73.917,87.042,11.625,172.792,52.25,120.542,73.671,16.508,6.025
Chennai,13.0827,80.2707,2025-09-02,2025,9,2,29.783,68.0,99.792,12.858,157.042,44.833,112.208,53.892,14.992,5.297
Chennai,13.0827,80.2707,2025-09-03,2025,9,3,29.204,74.25,99.708,14.396,134.75,37.958,96.792,48.212,12.864,4.867
Chennai,13.0827,80.2707,2025-09-04,2025,9,4,29.967,73.958,86.875,13.696,205.125,97.542,107.583,135.229,19.62,9.472
Chennai,13.0827,80.2707,2025-09-05,2025,9,5,30.142,73.75,73.708,11.967,258.875,193.042,65.833,245.696,24.752,10.995
Chennai,13.0827,80.2707,2025-09-06,2025,9,6,30.325,75.667,37.625,10.838,254.208,189.75,64.458,263.304,24.3,11.299
Chennai,13.0827,80.2707,2025-09-07,2025,9,7,30.35,75.292,57.0,9.317,203.917,119.542,84.375,160.55,19.488,9.925
Chennai,13.0827,80.2707,2025-09-08,2025,9,8,30.012,77.167,45.875,8.675,262.042,194.667,67.375,262.696,25.064,11.244
Chennai,13.0827,80.2707,2025-09-09,2025,9,9,29.983,80.417,67.083,10.088,248.542,176.917,71.625,240.979,23.76,11.25
Chennai,13.0827,80.2707,2025-09-10,2025,9,10,29.604,78.708,46.542,15.275,239.292,174.042,65.25,233.575,22.868,11.321
Chennai,13.0827,80.2707,2025-09-11,2025,9,11,28.85,77.875,82.917,13.446,180.625,101.292,79.333,146.775,17.272,10.865
Chennai,13.0827,80.2707,2025-09-12,2025,9,12,29.442,75.458,98.125,7.988,224.708,137.667,87.042,171.167,21.528,9.025
Chennai,13.0827,80.2707,2025-09-13,2025,9,13,28.683,83.292,96.792,8.479,184.292,80.667,103.625,118.638,17.608,9.853
Chennai,13.0827,80.2707,2025-09-14,2025,9,14,29.162,81.083,82.958,10.571,234.083,164.333,69.75,234.475,22.388,11.213
Chennai,13.0827,80.2707,2025-09-15,2025,9,15,29.721,77.667,92.708,11.358,240.375,156.75,83.625,210.929,23.0,10.898
Chennai,13.0827,80.2707,2025-09-16,2025,9,16,28.921,81.25,90.625,8.079,231.417,153.583,77.833,211.013,22.148,11.0
Chennai,13.0827,80.2707,2025-09-17,2025,9,17,28.354,83.083,65.917,12.483,242.625,172.167,70.458,228.179,23.212,10.989
Chennai,13.0827,80.2707,2025-09-18,2025,9,18,28.392,81.75,49.75,9.504,227.917,163.833,64.083,222.479,21.816,11.04
Chennai,13.0827,80.2707,2025-09-19,2025,9,19,27.179,83.75,96.542,13.938,109.5,25.292,84.208,35.579,10.472,2.73
Chennai,13.0827,80.2707,2025-09-20,2025,9,20,28.104,80.958,99.125,9.992,183.125,93.292,89.833,128.646,17.536,10.116
Chennai,13.0827,80.2707,2025-09-21,2025,9,21,28.617,79.042,80.917,10.458,199.292,119.0,80.292,150.3,19.1,8.425
Chennai,13.0827,80.2707,2025-09-22,2025,9,22,28.938,77.542,93.125,11.517,161.917,64.417,97.5,83.096,15.516,7.965
Chennai,13.0827,80.2707,2025-09-23,2025,9,23,29.392,76.292,97.625,13.812,199.792,88.667,111.125,111.158,19.152,8.363
Chennai,13.0827,80.2707,2025-09-24,2025,9,24,29.762,68.125,92.542,14.3,212.667,118.958,93.708,145.912,20.372,9.044
Chennai,13.0827,80.2707,2025-09-25,2025,9,25,30.062,68.458,79.917,14.021,255.167,190.667,64.5,253.638,24.448,10.691
Chennai,13.0827,80.2707,2025-09-26,2025,9,26,29.075,74.625,98.458,12.792,213.792,123.292,90.5,159.338,20.5,9.018
Chennai,13.0827,80.2707,2025-09-27,2025,9,27,29.396,72.708,76.25,13.658,202.583,114.583,88.0,143.462,19.404,8.685
Chennai,13.0827,80.2707,2025-09-28,2025,9,28,29.604,74.0,64.0,14.508,242.708,171.792,70.917,239.892,23.26,11.0
Chennai,13.0827,80.2707,2025-09-29,2025,9,29,29.25,75.083,94.5,12.271,179.625,72.667,106.958,103.046,17.224,6.761
Chennai,13.0827,80.2707,2025-09-30,2025,9,30,28.883,76.083,99.417,8.742,163.25,63.458,99.792,90.075,15.644,8.248
Chennai,13.0827,80.2707,2025-10-01,2025,10,1,29.183,71.875,100.0,9.575,101.208,7.75,93.458,10.708,9.7,0.0
Chennai,13.0827,80.2707,2025-10-02,2025,10,2,29.692,76.0,96.708,11.029,232.25,140.833,91.417,186.067,22.268,9.0
Chennai,13.0827,80.2707,2025-10-03,2025,10,3,29.283,79.292,54.75,11.288,239.292,173.125,66.167,235.538,22.944,10.975
Chennai,13.0827,80.2707,2025-10-04,2025,10,4,28.208,80.833,68.083,12.979,174.667,107.208,67.458,159.596,16.736,10.403
Chennai,13.0827,80.2707,2025-10-05,2025,10,5,28.771,80.167,27.417,11.592,260.458,203.667,56.792,291.758,24.976,11.029
Chennai,13.0827,80.2707,2025-10-06,2025,10,6,28.258,81.5,43.25,8.267,251.25,194.375,56.875,274.296,24.096,11.0
Chennai,13.0827,80.2707,2025-10-07,2025,10,7,28.738,83.708,38.208,7.421,226.417,162.333,64.083,224.942,21.712,11.0
Chennai,13.0827,80.2707,2025-10-08,2025,10,8,28.812,82.042,58.833,10.233,226.625,161.0,65.625,236.767,21.732,11.0
Chennai,13.0827,80.2707,2025-10-09,2025,10,9,28.971,82.0,38.583,9.108,224.708,166.083,58.625,237.204,21.552,11.0
Chennai,13.0827,80.2707,2025-10-10,2025,10,10,28.158,80.625,45.958,8.171,241.167,185.875,55.292,266.938,23.136,11.0
Chennai,13.0827,80.2707,2025-10-11,2025,10,11,28.492,80.167,23.083,8.092,226.917,170.667,56.25,244.304,21.768,11.0
Chennai,13.0827,80.2707,2025-10-12,2025,10,12,28.388,82.292,27.292,7.204,210.708,150.25,60.458,223.112,20.212,11.0
Chennai,13.0827,80.2707,2025-10-13,2025,10,13,28.088,83.667,57.792,9.025,199.75,134.625,65.125,203.633,19.16,11.0
Chennai,13.0827,80.2707,2025-10-14,2025,10,14,28.254,83.417,39.292,8.796,223.417,158.875,64.542,238.375,21.432,11.0
Chennai,13.0827,80.2707,2025-10-15,2025,10,15,27.108,87.75,98.833,10.646,111.958,25.75,86.208,36.525,10.74,2.845
Chennai,13.0827,80.2707,2025-10-16,2025,10,16,27.529,88.375,97.375,10.592,170.75,94.208,76.542,135.592,16.384,9.206
Chennai,13.0827,80.2707,2025-10-17,2025,10,17,26.996,88.417,98.917,10.692,148.458,66.417,82.042,99.35,14.244,9.804
Chennai,13.0827,80.2707,2025-10-18,2025,10,18,26.988,88.167,99.833,6.621,105.125,16.167,88.958,22.112,10.084,0.892
Chennai,13.0827,80.2707,2025-10-19,2025,10,19,27.171,85.375,99.792,5.958,122.958,38.958,84.0,53.238,11.796,5.366
Chennai,13.0827,80.2707,2025-10-20,2025,10,20,26.808,89.125,99.458,11.592,131.5,38.125,93.375,64.633,12.62,4.809
Chennai,13.0827,80.2707,2025-10-21,2025,10,21,26.496,91.167,96.958,15.717,112.792,40.583,72.208,56.258,10.82,4.871
Chennai,13.0827,80.2707,2025-10-22,2025,10,22,27.146,89.667,98.0,14.067,123.333,43.208,80.125,65.154,11.836,5.084
Chennai,13.0827,80.2707,2025-10-23,2025,10,23,27.762,86.875,98.083,5.758,178.25,94.833,83.417,134.562,17.108,9.137
Chennai,13.0827,80.2707,2025-10-24,2025,10,24,26.796,88.167,97.708,6.288,62.792,3.833,58.958,6.067,6.024,0.0
Chennai,13.0827,80.2707,2025-10-25,2025,10,25,27.446,85.042,89.542,9.862,197.917,115.708,82.208,162.029,18.996,9.567
Chennai,13.0827,80.2707,2025-10-26,2025,10,26,27.633,85.75,96.583,9.188,168.958,77.25,91.708,108.529,16.216,7.816
Chennai,13.0827,80.2707,2025-10-27,2025,10,27,26.642,88.042,100.0,19.196,43.417,1.167,42.25,1.508,4.168,0.0
Chennai,13.0827,80.2707,2025-10-28,2025,10,28,25.521,87.417,99.958,19.825,43.5,1.458,42.042,1.846,4.176,0.0
Chennai,13.0827,80.2707,2025-10-29,2025,10,29,28.388,79.833,51.917,17.829,225.0,161.792,63.208,244.263,21.596,11.0
Chennai,13.0827,80.2707,2025-10-30,2025,10,30,29.033,79.542,4.5,11.204,254.833,206.083,48.75,313.162,24.46,11.0
Chennai,13.0827,80.2707,2025-10-31,2025,10,31,29.292,80.208,1.458,8.825,254.958,206.208,48.75,316.596,24.472,11.0
Chennai,13.0827,80.2707,2025-11-01,2025,11,1,29.092,81.792,27.542,9.004,224.292,169.833,54.458,266.217,21.528,11.0
Chennai,13.0827,80.2707,2025-11-02,2025,11,2,29.642,78.917,72.667,7.862,237.042,183.625,53.417,274.917,22.752,11.0
Chennai,13.0827,80.2707,2025-11-03,2025,11,3,29.283,78.667,70.5,8.558,223.333,163.875,59.458,248.429,21.436,11.0
Chennai,13.0827,80.2707,2025-11-04,2025,11,4,28.908,78.958,70.083,9.279,190.833,114.417,76.417,175.838,18.316,10.995
Chennai,13.0827,80.2707,2025-11-05,2025,11,5,28.533,80.917,31.333,6.871,214.375,155.417,58.958,239.367,20.576,11.0
Chennai,13.0827,80.2707,2025-11-06,2025,11,6,27.233,84.333,40.083,7.279,186.25,128.333,57.917,195.346,17.88,11.0
Chennai,13.0827,80.2707,2025-11-07,2025,11,7,28.129,81.458,34.875,8.208,198.708,134.333,64.375,201.487,19.076,10.899
Chennai,13.0827,80.2707,2025-11-08,2025,11,8,28.213,76.75,14.333,12.308,219.5,164.75,54.75,261.238,21.068,11.0
Chennai,13.0827,80.2707,2025-11-09,2025,11,9,27.704,77.333,22.875,12.912,206.875,147.917,58.958,229.908,19.86,11.0
Chennai,13.0827,80.2707,2025-11-10,2025,11,10,27.446,80.542,42.375,13.062,185.708,129.5,56.208,203.596,17.828,11.0
Chennai,13.0827,80.2707,2025-11-11,2025,11,11,27.617,83.0,47.375,12.092,137.625,70.542,67.083,118.0,13.212,9.605
Chennai,13.0827,80.2707,2025-11-12,2025,11,12,28.162,78.708,36.917,15.421,215.0,161.625,53.375,258.312,20.64,11.0
Chennai,13.0827,80.2707,2025-11-13,2025,11,13,27.429,80.167,39.625,13.662,177.458,111.417,66.042,180.629,17.036,10.896
Chennai,13.0827,80.2707,2025-11-14,2025,11,14,27.017,67.208,26.167,18.5,220.0,156.125,63.875,256.825,21.12,11.0
Chennai,13.0827,80.2707,2025-11-15,2025,11,15,27.025,70.333,85.75,17.037,165.917,80.333,85.583,123.317,15.928,7.961
Chennai,13.0827,80.2707,2025-11-16,2025,11,16,27.208,73.583,89.583,22.775,125.708,45.875,79.833,67.85,12.068,6.833
Chennai,13.0827,80.2707,2025-11-17,2025,11,17,25.746,86.167,99.708,20.404,41.417,0.458,40.958,0.733,3.976,0.0
Chennai,13.0827,80.2707,2025-11-18,2025,11,18,25.258,92.375,79.792,14.304,96.208,33.958,62.25,47.825,9.236,3.987
Chennai,13.0827,80.2707,2025-11-19,2025,11,19,26.479,80.417,32.417,18.271,198.417,145.708,52.708,224.8,19.048,10.363
Chennai,13.0827,80.2707,2025-11-20,2025,11,20,26.658,80.667,57.417,19.125,133.542,58.042,75.5,112.267,12.82,8.884
Chennai,13.0827,80.2707,2025-11-21,2025,11,21,26.463,90.667,94.958,15.183,142.542,67.5,75.042,111.592,13.684,10.0
Chennai,13.0827,80.2707,2025-11-22,2025,11,22,26.658,89.292,96.167,14.4,142.542,73.875,68.667,118.667,13.684,9.622
Chennai,13.0827,80.2707,2025-11-23,2025,11,23,26.438,88.667,89.833,13.383,120.833,46.417,74.417,71.842,11.6,7.754
Chennai,13.0827,80.2707,2025-11-24,2025,11,24,26.846,85.167,98.0,14.042,112.0,28.458,83.542,56.721,10.752,4.261
Chennai,13.0827,80.2707,2025-11-25,2025,11,25,27.183,75.0,77.292,18.888,208.167,142.292,65.875,228.904,19.984,10.864
Chennai,13.0827,80.2707,2025-11-26,2025,11,26,27.021,70.667,90.792,19.767,183.583,99.042,84.542,164.604,17.624,10.487
Chennai,13.0827,80.2707,2025-11-27,2025,11,27,26.871,67.375,97.375,24.104,174.417,88.458,85.958,147.5,16.744,10.587
Chennai,13.0827,80.2707,2025-11-28,2025,11,28,26.8,67.625,98.5,25.512,183.292,100.792,82.5,155.592,17.596,9.614
Chennai,13.0827,80.2707,2025-11-29,2025,11,29,25.562,87.333,99.833,25.529,76.375,20.625,55.75,34.358,7.332,2.734
Chennai,13.0827,80.2707,2025-11-30,2025,11,30,25.229,91.708,93.75,28.454,99.917,50.333,49.583,80.342,9.592,7.168
Chennai,13.0827,80.2707,2025-12-01,2025,12,1,25.008,91.708,99.125,25.721,73.375,18.625,54.75,30.746,7.044,1.59
Chennai,13.0827,80.2707,2025-12-02,2025,12,2,25.008,90.375,96.875,17.75,79.958,22.667,57.292,39.304,7.676,3.174
Chennai,13.0827,80.2707,2025-12-03,2025,12,3,25.812,88.125,99.542,11.25,65.583,8.958,56.625,15.283,6.296,0.043
Chennai,13.0827,80.2707,2025-12-04,2025,12,4,25.3,90.042,73.25,11.792,139.458,74.25,65.208,122.8,13.388,7.769
Chennai,13.0827,80.2707,2025-12-05,2025,12,5,26.175,86.292,64.167,18.908,169.458,112.042,57.417,183.692,16.264,10.679
Chennai,13.0827,80.2707,2025-12-06,2025,12,6,26.779,78.292,45.875,19.475,183.75,124.083,59.667,216.479,17.636,11.0
Chennai,13.0827,80.2707,2025-12-07,2025,12,7,26.338,79.708,71.125,18.3,177.083,100.542,76.542,168.85,16.996,10.685
Chennai,13.0827,80.2707,2025-12-08,2025,12,8,26.217,74.583,58.292,18.146,191.917,126.542,65.375,212.008,18.42,11.0
Chennai,13.0827,80.2707,2025-12-09,2025,12,9,26.529,74.542,93.083,19.958,195.708,132.083,63.625,213.721,18.784,10.366
Chennai,13.0827,80.2707,2025-12-10,2025,12,10,26.246,72.917,65.667,19.525,205.458,139.833,65.625,236.962,19.72,11.0
Chennai,13.0827,80.2707,2025-12-11,2025,12,11,26.092,71.167,30.625,19.7,210.208,151.375,58.833,252.25,20.176,11.0
Chennai,13.0827,80.2707,2025-12-12,2025,12,12,25.529,70.833,29.75,17.542,213.583,155.208,58.375,256.012,20.5,11.0
Chennai,13.0827,80.2707,2025-12-13,2025,12,13,24.883,71.75,36.083,14.842,211.333,145.5,65.833,249.737,20.284,11.0
Chennai,13.0827,80.2707,2025-12-14,2025,12,14,24.833,68.792,28.333,14.379,220.25,164.833,55.417,279.562,21.136,11.0
Chennai,13.0827,80.2707,2025-12-15,2025,12,15,25.325,69.083,41.125,16.388,203.417,133.292,70.125,236.304,19.524,11.0
Chennai,13.0827,80.2707,2025-12-16,2025,12,16,25.588,84.625,91.708,16.883,124.917,64.792,60.125,103.062,11.988,8.441
Chennai,13.0827,80.2707,2025-12-17,2025,12,17,26.088,80.417,47.333,20.454,203.083,147.375,55.708,249.904,19.488,10.718
Chennai,13.0827,80.2707,2025-12-18,2025,12,18,25.233,76.333,92.083,14.796,198.708,123.542,75.167,202.479,19.068,10.532
Chennai,13.0827,80.2707,2025-12-19,2025,12,19,24.762,73.875,65.25,11.75,206.042,138.708,67.333,229.938,19.772,10.479
Chennai,13.0827,80.2707,2025-12-20,2025,12,20,24.287,71.458,58.125,9.092,156.708,73.875,82.833,140.508,15.036,11.0
Chennai,13.0827,80.2707,2025-12-21,2025,12,21,24.688,72.375,49.333,12.575,159.375,93.708,65.667,176.604,15.292,11.0
Chennai,13.0827,80.2707,2025-12-22,2025,12,22,25.092,71.375,77.417,11.892,125.792,53.5,72.292,89.5,12.068,7.563
Chennai,13.0827,80.2707,2025-12-23,2025,12,23,24.921,72.083,48.75,14.333,224.208,169.333,54.875,287.046,21.512,10.985
Chennai,13.0827,80.2707,2025-12-24,2025,12,24,24.762,70.625,72.125,11.083,178.0,104.083,73.917,193.192,17.072,10.977
Chennai,13.0827,80.2707,2025-12-25,2025,12,25,24.733,80.708,49.583,13.167,140.5,85.375,55.125,147.638,13.48,10.894
Chennai,13.0827,80.2707,2025-12-26,2025,12,26,25.125,73.083,71.417,15.521,167.792,97.667,70.125,182.779,16.096,10.96
Chennai,13.0827,80.2707,2025-12-27,2025,12,27,24.667,70.208,43.958,13.771,187.917,110.417,77.5,200.408,18.028,10.953
Chennai,13.0827,80.2707,2025-12-28,2025,12,28,25.033,70.292,30.75,13.1,175.542,103.5,72.042,175.642,16.836,10.904
Chennai,13.0827,80.2707,2025-12-29,2025,12,29,25.029,72.625,44.125,14.571,183.375,114.75,68.625,198.404,17.584,10.938
Chennai,13.0827,80.2707,2025-12-30,2025,12,30,25.425,76.458,45.917,14.625,175.208,98.75,76.458,181.212,16.8,10.931
Chennai,13.0827,80.2707,2025-12-31,2025,12,31,25.812,82.208,77.458,12.308,121.417,56.625,64.792,101.283,11.64,7.79
Delhi,28.6139,77.209,2023-01-01,2023,1,1,12.088,83.625,28.708,5.242,164.083,128.375,35.708,272.246,15.752,10.0
Delhi,28.6139,77.209,2023-01-02,2023,1,2,11.925,83.583,17.167,3.404,157.417,120.333,37.083,259.688,15.112,10.0
Delhi,28.6139,77.209,2023-01-03,2023,1,3,10.442,86.208,21.625,4.858,156.875,118.583,38.292,265.967,15.06,10.0
Delhi,28.6139,77.209,2023-01-04,2023,1,4,9.583,86.667,0.292,7.475,171.208,137.708,33.5,301.933,16.436,10.0
Delhi,28.6139,77.209,2023-01-05,2023,1,5,8.479,91.375,40.625,6.775,131.25,68.5,62.75,154.2,12.6,7.602
Delhi,28.6139,77.209,2023-01-06,2023,1,6,7.971,88.042,47.125,5.587,125.417,58.5,66.917,136.479,12.04,6.13
Delhi,28.6139,77.209,2023-01-07,2023,1,7,8.079,87.542,35.417,8.008,149.875,100.958,48.917,206.938,14.388,7.445
Delhi,28.6139,77.209,2023-01-08,2023,1,8,9.85,86.583,20.0,8.754,171.333,137.833,33.5,300.104,16.448,10.0
Delhi,28.6139,77.209,2023-01-09,2023,1,9,10.421,86.75,83.542,5.583,148.583,92.208,56.375,178.146,14.26,8.788
Delhi,28.6139,77.209,2023-01-10,2023,1,10,11.871,82.042,19.333,7.888,172.625,137.833,34.792,293.488,16.568,10.0
Delhi,28.6139,77.209,2023-01-11,2023,1,11,12.025,87.542,50.25,7.271,137.667,76.833,60.833,158.267,13.212,7.219
Delhi,28.6139,77.209,2023-01-12,2023,1,12,14.288,84.667,43.833,12.325,117.5,74.292,43.208,156.054,11.276,10.0
Delhi,28.6139,77.209,2023-01-13,2023,1,13,14.667,89.417,40.958,8.4,117.875,73.917,43.958,145.992,11.312,8.87
Delhi,28.6139,77.209,2023-01-14,2023,1,14,12.804,79.792,29.792,12.117,173.333,135.833,37.5,282.242,16.632,10.0
Delhi,28.6139,77.209,2023-01-15,2023,1,15,10.617,65.417,1.25,11.854,181.25,146.25,35.0,313.108,17.392,10.0
Delhi,28.6139,77.209,2023-01-16,2023,1,16,9.854,64.792,0.0,8.3,185.125,152.0,33.125,322.442,17.764,10.0
Delhi,28.6139,77.209,2023-01-17,2023,1,17,10.146,63.958,0.0,9.75,186.542,153.375,33.167,324.446,17.896,10.0
Delhi,28.6139,77.209,2023-01-18,2023,1,18,10.0,69.208,6.125,8.529,185.125,152.0,33.125,319.963,17.76,10.0
Delhi,28.6139,77.209,2023-01-19,2023,1,19,12.829,68.625,48.917,5.446,162.542,122.0,40.542,248.938,15.592,10.0
Delhi,28.6139,77.209,2023-01-20,2023,1,20,14.729,73.458,36.125,8.829,170.167,131.958,38.208,272.296,16.324,10.0
Delhi,28.6139,77.209,2023-01-21,2023,1,21,13.783,78.083,0.958,5.604,182.625,148.25,34.375,306.075,17.516,10.0
Delhi,28.6139,77.209,2023-01-22,2023,1,22,14.971,75.125,21.583,7.192,158.583,120.5,38.083,244.0,15.208,10.0
Delhi,28.6139,77.209,2023-01-23,2023,1,23,16.692,66.667,21.333,5.775,180.333,141.833,38.5,283.142,17.292,10.0
Delhi,28.6139,77.209,2023-01-24,2023,1,24,16.692,85.208,52.167,10.5,97.167,49.208,47.958,117.704,9.312,7.281
Delhi,28.6139,77.209,2023-01-25,2023,1,25,16.592,87.875,56.875,5.087,131.625,80.125,51.5,162.321,12.616,10.0
Delhi,28.6139,77.209,2023-01-26,2023,1,26,15.079,85.458,42.958,11.45,169.875,118.792,51.083,240.975,16.284,10.0
Delhi,28.6139,77.209,2023-01-27,2023,1,27,13.458,70.583,0.792,12.796,195.667,159.125,36.542,319.708,18.756,10.052
Delhi,28.6139,77.209,2023-01-28,2023,1,28,13.425,71.0,0.583,10.504,198.708,162.708,36.0,326.483,19.044,10.045
Delhi,28.6139,77.209,2023-01-29,2023,1,29,13.017,89.792,76.875,7.312,83.333,12.958,70.375,27.571,7.98,1.955
Delhi,28.6139,77.209,2023-01-30,2023,1,30,14.433,87.75,70.583,9.442,94.875,25.833,69.042,45.692,9.08,3.91
Delhi,28.6139,77.209,2023-01-31,2023,1,31,15.096,84.667,8.583,13.483,193.667,155.75,37.917,305.017,18.552,10.022
Delhi,28.6139,77.209,2023-02-01,2023,2,1,14.862,77.167,0.0,14.725,200.708,163.25,37.458,319.475,19.224,10.092
Delhi,28.6139,77.209,2023-02-02,2023,2,2,15.958,66.25,0.0,13.775,203.125,165.875,37.25,323.079,19.452,10.085
Delhi,28.6139,77.209,2023-02-03,2023,2,3,15.95,70.125,0.0,10.704,202.083,164.75,37.333,319.275,19.352,10.155
Delhi,28.6139,77.209,2023-02-04,2023,2,4,16.858,66.5,0.0,12.004,201.75,164.292,37.458,316.408,19.316,10.147
Delhi,28.6139,77.209,2023-02-05,2023,2,5,17.592,66.292,0.0,10.162,206.0,167.917,38.083,321.671,19.72,10.217
Delhi,28.6139,77.209,2023-02-06,2023,2,6,18.45,73.792,6.792,6.967,193.125,154.833,38.292,289.292,18.488,10.132
Delhi,28.6139,77.209,2023-02-07,2023,2,7,18.25,75.5,1.917,11.079,204.083,165.083,39.0,312.388,19.528,10.202
Delhi,28.6139,77.209,2023-02-08,2023,2,8,16.625,65.792,0.083,10.45,209.292,170.542,38.75,322.258,20.024,10.271
Delhi,28.6139,77.209,2023-02-09,2023,2,9,18.371,65.333,0.708,8.979,207.292,168.708,38.583,314.683,19.832,10.263
Delhi,28.6139,77.209,2023-02-10,2023,2,10,20.008,73.708,0.958,8.967,205.75,166.417,39.333,309.375,19.68,10.256
Delhi,28.6139,77.209,2023-02-11,2023,2,11,19.912,71.542,17.75,8.767,210.125,169.917,40.208,315.533,20.092,10.401
Delhi,28.6139,77.209,2023-02-12,2023,2,12,17.371,53.75,0.0,14.333,219.25,179.083,40.167,330.975,20.964,10.42
Delhi,28.6139,77.209,2023-02-13,2023,2,13,16.342,39.583,0.0,21.287,222.125,181.75,40.375,334.429,21.236,10.481
Delhi,28.6139,77.209,2023-02-14,2023,2,14,17.896,44.333,0.0,13.429,216.625,176.417,40.208,322.671,20.704,10.541
Delhi,28.6139,77.209,2023-02-15,2023,2,15,19.446,51.333,0.0,14.492,218.667,178.292,40.375,324.304,20.896,10.602
Delhi,28.6139,77.209,2023-02-16,2023,2,16,19.483,68.792,6.458,6.196,218.125,177.0,41.125,319.546,20.84,10.587
Delhi,28.6139,77.209,2023-02-17,2023,2,17,20.425,74.208,26.542,6.904,219.458,176.792,42.667,316.346,20.964,10.646
Delhi,28.6139,77.209,2023-02-18,2023,2,18,19.929,73.583,16.042,6.625,223.958,181.292,42.667,323.096,21.388,10.781
Delhi,28.6139,77.209,2023-02-19,2023,2,19,21.021,72.125,49.417,5.375,222.583,176.25,46.333,309.488,21.26,10.615
Delhi,28.6139,77.209,2023-02-20,2023,2,20,23.129,66.083,56.25,6.85,221.958,177.042,44.917,309.75,21.2,10.525
Delhi,28.6139,77.209,2023-02-21,2023,2,21,23.204,63.792,14.583,7.913,227.958,186.083,41.875,327.517,21.76,10.872
Delhi,28.6139,77.209,2023-02-22,2023,2,22,21.938,68.125,28.125,8.162,216.167,153.333,62.833,277.542,20.628,10.867
Delhi,28.6139,77.209,2023-02-23,2023,2,23,20.829,57.958,0.0,11.638,235.833,193.208,42.625,337.633,22.504,11.027
Delhi,28.6139,77.209,2023-02-24,2023,2,24,20.05,61.0,52.583,9.492,220.25,145.708,74.542,261.713,21.004,11.029
Delhi,28.6139,77.209,2023-02-25,2023,2,25,21.204,63.167,0.375,6.867,235.083,192.0,43.083,331.425,22.428,11.106
Delhi,28.6139,77.209,2023-02-26,2023,2,26,22.425,64.042,12.5,5.467,216.833,169.75,47.083,290.404,20.684,11.175
Delhi,28.6139,77.209,2023-02-27,2023,2,27,22.846,65.083,42.208,6.621,212.75,149.458,63.292,242.396,20.284,10.132
Delhi,28.6139,77.209,2023-02-28,2023,2,28,22.304,64.292,19.75,7.138,217.583,165.5,52.083,280.225,20.756,11.29
Delhi,28.6139,77.209,2023-03-01,2023,3,1,23.308,58.292,30.417,8.075,235.375,189.417,45.958,317.433,22.456,11.052
Delhi,28.6139,77.209,2023-03-02,2023,3,2,23.196,62.333,3.708,8.396,238.542,194.333,44.208,327.213,22.744,11.411
Delhi,28.6139,77.209,2023-03-03,2023,3,3,23.879,60.083,10.083,10.633,231.083,182.375,48.708,294.858,22.076,10.684
Delhi,28.6139,77.209,2023-03-04,2023,3,4,22.362,63.167,34.875,11.633,220.208,154.5,65.708,264.517,20.984,11.225
Delhi,28.6139,77.209,2023-03-05,2023,3,5,22.862,62.792,20.875,10.079,240.167,192.667,47.5,313.371,22.916,11.496
Delhi,28.6139,77.209,2023-03-06,2023,3,6,22.858,60.917,11.167,10.317,246.458,200.583,45.875,331.8,23.488,11.581
Delhi,28.6139,77.209,2023-03-07,2023,3,7,22.862,61.208,42.25,7.288,242.417,191.75,50.667,314.625,23.092,11.34
Delhi,28.6139,77.209,2023-03-08,2023,3,8,23.396,58.292,37.5,6.283,234.625,181.083,53.542,288.05,22.42,10.872
Delhi,28.6139,77.209,2023-03-09,2023,3,9,23.142,61.292,31.917,6.583,238.417,187.167,51.25,303.146,22.732,11.325
Delhi,28.6139,77.209,2023-03-10,2023,3,10,23.125,63.625,0.667,8.754,253.042,206.375,46.667,336.375,24.084,11.695
Delhi,28.6139,77.209,2023-03-11,2023,3,11,24.05,59.5,1.333,7.158,253.75,207.042,46.708,336.012,24.148,11.724
Delhi,28.6139,77.209,2023-03-12,2023,3,12,25.512,55.792,13.25,6.204,254.292,207.417,46.875,334.925,24.196,11.753
Delhi,28.6139,77.209,2023-03-13,2023,3,13,25.271,59.708,56.083,8.046,205.833,118.542,87.292,179.7,19.556,9.984
Delhi,28.6139,77.209,2023-03-14,2023,3,14,25.783,60.292,18.542,8.462,251.958,200.25,51.708,317.571,23.968,11.81
Delhi,28.6139,77.209,2023-03-15,2023,3,15,25.412,55.958,47.125,6.367,248.042,193.583,54.458,305.771,23.608,11.623
Delhi,28.6139,77.209,2023-03-16,2023,3,16,25.575,54.083,82.792,6.512,203.792,108.917,94.875,159.467,19.4,10.723
Delhi,28.6139,77.209,2023-03-17,2023,3,17,24.183,61.542,63.833,6.429,194.167,123.0,71.167,185.208,18.64,11.386
Delhi,28.6139,77.209,2023-03-18,2023,3,18,21.404,80.375,51.0,8.483,207.5,143.417,64.083,213.862,19.92,10.321
Delhi,28.6139,77.209,2023-03-19,2023,3,19,21.533,82.5,64.583,4.854,235.75,171.792,63.958,268.037,22.632,11.604
Delhi,28.6139,77.209,2023-03-20,2023,3,20,19.787,85.083,95.917,5.946,113.833,37.708,76.125,47.488,10.928,3.571
Delhi,28.6139,77.209,2023-03-21,2023,3,21,19.604,82.583,58.5,7.038,155.458,82.958,72.5,136.258,14.924,7.792
Delhi,28.6139,77.209,2023-03-22,2023,3,22,20.85,77.708,45.417,4.554,241.917,170.125,71.792,246.992,23.224,10.122
Delhi,28.6139,77.209,2023-03-23,2023,3,23,23.05,66.417,22.792,7.521,269.375,218.75,50.625,336.162,25.86,11.998
Delhi,28.6139,77.209,2023-03-24,2023,3,24,22.608,72.542,43.042,9.429,220.917,157.792,63.125,245.808,21.208,11.576
Delhi,28.6139,77.209,2023-03-25,2023,3,25,22.787,78.042,28.75,9.162,236.042,178.083,57.958,271.812,22.66,12.0
Delhi,28.6139,77.209,2023-03-26,2023,3,26,23.517,65.333,11.25,9.513,248.875,191.333,57.542,288.971,23.892,12.0
Delhi,28.6139,77.209,2023-03-27,2023,3,27,22.867,64.208,2.125,10.138,270.208,218.292,51.917,333.588,25.94,12.0
Delhi,28.6139,77.209,2023-03-28,2023,3,28,23.517,62.625,41.833,8.633,261.917,201.958,59.958,309.296,25.144,12.0
Delhi,28.6139,77.209,2023-03-29,2023,3,29,24.858,63.792,31.708,6.604,266.875,205.125,61.75,310.037,25.62,12.0
Delhi,28.6139,77.209,2023-03-30,2023,3,30,24.592,63.208,46.292,7.775,258.375,194.875,63.5,278.046,24.804,10.357
Delhi,28.6139,77.209,2023-03-31,2023,3,31,20.904,83.792,62.5,5.913,233.625,163.708,69.917,231.408,22.428,10.712
Delhi,28.6139,77.209,2023-04-01,2023,4,1,21.783,77.958,23.708,4.375,234.708,168.0,66.708,240.158,22.532,10.529
Delhi,28.6139,77.209,2023-04-02,2023,4,2,23.042,72.542,25.417,7.771,269.625,207.792,61.833,312.542,25.884,12.0
Delhi,28.6139,77.209,2023-04-03,2023,4,3,24.525,66.667,9.667,7.788,272.25,214.667,57.583,314.179,26.136,12.0
Delhi,28.6139,77.209,2023-04-04,2023,4,4,24.217,66.542,12.75,9.25,281.417,224.417,57.0,329.933,27.012,12.0
Delhi,28.6139,77.209,2023-04-05,2023,4,5,24.65,53.833,4.583,9.212,295.708,242.375,53.333,362.408,28.384,12.0
Delhi,28.6139,77.209,2023-04-06,2023,4,6,25.367,48.708,4.958,11.183,282.375,223.958,58.417,330.238,27.104,12.0
Delhi,28.6139,77.209,2023-04-07,2023,4,7,25.158,45.542,0.0,11.362,308.208,253.792,54.417,377.329,29.584,12.0
Delhi,28.6139,77.209,2023-04-08,2023,4,8,25.408,40.292,1.083,9.825,308.25,253.542,54.708,376.4,29.588,12.0
Delhi,28.6139,77.209,2023-04-09,2023,4,9,25.862,43.75,0.0,8.371,305.625,251.125,54.5,371.429,29.336,12.0
Delhi,28.6139,77.209,2023-04-10,2023,4,10,26.433,42.083,15.5,8.838,303.625,244.375,59.25,362.925,29.144,12.0
Delhi,28.6139,77.209,2023-04-11,2023,4,11,28.217,36.458,22.5,12.162,292.875,223.0,69.875,332.979,28.112,12.0
Delhi,28.6139,77.209,2023-04-12,2023,4,12,29.963,36.292,20.833,12.4,290.625,231.083,59.542,324.575,27.896,12.0
Delhi,28.6139,77.209,2023-04-13,2023,4,13,29.879,37.542,38.458,9.717,305.083,247.625,57.458,359.221,29.28,12.0
Delhi,28.6139,77.209,2023-04-14,2023,4,14,30.5,34.417,42.583,9.492,304.583,238.417,66.167,343.862,29.232,12.0
Delhi,28.6139,77.209,2023-04-15,2023,4,15,31.617,32.375,1.458,6.896,309.125,252.875,56.25,368.287,29.668,12.046
Delhi,28.6139,77.209,2023-04-16,2023,4,16,32.117,32.875,15.5,8.092,283.125,219.0,64.125,313.787,27.172,11.791
Delhi,28.6139,77.209,2023-04-17,2023,4,17,32.721,33.292,7.542,7.417,290.875,231.375,59.5,338.217,27.916,12.103
Delhi,28.6139,77.209,2023-04-18,2023,4,18,32.967,34.208,25.125,8.471,299.375,240.833,58.542,342.779,28.732,12.095
Delhi,28.6139,77.209,2023-04-19,2023,4,19,31.25,40.792,58.625,9.546,286.042,217.75,68.292,301.537,27.456,11.552
Delhi,28.6139,77.209,2023-04-20,2023,4,20,30.238,42.458,55.333,8.708,287.458,224.917,62.542,310.442,27.588,11.656
Delhi,28.6139,77.209,2023-04-21,2023,4,21,29.446,41.042,26.25,8.217,284.292,212.375,71.917,308.142,27.28,12.219
Delhi,28.6139,77.209,2023-04-22,2023,4,22,29.317,35.125,13.625,8.983,306.75,241.875,64.875,340.329,29.436,12.286
Delhi,28.6139,77.209,2023-04-23,2023,4,23,27.338,34.917,55.792,7.712,284.625,200.042,84.583,266.196,27.312,11.0
Delhi,28.6139,77.209,2023-04-24,2023,4,24,26.679,40.958,54.042,11.938,263.958,170.125,93.833,251.175,25.324,12.197
Delhi,28.6139,77.209,2023-04-25,2023,4,25,27.467,42.667,25.708,9.779,311.833,253.125,58.708,359.175,29.92,12.339
Delhi,28.6139,77.209,2023-04-26,2023,4,26,29.433,38.333,88.333,7.204,265.458,151.958,113.5,198.433,25.472,10.474
Delhi,28.6139,77.209,2023-04-27,2023,4,27,30.208,37.0,69.167,8.225,272.875,189.125,83.75,258.546,26.184,12.159
Delhi,28.6139,77.209,2023-04-28,2023,4,28,28.617,41.667,93.75,5.792,194.625,75.083,119.542,107.9,18.668,9.271
Delhi,28.6139,77.209,2023-04-29,2023,4,29,27.567,52.417,72.333,7.525,225.833,112.5,113.333,164.254,21.668,11.93
Delhi,28.6139,77.209,2023-04-30,2023,4,30,25.071,64.958,67.458,7.0,230.167,134.542,95.625,188.854,22.08,10.015
Delhi,28.6139,77.209,2023-05-01,2023,5,1,22.787,82.917,81.958,10.308,170.708,79.917,90.792,104.446,16.368,7.706
Delhi,28.6139,77.209,2023-05-02,2023,5,2,22.775,87.792,67.625,10.154,176.5,82.333,94.167,104.008,16.928,7.0
Delhi,28.6139,77.209,2023-05-03,2023,5,3,23.388,80.5,57.125,7.929,206.792,114.208,92.583,170.304,19.832,9.806
Delhi,28.6139,77.209,2023-05-04,2023,5,4,25.367,72.542,18.042,5.225,284.333,211.417,72.917,295.942,27.272,12.512
Delhi,28.6139,77.209,2023-05-05,2023,5,5,28.125,60.917,19.792,7.033,293.75,231.875,61.875,324.633,28.176,12.734
Delhi,28.6139,77.209,2023-05-06,2023,5,6,29.025,51.625,14.375,10.104,302.417,239.75,62.667,325.204,29.008,12.302
Delhi,28.6139,77.209,2023-05-07,2023,5,7,29.925,47.875,15.375,9.392,305.833,237.0,68.833,336.354,29.328,12.83
Delhi,28.6139,77.209,2023-05-08,2023,5,8,30.312,46.458,23.25,12.271,292.875,227.75,65.125,311.362,28.08,12.493
Delhi,28.6139,77.209,2023-05-09,2023,5,9,29.838,45.167,0.0,10.396,329.833,268.417,61.417,375.517,31.628,12.855
Delhi,28.6139,77.209,2023-05-10,2023,5,10,29.342,35.0,0.0,11.942,334.875,272.792,62.083,382.696,32.108,12.866
Delhi,28.6139,77.209,2023-05-11,2023,5,11,30.767,35.458,0.0,6.675,332.667,270.667,62.0,379.454,31.896,12.878
Delhi,28.6139,77.209,2023-05-12,2023,5,12,32.421,35.542,5.417,9.008,327.458,265.958,61.5,372.504,31.396,12.889
Delhi,28.6139,77.209,2023-05-13,2023,5,13,33.2,38.917,15.333,10.112,323.833,260.542,63.292,363.508,31.044,12.899
Delhi,28.6139,77.209,2023-05-14,2023,5,14,33.529,38.5,26.042,9.671,295.542,225.25,70.292,294.342,28.332,10.52
Delhi,28.6139,77.209,2023-05-15,2023,5,15,33.383,38.0,13.0,9.958,317.083,251.208,65.875,347.475,30.396,12.92
Delhi,28.6139,77.209,2023-05-16,2023,5,16,33.217,36.042,18.625,11.558,317.375,251.708,65.667,349.229,30.424,12.929
Delhi,28.6139,77.209,2023-05-17,2023,5,17,33.746,36.125,30.583,10.258,302.25,232.0,70.25,318.8,28.976,12.91
Delhi,28.6139,77.209,2023-05-18,2023,5,18,30.979,46.625,40.208,13.325,313.875,249.292,64.583,333.175,30.084,12.233
Delhi,28.6139,77.209,2023-05-19,2023,5,19,31.921,45.417,8.167,13.696,325.875,262.0,63.875,362.292,31.24,12.955
Delhi,28.6139,77.209,2023-05-20,2023,5,20,33.275,40.25,0.833,11.275,327.125,262.917,64.208,364.1,31.348,13.0
Delhi,28.6139,77.209,2023-05-21,2023,5,21,34.725,35.542,11.708,7.837,317.958,250.042,67.917,345.404,30.476,12.971
Delhi,28.6139,77.209,2023-05-22,2023,5,22,36.45,31.25,30.167,14.9,293.833,220.625,73.208,287.975,28.168,11.541
Delhi,28.6139,77.209,2023-05-23,2023,5,23,36.65,30.958,45.5,16.904,280.875,200.25,80.625,259.713,26.916,10.019
Delhi,28.6139,77.209,2023-05-24,2023,5,24,31.121,48.167,72.125,14.125,270.833,181.042,89.792,241.258,25.98,11.479
Delhi,28.6139,77.209,2023-05-25,2023,5,25,28.846,58.083,50.208,7.942,224.208,142.792,81.417,193.188,21.468,9.097
Delhi,28.6139,77.209,2023-05-26,2023,5,26,28.271,60.417,44.792,5.583,271.5,186.042,85.458,232.15,26.024,11.393
Delhi,28.6139,77.209,2023-05-27,2023,5,27,27.717,66.875,37.375,7.679,247.0,167.208,79.792,216.554,23.656,10.061
Delhi,28.6139,77.209,2023-05-28,2023,5,28,30.333,59.0,57.75,7.558,285.5,197.125,88.375,263.842,27.348,12.641
Delhi,28.6139,77.209,2023-05-29,2023,5,29,27.946,70.083,73.917,7.146,232.667,144.5,88.167,190.871,22.32,9.865
Delhi,28.6139,77.209,2023-05-30,2023,5,30,28.467,63.708,32.042,7.167,292.125,218.167,73.958,291.504,27.988,13.0
Delhi,28.6139,77.209,2023-05-31,2023,5,31,27.271,68.125,26.75,8.733,270.833,190.958,79.875,262.787,25.932,12.995
Delhi,28.6139,77.209,2023-06-01,2023,6,1,27.071,67.625,15.167,7.504,294.792,216.792,78.0,285.062,28.28,12.0
Delhi,28.6139,77.209,2023-06-02,2023,6,2,29.242,59.417,25.208,8.775,269.208,190.25,78.958,258.342,25.784,12.979
Delhi,28.6139,77.209,2023-06-03,2023,6,3,30.921,52.208,8.833,6.846,318.75,248.042,70.708,338.279,30.52,13.058
Delhi,28.6139,77.209,2023-06-04,2023,6,4,30.854,53.208,53.667,8.346,266.708,170.75,95.958,243.6,25.528,13.054
Delhi,28.6139,77.209,2023-06-05,2023,6,5,33.025,44.958,12.125,10.662,301.5,227.917,73.583,308.221,28.872,13.0
Delhi,28.6139,77.209,2023-06-06,2023,6,6,32.417,42.083,22.292,7.179,283.792,205.333,78.458,284.771,27.176,13.0
Delhi,28.6139,77.209,2023-06-07,2023,6,7,32.917,40.208,10.333,8.404,285.875,210.625,75.25,294.221,27.356,13.124
Delhi,28.6139,77.209,2023-06-08,2023,6,8,33.917,38.417,8.667,10.442,294.583,217.333,77.25,295.15,28.196,13.001
Delhi,28.6139,77.209,2023-06-09,2023,6,9,34.925,36.542,16.75,11.25,307.042,233.583,73.458,316.812,29.4,13.0
Delhi,28.6139,77.209,2023-06-10,2023,6,10,35.329,40.25,18.0,13.858,268.333,188.333,80.0,261.483,25.684,13.035
Delhi,28.6139,77.209,2023-06-11,2023,6,11,34.267,44.75,11.458,13.654,278.875,201.708,77.167,279.196,26.68,13.064
Delhi,28.6139,77.209,2023-06-12,2023,6,12,36.15,44.917,8.875,15.967,302.75,229.917,72.833,310.1,28.976,12.983
Delhi,28.6139,77.209,2023-06-13,2023,6,13,36.954,37.708,9.917,19.867,300.042,228.5,71.542,307.267,28.708,13.144
Delhi,28.6139,77.209,2023-06-14,2023,6,14,35.875,39.625,15.708,20.658,287.0,214.833,72.167,291.675,27.472,12.985
Delhi,28.6139,77.209,2023-06-15,2023,6,15,34.367,45.667,32.792,17.338,281.917,204.958,76.958,275.604,26.992,12.673
Delhi,28.6139,77.209,2023-06-16,2023,6,16,33.438,53.542,24.75,11.358,251.333,166.917,84.417,222.579,24.044,12.485
Delhi,28.6139,77.209,2023-06-17,2023,6,17,34.062,54.917,50.583,6.612,257.75,169.792,87.958,233.083,24.672,12.609
Delhi,28.6139,77.209,2023-06-18,2023,6,18,32.146,65.875,60.75,7.492,221.125,131.042,90.083,172.8,21.156,10.807
Delhi,28.6139,77.209,2023-06-19,2023,6,19,30.758,69.708,77.417,10.0,176.417,76.833,99.583,110.746,16.844,8.396
Delhi,28.6139,77.209,2023-06-20,2023,6,20,31.458,69.208,72.292,10.579,198.458,109.625,88.833,151.263,18.952,9.852
Delhi,28.6139,77.209,2023-06-21,2023,6,21,32.429,67.875,46.5,4.471,227.5,139.375,88.125,180.658,21.76,10.7
Delhi,28.6139,77.209,2023-06-22,2023,6,22,33.129,69.875,77.792,8.042,190.833,89.25,101.583,130.858,18.228,11.199
Delhi,28.6139,77.209,2023-06-23,2023,6,23,32.5,74.792,81.042,7.712,154.833,62.083,92.75,73.429,14.788,5.154
Delhi,28.6139,77.209,2023-06-24,2023,6,24,32.475,76.292,90.25,7.367,205.875,82.542,123.333,113.625,19.672,9.923
Delhi,28.6139,77.209,2023-06-25,2023,6,25,27.529,92.875,99.583,6.208,78.542,15.0,63.542,23.15,7.476,1.213
Delhi,28.6139,77.209,2023-06-26,2023,6,26,28.304,87.417,87.042,4.512,137.5,52.625,84.875,77.004,13.12,6.442
Delhi,28.6139,77.209,2023-06-27,2023,6,27,29.725,81.958,76.583,5.846,222.333,135.875,86.458,186.958,21.244,11.852
Delhi,28.6139,77.209,2023-06-28,2023,6,28,30.154,80.167,89.917,8.029,188.625,88.292,100.333,133.263,18.012,10.432
Delhi,28.6139,77.209,2023-06-29,2023,6,29,29.875,81.542,98.042,6.679,126.5,57.625,68.875,82.454,12.12,5.541
Delhi,28.6139,77.209,2023-06-30,2023,6,30,29.133,84.708,80.917,8.254,212.542,121.583,90.958,158.179,20.308,10.502
Delhi,28.6139,77.209,2023-07-01,2023,7,1,29.875,80.458,89.167,5.929,246.542,160.125,86.417,217.717,23.564,12.204
Delhi,28.6139,77.209,2023-07-02,2023,7,2,30.667,77.417,37.125,6.658,264.833,185.708,79.125,253.275,25.312,12.625
Delhi,28.6139,77.209,2023-07-03,2023,7,3,32.858,72.375,18.667,5.837,269.458,190.917,78.542,259.004,25.76,12.707
Delhi,28.6139,77.209,2023-07-04,2023,7,4,31.583,77.25,43.5,7.917,246.667,157.833,88.833,221.096,23.58,12.55
Delhi,28.6139,77.209,2023-07-05,2023,7,5,30.004,81.875,64.125,11.0,215.208,124.875,90.333,173.942,20.56,11.215
Delhi,28.6139,77.209,2023-07-06,2023,7,6,27.933,89.5,92.167,10.0,130.833,44.833,86.0,59.346,12.476,4.924
Delhi,28.6139,77.209,2023-07-07,2023,7,7,28.975,86.375,82.042,8.962,167.75,71.792,95.958,83.008,16.024,6.347
Delhi,28.6139,77.209,2023-07-08,2023,7,8,27.796,94.0,99.5,10.962,76.375,9.958,66.417,13.446,7.316,0.416
Delhi,28.6139,77.209,2023-07-09,2023,7,9,27.558,94.417,99.75,11.3,90.5,23.417,67.083,37.483,8.652,3.453
Delhi,28.6139,77.209,2023-07-10,2023,7,10,28.033,92.542,95.917,7.654,152.208,72.25,79.958,93.142,14.552,7.432
Delhi,28.6139,77.209,2023-07-11,2023,7,11,28.725,87.833,96.625,4.471,174.75,84.75,90.0,103.738,16.728,8.182
Delhi,28.6139,77.209,2023-07-12,2023,7,12,29.221,87.75,84.667,7.833,148.958,76.542,72.417,98.358,14.228,5.776
Delhi,28.6139,77.209,2023-07-13,2023,7,13,29.571,86.958,91.0,7.675,169.333,69.375,99.958,89.675,16.176,7.196
Delhi,28.6139,77.209,2023-07-14,2023,7,14,30.033,84.125,94.5,7.692,151.458,53.708,97.75,79.35,14.476,7.865
Delhi,28.6139,77.209,2023-07-15,2023,7,15,29.862,85.417,98.292,6.092,175.417,77.958,97.458,94.142,16.792,8.045
Delhi,28.6139,77.209,2023-07-16,2023,7,16,29.896,86.167,95.708,5.979,199.792,112.458,87.333,147.646,19.104,9.93
Delhi,28.6139,77.209,2023-07-17,2023,7,17,30.467,85.375,94.958,5.254,182.292,81.208,101.083,115.163,17.42,10.396
Delhi,28.6139,77.209,2023-07-18,2023,7,18,29.633,88.333,96.542,8.7,165.542,48.042,117.5,59.304,15.844,6.399
Delhi,28.6139,77.209,2023-07-19,2023,7,19,31.25,80.333,94.875,9.662,232.583,141.5,91.083,190.208,22.256,12.0
Delhi,28.6139,77.209,2023-07-20,2023,7,20,32.721,75.083,47.958,6.062,263.917,186.667,77.25,250.029,25.26,12.052
Delhi,28.6139,77.209,2023-07-21,2023,7,21,33.242,73.625,90.333,6.883,234.792,139.208,95.583,182.712,22.46,11.439
Delhi,28.6139,77.209,2023-07-22,2023,7,22,32.1,76.75,96.417,14.775,180.625,83.625,97.0,115.35,17.256,8.856
Delhi,28.6139,77.209,2023-07-23,2023,7,23,32.238,73.625,85.958,13.312,249.208,160.0,89.208,205.583,23.864,11.263
Delhi,28.6139,77.209,2023-07-24,2023,7,24,31.733,78.0,81.292,11.175,202.292,99.958,102.333,135.375,19.36,11.193
Delhi,28.6139,77.209,2023-07-25,2023,7,25,31.083,81.208,99.292,9.962,174.417,67.958,106.458,96.879,16.688,7.354
Delhi,28.6139,77.209,2023-07-26,2023,7,26,28.571,86.167,98.917,7.896,100.667,8.5,92.167,12.096,9.624,0.0
Delhi,28.6139,77.209,2023-07-27,2023,7,27,29.412,85.458,95.917,3.262,146.167,46.333,99.833,61.771,13.98,6.04
Delhi,28.6139,77.209,2023-07-28,2023,7,28,28.717,88.0,99.792,5.046,107.667,36.625,71.042,46.829,10.308,4.955
Delhi,28.6139,77.209,2023-07-29,2023,7,29,28.242,90.167,97.5,6.342,107.458,38.958,68.5,43.854,10.28,3.778
Delhi,28.6139,77.209,2023-07-30,2023,7,30,29.804,83.5,28.792,8.083,198.583,118.167,80.417,149.746,19.028,7.731
Delhi,28.6139,77.209,2023-07-31,2023,7,31,31.025,79.5,42.5,10.088,242.792,168.625,74.167,220.371,23.252,11.472
Delhi,28.6139,77.209,2023-08-01,2023,8,1,31.679,76.125,26.958,12.683,251.292,175.417,75.875,242.067,24.06,12.021
Delhi,28.6139,77.209,2023-08-02,2023,8,2,30.846,79.625,90.792,9.592,201.917,110.792,91.125,141.338,19.352,8.03
Delhi,28.6139,77.209,2023-08-03,2023,8,3,30.921,80.458,81.083,10.35,205.958,124.208,81.75,160.85,19.724,10.346
Delhi,28.6139,77.209,2023-08-04,2023,8,4,29.838,85.625,99.167,5.633,152.667,55.125,97.542,76.121,14.612,7.175
Delhi,28.6139,77.209,2023-08-05,2023,8,5,30.162,87.167,99.167,6.683,161.5,49.125,112.375,63.071,15.464,6.867
Delhi,28.6139,77.209,2023-08-06,2023,8,6,30.875,77.708,61.542,13.233,235.917,160.542,75.375,213.338,22.612,12.0
Delhi,28.6139,77.209,2023-08-07,2023,8,7,30.812,71.667,93.25,15.617,206.667,101.375,105.292,144.058,19.804,11.41
Delhi,28.6139,77.209,2023-08-08,2023,8,8,30.629,73.292,98.083,17.012,239.458,141.875,97.583,186.246,22.948,10.146
Delhi,28.6139,77.209,2023-08-09,2023,8,9,30.821,72.917,88.708,12.658,219.208,125.375,93.833,180.158,21.008,11.891
Delhi,28.6139,77.209,2023-08-10,2023,8,10,30.638,74.292,84.792,8.954,163.792,68.708,95.083,93.071,15.688,6.833
Delhi,28.6139,77.209,2023-08-11,2023,8,11,31.275,70.625,85.417,9.654,236.292,155.0,81.292,208.921,22.648,11.663
Delhi,28.6139,77.209,2023-08-12,2023,8,12,31.708,64.542,80.792,13.742,237.333,144.625,92.708,183.588,22.756,10.149
Delhi,28.6139,77.209,2023-08-13,2023,8,13,30.846,71.0,94.042,14.383,179.583,65.333,114.25,93.746,17.228,7.181
Delhi,28.6139,77.209,2023-08-14,2023,8,14,30.404,73.458,99.0,8.162,138.167,33.417,104.75,46.671,13.236,4.142
Delhi,28.6139,77.209,2023-08-15,2023,8,15,30.279,79.833,65.0,5.15,224.25,146.375,77.875,204.258,21.512,11.233
Delhi,28.6139,77.209,2023-08-16,2023,8,16,31.483,74.417,32.083,7.158,246.208,171.25,74.958,238.746,23.612,12.0
Delhi,28.6139,77.209,2023-08-17,2023,8,17,31.996,68.208,42.667,11.267,252.458,179.833,72.625,244.325,24.208,11.932
Delhi,28.6139,77.209,2023-08-18,2023,8,18,32.021,69.875,54.792,8.833,253.917,182.125,71.792,245.438,24.356,11.191
Delhi,28.6139,77.209,2023-08-19,2023,8,19,30.162,85.667,58.083,7.083,187.792,110.875,76.917,143.237,18.012,7.727
Delhi,28.6139,77.209,2023-08-20,2023,8,20,31.658,77.833,44.083,8.867,242.5,167.208,75.292,236.079,23.264,12.0
Delhi,28.6139,77.209,2023-08-21,2023,8,21,32.467,76.0,85.708,5.663,236.417,157.042,79.375,209.633,22.68,11.258
Delhi,28.6139,77.209,2023-08-22,2023,8,22,31.346,83.417,99.917,7.917,148.708,33.5,115.208,46.042,14.264,3.675
Delhi,28.6139,77.209,2023-08-23,2023,8,23,27.825,94.125,100.0,10.212,66.708,4.708,62.0,5.908,6.4,0.0
Delhi,28.6139,77.209,2023-08-24,2023,8,24,29.325,81.25,95.083,7.608,198.958,115.792,83.167,163.717,19.088,10.971
Delhi,28.6139,77.209,2023-08-25,2023,8,25,30.7,68.292,50.125,12.771,222.75,134.792,87.958,178.208,21.372,11.253
Delhi,28.6139,77.209,2023-08-26,2023,8,26,30.958,65.375,41.167,11.829,240.417,168.792,71.625,239.221,23.068,11.977
Delhi,28.6139,77.209,2023-08-27,2023,8,27,31.229,61.083,18.875,13.962,254.458,185.292,69.167,259.662,24.42,12.0
Delhi,28.6139,77.209,2023-08-28,2023,8,28,31.146,63.958,18.167,12.896,251.708,181.875,69.833,253.438,24.156,11.818
Delhi,28.6139,77.209,2023-08-29,2023,8,29,31.596,62.458,9.667,10.225,265.5,199.25,66.25,281.471,25.48,12.0
Delhi,28.6139,77.209,2023-08-30,2023,8,30,31.858,65.917,13.958,9.054,251.25,183.792,67.458,260.838,24.116,12.0
Delhi,28.6139,77.209,2023-08-31,2023,8,31,31.942,67.417,6.375,7.533,241.208,171.75,69.458,249.962,23.152,12.0
Delhi,28.6139,77.209,2023-09-01,2023,9,1,32.471,64.458,3.292,9.167,255.542,188.792,66.75,273.896,24.528,12.0
Delhi,28.6139,77.209,2023-09-02,2023,9,2,32.129,59.625,2.125,12.429,270.542,206.458,64.083,295.25,25.968,12.0
Delhi,28.6139,77.209,2023-09-03,2023,9,3,31.679,57.458,0.375,11.487,270.958,207.25,63.708,298.008,26.008,12.0
Delhi,28.6139,77.209,2023-09-04,2023,9,4,31.621,57.625,1.25,10.312,270.792,207.208,63.583,299.012,25.996,12.0
Delhi,28.6139,77.209,2023-09-05,2023,9,5,31.275,72.75,14.083,6.692,242.542,171.875,70.667,245.146,23.284,11.643
Delhi,28.6139,77.209,2023-09-06,2023,9,6,30.942,72.25,34.25,6.546,244.125,173.417,70.708,249.858,23.436,12.0
Delhi,28.6139,77.209,2023-09-07,2023,9,7,31.662,68.042,33.125,4.646,242.958,173.458,69.5,247.579,23.324,12.0
Delhi,28.6139,77.209,2023-09-08,2023,9,8,30.392,73.083,62.375,9.712,207.667,136.0,71.667,191.15,19.936,10.778
Delhi,28.6139,77.209,2023-09-09,2023,9,9,27.408,87.375,97.958,12.317,72.917,15.792,57.125,23.467,7.0,1.251
Delhi,28.6139,77.209,2023-09-10,2023,9,10,26.296,93.583,83.958,12.792,70.25,19.167,51.083,34.629,6.744,3.063
Delhi,28.6139,77.209,2023-09-11,2023,9,11,27.812,87.958,46.458,7.967,163.542,84.625,78.917,114.792,15.7,8.303
Delhi,28.6139,77.209,2023-09-12,2023,9,12,29.421,82.708,23.542,4.8,222.542,156.833,65.708,233.142,21.364,11.696
Delhi,28.6139,77.209,2023-09-13,2023,9,13,30.921,81.667,77.583,5.267,198.5,105.167,93.333,157.85,18.896,11.553
Delhi,28.6139,77.209,2023-09-14,2023,9,14,31.608,81.375,71.375,7.133,188.875,107.75,81.125,154.871,17.98,10.255
Delhi,28.6139,77.209,2023-09-15,2023,9,15,29.279,86.417,93.125,7.029,153.208,72.042,81.167,115.788,14.564,7.915
Delhi,28.6139,77.209,2023-09-16,2023,9,16,28.896,86.208,97.667,13.796,167.458,94.042,73.417,134.5,16.036,8.611
Delhi,28.6139,77.209,2023-09-17,2023,9,17,27.85,90.292,87.792,16.171,163.083,79.042,84.042,110.225,15.584,8.15
Delhi,28.6139,77.209,2023-09-18,2023,9,18,28.708,80.875,49.0,13.412,191.083,120.25,70.833,180.421,18.264,11.0
Delhi,28.6139,77.209,2023-09-19,2023,9,19,30.213,77.875,35.708,7.979,220.875,156.833,64.042,230.129,21.088,10.866
Delhi,28.6139,77.209,2023-09-20,2023,9,20,30.921,75.125,22.625,5.329,217.708,155.667,62.042,229.204,20.8,10.857
Delhi,28.6139,77.209,2023-09-21,2023,9,21,31.367,75.125,29.042,4.617,215.833,150.875,64.958,228.275,20.616,11.128
Delhi,28.6139,77.209,2023-09-22,2023,9,22,30.638,76.792,23.125,6.183,215.125,154.333,60.792,227.062,20.556,10.99
Delhi,28.6139,77.209,2023-09-23,2023,9,23,28.571,87.042,27.333,5.346,188.792,119.625,69.167,177.742,18.032,10.018
Delhi,28.6139,77.209,2023-09-24,2023,9,24,28.521,82.708,34.708,5.967,207.75,147.708,60.042,227.35,19.844,11.231
Delhi,28.6139,77.209,2023-09-25,2023,9,25,29.475,76.458,24.833,5.512,223.125,162.292,60.833,246.717,21.332,11.169
Delhi,28.6139,77.209,2023-09-26,2023,9,26,30.033,78.0,17.542,5.721,216.75,156.417,60.333,236.042,20.732,11.106
Delhi,28.6139,77.209,2023-09-27,2023,9,27,29.188,71.125,1.792,8.338,239.208,180.583,58.625,281.55,22.876,11.189
Delhi,28.6139,77.209,2023-09-28,2023,9,28,28.058,70.083,0.792,8.046,247.667,191.792,55.875,299.75,23.692,11.199
Delhi,28.6139,77.209,2023-09-29,2023,9,29,28.2,69.708,0.833,6.392,245.333,190.125,55.208,299.183,23.476,11.136
Delhi,28.6139,77.209,2023-09-30,2023,9,30,29.05,66.958,3.292,8.567,237.792,183.042,54.75,288.588,22.756,11.074
Delhi,28.6139,77.209,2023-10-01,2023,10,1,28.233,61.625,22.458,9.292,242.958,188.917,54.042,300.412,23.256,11.084
Delhi,28.6139,77.209,2023-10-02,2023,10,2,27.4,54.083,8.167,9.754,244.167,191.208,52.958,305.754,23.376,11.093
Delhi,28.6139,77.209,2023-10-03,2023,10,3,26.988,48.958,0.0,11.942,246.792,194.042,52.75,311.483,23.632,11.03
Delhi,28.6139,77.209,2023-10-04,2023,10,4,27.258,60.875,0.0,10.783,241.542,188.792,52.75,304.358,23.136,11.04
Delhi,28.6139,77.209,2023-10-05,2023,10,5,27.233,60.375,0.0,9.817,241.792,189.667,52.125,307.35,23.16,11.0
Delhi,28.6139,77.209,2023-10-06,2023,10,6,27.392,61.333,0.0,8.604,240.5,189.333,51.167,307.946,23.044,11.0
Delhi,28.6139,77.209,2023-10-07,2023,10,7,28.721,66.875,0.0,7.862,230.958,179.625,51.333,291.871,22.132,11.0
Delhi,28.6139,77.209,2023-10-08,2023,10,8,30.008,62.208,3.375,9.288,226.208,174.958,51.25,284.25,21.684,11.0
Delhi,28.6139,77.209,2023-10-09,2023,10,9,30.388,58.083,4.708,9.758,211.75,158.125,53.625,262.375,20.296,11.0
Delhi,28.6139,77.209,2023-10-10,2023,10,10,29.521,56.792,6.792,8.725,192.5,138.792,53.708,228.058,18.456,11.0
Delhi,28.6139,77.209,2023-10-11,2023,10,11,27.713,62.167,0.0,9.408,230.375,180.125,50.25,299.642,22.088,11.0
Delhi,28.6139,77.209,2023-10-12,2023,10,12,26.746,59.25,0.0,7.762,231.542,182.458,49.083,305.517,22.204,11.0
Delhi,28.6139,77.209,2023-10-13,2023,10,13,28.046,61.583,1.583,6.083,221.208,172.25,48.958,288.787,21.216,11.0
Delhi,28.6139,77.209,2023-10-14,2023,10,14,28.512,62.5,5.292,7.896,207.542,157.625,49.917,266.867,19.908,11.0
Delhi,28.6139,77.209,2023-10-15,2023,10,15,27.567,64.167,19.542,6.562,205.792,154.5,51.292,264.267,19.74,11.0
Delhi,28.6139,77.209,2023-10-16,2023,10,16,25.054,73.75,58.75,11.008,182.583,120.5,62.083,193.967,17.516,9.645
Delhi,28.6139,77.209,2023-10-17,2023,10,17,22.55,79.833,47.417,6.121,171.208,107.958,63.25,178.75,16.424,10.445
Delhi,28.6139,77.209,2023-10-18,2023,10,18,23.729,70.375,1.875,9.517,210.208,161.333,48.875,275.183,20.168,11.0
Delhi,28.6139,77.209,2023-10-19,2023,10,19,23.321,66.042,0.0,8.579,217.667,170.125,47.542,294.612,20.888,11.0
Delhi,28.6139,77.209,2023-10-20,2023,10,20,23.575,68.792,0.0,6.529,215.208,168.167,47.042,292.704,20.652,11.0
Delhi,28.6139,77.209,2023-10-21,2023,10,21,23.817,69.792,0.875,6.008,214.667,167.958,46.708,294.371,20.6,11.0
Delhi,28.6139,77.209,2023-10-22,2023,10,22,24.008,68.0,33.75,5.958,195.292,134.5,60.792,239.021,18.744,11.0
Delhi,28.6139,77.209,2023-10-23,2023,10,23,23.929,70.667,0.292,7.846,210.0,164.042,45.958,290.058,20.156,10.996
Delhi,28.6139,77.209,2023-10-24,2023,10,24,24.042,67.042,2.292,7.417,203.333,158.375,44.958,279.842,19.516,10.985
Delhi,28.6139,77.209,2023-10-25,2023,10,25,24.233,66.625,3.167,8.375,204.083,156.917,47.167,279.05,19.588,10.974
Delhi,28.6139,77.209,2023-10-26,2023,10,26,23.975,62.333,0.0,8.858,211.458,167.292,44.167,301.242,20.296,10.963
Delhi,28.6139,77.209,2023-10-27,2023,10,27,23.508,58.375,11.333,7.946,213.083,169.625,43.458,307.504,20.452,10.951
Delhi,28.6139,77.209,2023-10-28,2023,10,28,24.296,58.417,72.542,5.508,186.542,116.5,70.042,202.142,17.908,10.489
Delhi,28.6139,77.209,2023-10-29,2023,10,29,24.004,65.542,1.167,5.138,201.708,159.167,42.542,289.125,19.364,10.928
Delhi,28.6139,77.209,2023-10-30,2023,10,30,24.921,66.125,14.958,6.517,194.75,151.167,43.583,275.446,18.696,10.917
Delhi,28.6139,77.209,2023-10-31,2023,10,31,24.762,70.667,28.458,5.329,187.833,144.833,43.0,260.896,18.032,10.65
Delhi,28.6139,77.209,2023-11-01,2023,11,1,24.496,71.292,3.167,6.337,193.292,150.292,43.0,276.721,18.556,10.893
Delhi,28.6139,77.209,2023-11-02,2023,11,2,24.079,72.708,6.208,5.671,191.333,147.167,44.167,275.392,18.368,10.88
Delhi,28.6139,77.209,2023-11-03,2023,11,3,23.55,73.458,6.75,6.733,185.417,140.292,45.125,258.775,17.8,10.868
Delhi,28.6139,77.209,2023-11-04,2023,11,4,23.5,74.167,35.958,7.433,186.917,145.333,41.583,268.529,17.944,10.856
Delhi,28.6139,77.209,2023-11-05,2023,11,5,22.779,71.417,2.083,7.242,195.417,154.458,40.958,293.912,18.76,10.836
Delhi,28.6139,77.209,2023-11-06,2023,11,6,22.883,66.333,0.0,4.683,194.875,154.792,40.083,295.083,18.708,10.812
Delhi,28.6139,77.209,2023-11-07,2023,11,7,22.929,67.208,1.375,5.333,190.458,150.667,39.792,287.379,18.284,10.788
Delhi,28.6139,77.209,2023-11-08,2023,11,8,22.821,69.375,13.125,7.133,182.917,143.417,39.5,276.208,17.56,10.764
Delhi,28.6139,77.209,2023-11-09,2023,11,9,22.729,67.792,20.333,5.167,176.167,129.167,47.0,249.538,16.912,10.741
Delhi,28.6139,77.209,2023-11-10,2023,11,10,21.463,77.125,36.75,9.421,136.208,82.833,53.375,168.196,13.076,10.718
Delhi,28.6139,77.209,2023-11-11,2023,11,11,20.329,75.708,1.5,8.625,183.5,143.417,40.083,278.242,17.396,10.696
Delhi,28.6139,77.209,2023-11-12,2023,11,12,20.208,72.958,0.0,8.25,187.542,149.083,38.458,292.638,17.784,10.675
Delhi,28.6139,77.209,2023-11-13,2023,11,13,19.758,73.917,50.25,5.954,184.5,141.583,42.917,271.579,17.528,10.154
Delhi,28.6139,77.209,2023-11-14,2023,11,14,19.638,69.0,91.0,6.8,156.542,80.958,75.583,159.458,14.828,9.73
Delhi,28.6139,77.209,2023-11-15,2023,11,15,19.208,71.417,3.375,6.471,186.208,148.917,37.292,296.804,17.668,10.612
Delhi,28.6139,77.209,2023-11-16,2023,11,16,19.796,74.333,1.167,5.433,181.667,143.292,38.375,286.438,17.24,10.591
Delhi,28.6139,77.209,2023-11-17,2023,11,17,20.867,71.292,8.375,3.717,172.625,131.333,41.292,260.138,16.38,10.484
Delhi,28.6139,77.209,2023-11-18,2023,11,18,20.388,71.875,8.292,5.483,167.417,123.583,43.833,242.042,15.896,10.407
Delhi,28.6139,77.209,2023-11-19,2023,11,19,20.046,69.75,7.625,5.225,164.75,123.208,41.542,253.371,15.628,10.409
Delhi,28.6139,77.209,2023-11-20,2023,11,20,19.537,73.0,0.167,5.304,176.583,139.833,36.75,284.333,16.768,10.412
Delhi,28.6139,77.209,2023-11-21,2023,11,21,19.342,70.542,0.333,9.288,177.375,141.333,36.042,289.104,16.844,10.415
Delhi,28.6139,77.209,2023-11-22,2023,11,22,18.271,65.958,0.0,9.817,178.792,143.0,35.792,294.008,16.976,10.339
Delhi,28.6139,77.209,2023-11-23,2023,11,23,17.858,73.542,0.0,6.246,177.0,141.458,35.542,292.104,16.812,10.343
Delhi,28.6139,77.209,2023-11-24,2023,11,24,18.25,73.375,0.792,4.867,175.125,139.583,35.542,289.225,16.632,10.267
Delhi,28.6139,77.209,2023-11-25,2023,11,25,18.35,72.125,47.458,6.004,158.0,107.208,50.792,215.55,14.996,8.735
Delhi,28.6139,77.209,2023-11-26,2023,11,26,18.867,74.458,96.833,7.592,147.792,82.875,64.917,155.325,14.084,8.352
Delhi,28.6139,77.209,2023-11-27,2023,11,27,18.963,78.208,79.625,9.254,72.583,24.875,47.708,57.588,6.828,4.554
Delhi,28.6139,77.209,2023-11-28,2023,11,28,18.133,85.417,49.833,5.704,83.292,34.75,48.542,73.092,7.896,6.261
Delhi,28.6139,77.209,2023-11-29,2023,11,29,18.692,85.792,27.667,6.808,146.792,107.333,39.458,223.271,13.98,9.698
Delhi,28.6139,77.209,2023-11-30,2023,11,30,18.933,87.083,30.792,6.625,131.958,94.708,37.25,196.158,12.576,9.708
Delhi,28.6139,77.209,2023-12-01,2023,12,1,19.329,84.542,26.625,5.862,143.375,105.25,38.125,218.054,13.628,9.809
Delhi,28.6139,77.209,2023-12-02,2023,12,2,18.817,81.958,7.917,6.379,146.833,108.0,38.833,233.8,13.944,9.907
Delhi,28.6139,77.209,2023-12-03,2023,12,3,18.679,77.958,32.542,6.012,153.917,119.208,34.708,250.208,14.672,9.489
Delhi,28.6139,77.209,2023-12-04,2023,12,4,18.942,77.75,36.875,5.454,134.167,97.333,36.833,205.896,12.744,9.84
Delhi,28.6139,77.209,2023-12-05,2023,12,5,17.796,76.042,0.083,7.375,165.375,131.417,33.958,282.442,15.708,9.928
Delhi,28.6139,77.209,2023-12-06,2023,12,6,17.504,72.542,0.0,5.958,168.458,134.833,33.625,291.412,15.996,9.936
Delhi,28.6139,77.209,2023-12-07,2023,12,7,17.688,74.417,3.125,6.525,159.125,125.292,33.833,271.721,15.104,9.863
Delhi,28.6139,77.209,2023-12-08,2023,12,8,17.088,72.75,0.0,8.675,165.5,132.375,33.125,287.379,15.712,9.872
Delhi,28.6139,77.209,2023-12-09,2023,12,9,16.488,72.542,0.0,9.288,168.083,135.0,33.083,294.2,15.952,9.881
Delhi,28.6139,77.209,2023-12-10,2023,12,10,16.1,70.583,8.5,10.821,167.542,133.833,33.708,292.725,15.9,9.891
Delhi,28.6139,77.209,2023-12-11,2023,12,11,15.429,72.958,0.0,6.304,166.75,133.958,32.792,293.392,15.824,9.901
Delhi,28.6139,77.209,2023-12-12,2023,12,12,15.646,77.625,1.5,6.783,160.375,126.292,34.083,275.658,15.224,9.852
Delhi,28.6139,77.209,2023-12-13,2023,12,13,15.992,75.542,0.0,5.675,163.542,130.833,32.708,286.521,15.516,9.857
Delhi,28.6139,77.209,2023-12-14,2023,12,14,15.146,69.958,52.458,9.412,165.667,131.875,33.792,289.329,15.712,9.862
Delhi,28.6139,77.209,2023-12-15,2023,12,15,14.867,72.875,64.833,6.9,165.25,130.875,34.375,284.85,15.684,9.868
Delhi,28.6139,77.209,2023-12-16,2023,12,16,14.892,71.75,34.417,7.625,162.667,125.625,37.042,276.612,15.416,9.874
Delhi,28.6139,77.209,2023-12-17,2023,12,17,15.354,72.0,0.0,8.158,163.125,130.833,32.292,288.15,15.464,9.88
Delhi,28.6139,77.209,2023-12-18,2023,12,18,14.763,71.125,0.0,11.679,166.333,134.083,32.25,296.442,15.76,9.887
Delhi,28.6139,77.209,2023-12-19,2023,12,19,14.808,64.458,13.917,11.579,168.833,136.458,32.375,302.512,15.992,9.894
Delhi,28.6139,77.209,2023-12-20,2023,12,20,14.133,70.458,82.792,9.029,159.25,115.542,43.708,243.663,15.116,9.381
Delhi,28.6139,77.209,2023-12-21,2023,12,21,14.525,72.875,96.75,7.804,156.083,107.333,48.75,226.75,14.792,9.909
Delhi,28.6139,77.209,2023-12-22,2023,12,22,14.429,74.667,31.333,5.45,163.5,128.042,35.458,285.0,15.48,9.917
Delhi,28.6139,77.209,2023-12-23,2023,12,23,15.967,75.958,21.25,6.817,157.667,123.583,34.083,274.067,14.916,9.925
Delhi,28.6139,77.209,2023-12-24,2023,12,24,15.588,77.083,0.833,5.296,162.292,130.25,32.042,289.029,15.58,9.933
Delhi,28.6139,77.209,2023-12-25,2023,12,25,15.542,78.208,2.208,7.8,163.375,131.333,32.042,290.817,15.684,9.942
Delhi,28.6139,77.209,2023-12-26,2023,12,26,15.288,75.333,75.917,6.542,159.042,119.583,39.458,264.4,15.268,9.952
Delhi,28.6139,77.209,2023-12-27,2023,12,27,14.346,81.917,10.875,6.154,164.375,132.333,32.042,293.412,15.78,9.961
Delhi,28.6139,77.209,2023-12-28,2023,12,28,13.258,88.375,23.542,5.975,148.167,100.583,47.583,238.654,14.224,9.971
Delhi,28.6139,77.209,2023-12-29,2023,12,29,12.329,92.042,72.292,4.183,93.458,23.833,69.625,66.725,8.972,4.364
Delhi,28.6139,77.209,2023-12-30,2023,12,30,12.312,90.625,89.708,4.179,106.625,29.292,77.333,64.8,10.236,5.339
Delhi,28.6139,77.209,2023-12-31,2023,12,31,12.0,88.083,53.875,4.496,132.458,77.042,55.417,168.008,12.716,7.785
Delhi,28.6139,77.209,2024-01-01,2024,1,1,10.629,85.958,34.375,4.892,152.708,107.542,45.167,227.208,14.66,9.505
Delhi,28.6139,77.209,2024-01-02,2024,1,2,9.454,88.667,34.0,5.538,141.583,79.625,61.958,181.029,13.592,9.328
Delhi,28.6139,77.209,2024-01-03,2024,1,3,9.708,90.208,51.458,4.892,127.167,68.583,58.583,150.429,12.208,8.118
Delhi,28.6139,77.209,2024-01-04,2024,1,4,11.342,86.333,70.708,6.337,113.458,59.0,54.458,131.604,10.892,9.769
Delhi,28.6139,77.209,2024-01-05,2024,1,5,12.429,89.417,84.5,5.388,81.708,33.417,48.292,71.204,7.844,4.545
Delhi,28.6139,77.209,2024-01-06,2024,1,6,12.621,84.042,52.167,5.367,140.75,91.417,49.333,206.929,13.512,10.0
Delhi,28.6139,77.209,2024-01-07,2024,1,7,11.1,83.708,30.708,4.483,160.208,120.875,39.333,263.183,15.38,10.0
Delhi,28.6139,77.209,2024-01-08,2024,1,8,10.954,85.333,16.292,5.254,163.75,125.083,38.667,265.642,15.72,10.0
Delhi,28.6139,77.209,2024-01-09,2024,1,9,11.633,87.792,16.75,8.633,157.458,120.792,36.667,256.075,15.112,10.0
Delhi,28.6139,77.209,2024-01-10,2024,1,10,10.504,81.333,3.083,11.229,175.958,142.5,33.458,308.792,16.888,10.0
Delhi,28.6139,77.209,2024-01-11,2024,1,11,10.696,81.5,26.625,9.288,171.583,133.833,37.75,289.825,16.468,10.0
Delhi,28.6139,77.209,2024-01-12,2024,1,12,10.529,81.417,0.083,9.171,178.542,145.792,32.75,312.854,17.136,10.0
Delhi,28.6139,77.209,2024-01-13,2024,1,13,10.371,85.083,63.042,5.362,128.667,49.333,79.333,95.312,12.348,7.052
Delhi,28.6139,77.209,2024-01-14,2024,1,14,9.975,83.167,27.75,6.983,167.167,122.917,44.25,246.938,16.04,8.999
Delhi,28.6139,77.209,2024-01-15,2024,1,15,9.362,82.0,48.292,7.108,162.208,111.542,50.667,230.55,15.564,9.772
Delhi,28.6139,77.209,2024-01-16,2024,1,16,9.038,86.292,46.125,5.533,169.708,126.083,43.625,249.446,16.284,8.422
Delhi,28.6139,77.209,2024-01-17,2024,1,17,9.642,85.375,22.458,8.812,177.542,139.958,37.583,290.317,17.036,10.0
Delhi,28.6139,77.209,2024-01-18,2024,1,18,10.375,88.75,38.917,5.721,168.917,121.625,47.292,250.908,16.204,10.0
Delhi,28.6139,77.209,2024-01-19,2024,1,19,9.362,90.458,44.25,6.429,163.542,112.833,50.708,227.346,15.688,9.433
Delhi,28.6139,77.209,2024-01-20,2024,1,20,10.288,85.292,39.167,5.008,159.875,109.875,50.0,231.575,15.336,10.0
Delhi,28.6139,77.209,2024-01-21,2024,1,21,9.7,86.083,3.375,9.725,185.25,149.833,35.417,310.879,17.768,10.0
Delhi,28.6139,77.209,2024-01-22,2024,1,22,9.883,83.292,26.75,5.196,176.25,127.75,48.5,254.892,16.904,10.0
Delhi,28.6139,77.209,2024-01-23,2024,1,23,10.892,86.583,38.458,5.754,168.708,119.25,49.458,227.279,16.18,9.424
Delhi,28.6139,77.209,2024-01-24,2024,1,24,11.592,85.75,15.75,5.179,173.083,133.458,39.625,267.562,16.596,10.0
Delhi,28.6139,77.209,2024-01-25,2024,1,25,10.892,85.458,55.958,5.121,176.5,126.292,50.208,251.588,16.928,10.0
Delhi,28.6139,77.209,2024-01-26,2024,1,26,12.046,81.417,72.625,3.988,185.375,144.458,40.917,280.479,17.772,10.0
Delhi,28.6139,77.209,2024-01-27,2024,1,27,13.329,72.083,6.958,11.029,190.917,155.833,35.083,313.521,18.3,10.0
Delhi,28.6139,77.209,2024-01-28,2024,1,28,12.804,83.125,85.958,7.654,145.292,60.125,85.167,119.6,13.924,8.677
Delhi,28.6139,77.209,2024-01-29,2024,1,29,14.8,83.25,1.125,6.708,186.75,149.792,36.958,296.287,17.896,10.0
Delhi,28.6139,77.209,2024-01-30,2024,1,30,14.308,86.667,51.917,4.925,184.417,137.167,47.25,269.704,17.668,10.031
Delhi,28.6139,77.209,2024-01-31,2024,1,31,14.079,92.833,58.875,7.275,122.292,62.042,60.25,115.512,11.72,7.176
Delhi,28.6139,77.209,2024-02-01,2024,2,1,16.0,91.292,32.458,13.317,135.0,71.458,63.542,151.2,12.936,10.0
Delhi,28.6139,77.209,2024-02-02,2024,2,2,14.067,86.167,34.417,8.875,175.75,119.833,55.917,221.896,16.828,8.546
Delhi,28.6139,77.209,2024-02-03,2024,2,3,14.929,69.625,41.917,8.383,180.792,132.667,48.125,256.796,17.316,10.002
Delhi,28.6139,77.209,2024-02-04,2024,2,4,16.379,87.667,66.125,8.212,109.125,52.5,56.625,100.546,10.452,7.364
Delhi,28.6139,77.209,2024-02-05,2024,2,5,15.929,84.0,45.75,8.05,162.167,107.667,54.5,202.162,15.512,8.918
Delhi,28.6139,77.209,2024-02-06,2024,2,6,13.433,75.417,11.208,9.904,206.833,167.458,39.375,320.037,19.796,10.211
Delhi,28.6139,77.209,2024-02-07,2024,2,7,13.696,67.458,33.75,12.871,206.5,167.5,39.0,317.521,19.764,10.204
Delhi,28.6139,77.209,2024-02-08,2024,2,8,14.467,60.167,0.375,17.917,215.792,176.375,39.417,333.979,20.644,10.273
Delhi,28.6139,77.209,2024-02-09,2024,2,9,14.862,65.917,0.0,9.15,213.958,174.167,39.792,327.183,20.468,10.265
Delhi,28.6139,77.209,2024-02-10,2024,2,10,14.712,71.208,0.0,7.075,215.5,175.292,40.208,327.5,20.612,10.334
Delhi,28.6139,77.209,2024-02-11,2024,2,11,15.208,73.958,0.0,7.629,215.208,174.667,40.542,324.742,20.58,10.361
Delhi,28.6139,77.209,2024-02-12,2024,2,12,15.479,74.5,60.792,5.408,188.917,123.0,65.917,215.121,18.088,7.893
Delhi,28.6139,77.209,2024-02-13,2024,2,13,15.992,75.458,67.167,5.608,196.792,134.25,62.542,249.138,18.812,10.236
Delhi,28.6139,77.209,2024-02-14,2024,2,14,16.875,74.25,16.625,8.342,214.792,173.167,41.625,315.496,20.532,10.393
Delhi,28.6139,77.209,2024-02-15,2024,2,15,16.908,73.542,0.0,8.629,219.792,178.333,41.458,323.9,21.004,10.529
Delhi,28.6139,77.209,2024-02-16,2024,2,16,16.287,69.208,0.0,8.962,225.417,183.792,41.625,333.188,21.536,10.665
Delhi,28.6139,77.209,2024-02-17,2024,2,17,16.262,66.375,0.0,10.092,225.25,183.75,41.5,331.192,21.52,10.725
Delhi,28.6139,77.209,2024-02-18,2024,2,18,18.7,67.0,59.208,8.283,216.458,164.917,51.542,290.175,20.688,10.108
Delhi,28.6139,77.209,2024-02-19,2024,2,19,20.208,69.25,15.417,17.792,207.083,160.875,46.208,286.979,19.78,10.469
Delhi,28.6139,77.209,2024-02-20,2024,2,20,20.546,74.542,23.875,8.079,181.25,135.0,46.25,234.046,17.292,10.561
Delhi,28.6139,77.209,2024-02-21,2024,2,21,19.292,71.042,2.917,8.433,228.125,184.958,43.167,324.988,21.776,10.797
Delhi,28.6139,77.209,2024-02-22,2024,2,22,17.833,62.958,12.708,9.013,219.917,171.333,48.583,296.912,20.984,10.95
Delhi,28.6139,77.209,2024-02-23,2024,2,23,16.454,55.167,0.0,9.55,238.25,195.083,43.167,341.971,22.736,11.027
Delhi,28.6139,77.209,2024-02-24,2024,2,24,16.671,55.792,18.792,5.8,212.708,157.583,55.125,266.275,20.288,10.807
Delhi,28.6139,77.209,2024-02-25,2024,2,25,17.217,54.958,48.458,7.8,232.375,183.417,48.958,302.338,22.208,10.373
Delhi,28.6139,77.209,2024-02-26,2024,2,26,18.079,54.833,80.917,6.529,192.667,106.375,86.292,164.662,18.384,8.148
Delhi,28.6139,77.209,2024-02-27,2024,2,27,17.983,59.625,42.125,9.467,209.708,158.292,51.417,256.312,19.984,10.38
Delhi,28.6139,77.209,2024-02-28,2024,2,28,17.908,62.792,0.0,11.929,240.25,196.0,44.25,333.846,22.908,11.26
Delhi,28.6139,77.209,2024-02-29,2024,2,29,18.929,62.167,0.542,9.888,243.708,199.375,44.333,338.862,23.236,11.409
Delhi,28.6139,77.209,2024-03-01,2024,3,1,20.287,65.125,69.792,8.246,209.917,149.333,60.583,245.042,20.024,10.671
Delhi,28.6139,77.209,2024-03-02,2024,3,2,20.125,80.25,64.333,18.692,171.833,103.542,68.292,152.675,16.392,7.981
Delhi,28.6139,77.209,2024-03-03,2024,3,3,19.1,70.208,44.958,7.862,198.0,131.625,66.375,225.237,18.832,10.311
Delhi,28.6139,77.209,2024-03-04,2024,3,4,16.667,61.625,6.875,9.421,253.042,202.667,50.375,334.817,24.1,11.547
Delhi,28.6139,77.209,2024-03-05,2024,3,5,15.712,58.958,34.708,11.117,257.208,209.625,47.583,344.967,24.508,11.575
Delhi,28.6139,77.209,2024-03-06,2024,3,6,16.442,58.833,51.0,9.854,228.625,147.625,81.0,243.321,21.828,10.205
Delhi,28.6139,77.209,2024-03-07,2024,3,7,17.912,61.333,0.25,8.654,253.25,207.208,46.042,341.396,24.112,11.632
Delhi,28.6139,77.209,2024-03-08,2024,3,8,18.604,62.292,0.0,9.638,257.667,211.208,46.458,346.213,24.528,11.661
Delhi,28.6139,77.209,2024-03-09,2024,3,9,18.546,59.333,26.125,11.829,263.417,216.0,47.417,353.917,25.072,11.689
Delhi,28.6139,77.209,2024-03-10,2024,3,10,19.667,59.625,77.667,8.2,254.125,192.792,61.333,296.725,24.22,11.043
Delhi,28.6139,77.209,2024-03-11,2024,3,11,22.375,59.542,15.5,7.008,255.833,208.875,46.958,334.104,24.364,11.746
Delhi,28.6139,77.209,2024-03-12,2024,3,12,21.713,63.167,10.083,8.871,249.0,197.292,51.708,315.817,23.68,11.775
Delhi,28.6139,77.209,2024-03-13,2024,3,13,21.583,67.125,16.958,8.05,231.708,177.5,54.208,277.996,22.092,11.459
Delhi,28.6139,77.209,2024-03-14,2024,3,14,21.958,60.792,6.667,8.696,245.5,186.542,58.958,299.846,23.328,11.831
Delhi,28.6139,77.209,2024-03-15,2024,3,15,20.621,53.833,0.0,12.208,275.875,227.667,48.208,364.475,26.228,11.859
Delhi,28.6139,77.209,2024-03-16,2024,3,16,20.179,54.917,24.833,8.025,266.333,199.958,66.375,314.4,25.568,11.888
Delhi,28.6139,77.209,2024-03-17,2024,3,17,20.604,58.875,37.917,8.442,263.625,192.458,71.167,297.5,25.308,11.916
Delhi,28.6139,77.209,2024-03-18,2024,3,18,21.492,57.125,4.167,8.167,277.375,228.667,48.708,361.883,26.628,11.945
Delhi,28.6139,77.209,2024-03-19,2024,3,19,21.846,58.0,1.167,8.225,274.5,225.833,48.667,356.396,26.352,11.968
Delhi,28.6139,77.209,2024-03-20,2024,3,20,23.733,57.458,2.333,8.221,277.708,228.708,49.0,359.354,26.66,11.977
Delhi,28.6139,77.209,2024-03-21,2024,3,21,22.517,68.792,42.625,11.525,265.333,206.458,58.875,318.754,25.472,11.893
Delhi,28.6139,77.209,2024-03-22,2024,3,22,24.542,65.0,0.625,8.429,271.958,222.75,49.208,346.037,26.108,11.996
Delhi,28.6139,77.209,2024-03-23,2024,3,23,25.588,59.542,13.958,10.296,278.375,226.0,52.375,352.196,26.724,12.0
Delhi,28.6139,77.209,2024-03-24,2024,3,24,23.671,61.458,74.083,12.3,227.417,134.917,92.5,200.346,21.832,11.286
Delhi,28.6139,77.209,2024-03-25,2024,3,25,24.988,59.292,1.792,9.954,278.833,228.167,50.667,351.775,26.768,12.0
Delhi,28.6139,77.209,2024-03-26,2024,3,26,26.188,55.25,84.375,9.408,268.208,196.708,71.5,289.504,25.748,11.799
Delhi,28.6139,77.209,2024-03-27,2024,3,27,28.029,55.542,25.833,6.929,274.625,221.083,53.542,337.029,26.364,12.0
Delhi,28.6139,77.209,2024-03-28,2024,3,28,28.888,53.208,90.333,8.079,252.958,171.0,81.958,237.221,24.284,10.915
Delhi,28.6139,77.209,2024-03-29,2024,3,29,28.425,58.792,86.667,6.788,260.208,185.208,75.0,280.008,24.98,12.0
Delhi,28.6139,77.209,2024-03-30,2024,3,30,28.567,59.042,31.417,10.533,267.542,212.583,54.958,315.433,25.684,12.0
Delhi,28.6139,77.209,2024-03-31,2024,3,31,28.017,57.292,3.5,11.917,285.292,232.625,52.667,348.296,27.388,12.0
Delhi,28.6139,77.209,2024-04-01,2024,4,1,25.438,50.375,67.542,12.912,266.667,169.083,97.583,258.967,25.6,12.0
Delhi,28.6139,77.209,2024-04-02,2024,4,2,25.392,44.208,53.417,11.021,288.417,227.792,60.625,335.504,27.688,11.723
Delhi,28.6139,77.209,2024-04-03,2024,4,3,27.254,42.542,83.75,6.208,266.667,192.0,74.667,295.667,25.6,12.0
Delhi,28.6139,77.209,2024-04-04,2024,4,4,28.4,42.125,60.75,8.742,278.292,212.333,65.958,309.342,26.712,12.0
Delhi,28.6139,77.209,2024-04-05,2024,4,5,28.321,39.333,55.042,12.442,248.75,161.917,86.833,229.888,23.876,11.896
Delhi,28.6139,77.209,2024-04-06,2024,4,6,27.408,36.708,7.583,10.654,300.0,246.542,53.458,366.033,28.796,12.0
Delhi,28.6139,77.209,2024-04-07,2024,4,7,27.104,35.25,0.083,10.117,306.917,252.875,54.042,375.875,29.46,12.0
Delhi,28.6139,77.209,2024-04-08,2024,4,8,27.796,35.458,9.792,9.642,299.417,242.75,56.667,347.721,28.74,12.0
Delhi,28.6139,77.209,2024-04-09,2024,4,9,28.488,33.417,47.417,7.258,265.875,160.458,105.417,239.729,25.52,12.0
Delhi,28.6139,77.209,2024-04-10,2024,4,10,29.35,33.167,11.042,7.671,300.708,240.5,60.208,349.217,28.864,12.009
Delhi,28.6139,77.209,2024-04-11,2024,4,11,29.292,34.333,43.625,7.337,299.208,242.792,56.417,350.925,28.72,12.0
Delhi,28.6139,77.209,2024-04-12,2024,4,12,30.117,34.875,42.458,8.508,298.125,239.458,58.667,350.963,28.616,12.0
Delhi,28.6139,77.209,2024-04-13,2024,4,13,29.558,38.5,56.375,7.888,268.542,195.917,72.625,269.596,25.776,10.0
Delhi,28.6139,77.209,2024-04-14,2024,4,14,27.871,51.125,88.542,11.671,249.167,169.167,80.0,234.404,23.916,11.333
Delhi,28.6139,77.209,2024-04-15,2024,4,15,28.833,52.833,88.833,7.646,203.0,89.583,113.417,121.012,19.48,9.558
Delhi,28.6139,77.209,2024-04-16,2024,4,16,29.921,43.542,65.875,13.117,287.375,211.625,75.75,287.525,27.58,11.686
Delhi,28.6139,77.209,2024-04-17,2024,4,17,29.312,32.167,49.25,16.367,310.542,253.208,57.333,365.283,29.804,12.096
Delhi,28.6139,77.209,2024-04-18,2024,4,18,30.979,30.875,43.0,11.617,295.917,233.875,62.042,325.412,28.4,11.507
Delhi,28.6139,77.209,2024-04-19,2024,4,19,31.667,39.042,19.042,10.812,275.583,208.208,67.375,296.183,26.444,12.154
Delhi,28.6139,77.209,2024-04-20,2024,4,20,30.542,38.667,31.125,11.671,290.0,225.75,64.25,312.083,27.828,12.032
Delhi,28.6139,77.209,2024-04-21,2024,4,21,30.692,37.625,55.167,12.575,281.833,194.958,86.875,281.571,27.044,12.213
Delhi,28.6139,77.209,2024-04-22,2024,4,22,30.7,35.708,16.542,11.038,291.542,223.417,68.125,317.692,27.972,12.057
Delhi,28.6139,77.209,2024-04-23,2024,4,23,29.558,37.375,23.542,9.8,288.708,219.25,69.458,305.729,27.704,12.348
Delhi,28.6139,77.209,2024-04-24,2024,4,24,29.575,40.958,1.0,10.025,311.292,252.583,58.708,363.367,29.868,12.416
Delhi,28.6139,77.209,2024-04-25,2024,4,25,30.783,34.75,3.583,10.8,318.292,260.208,58.083,371.05,30.54,12.409
Delhi,28.6139,77.209,2024-04-26,2024,4,26,31.571,32.75,22.042,9.112,294.208,226.75,67.458,321.746,28.224,12.478
Delhi,28.6139,77.209,2024-04-27,2024,4,27,32.129,34.208,36.333,13.292,290.792,217.125,73.667,297.167,27.896,12.0
Delhi,28.6139,77.209,2024-04-28,2024,4,28,31.362,35.208,65.75,8.304,294.417,212.25,82.167,292.442,28.244,12.541
Delhi,28.6139,77.209,2024-04-29,2024,4,29,31.129,37.208,12.042,10.633,284.958,218.25,66.708,309.092,27.336,12.61
Delhi,28.6139,77.209,2024-04-30,2024,4,30,30.188,32.708,1.375,13.183,329.042,269.25,59.792,380.708,31.564,12.604
Delhi,28.6139,77.209,2024-05-01,2024,5,1,28.192,25.917,0.0,16.721,329.5,269.583,59.917,381.033,31.604,12.75
Delhi,28.6139,77.209,2024-05-02,2024,5,2,28.592,29.708,6.417,12.325,330.792,270.417,60.375,382.154,31.728,12.776
Delhi,28.6139,77.209,2024-05-03,2024,5,3,30.542,27.5,66.208,12.004,314.125,238.083,76.042,314.908,30.14,11.419
Delhi,28.6139,77.209,2024-05-04,2024,5,4,32.792,27.5,43.167,9.7,299.0,223.042,75.958,295.475,28.676,11.024
Delhi,28.6139,77.209,2024-05-05,2024,5,5,33.717,28.542,10.875,11.667,322.125,262.292,59.833,368.846,30.892,12.816
Delhi,28.6139,77.209,2024-05-06,2024,5,6,34.133,30.958,7.292,10.833,307.833,244.792,63.042,338.729,29.524,12.772
Delhi,28.6139,77.209,2024-05-07,2024,5,7,34.088,35.25,18.375,7.933,291.5,220.458,71.042,308.275,27.952,12.841
Delhi,28.6139,77.209,2024-05-08,2024,5,8,32.646,51.0,13.25,15.054,308.25,246.583,61.667,340.342,29.564,12.853
Delhi,28.6139,77.209,2024-05-09,2024,5,9,32.029,50.083,5.708,15.046,302.833,239.625,63.208,328.6,29.04,12.864
Delhi,28.6139,77.209,2024-05-10,2024,5,10,33.008,48.25,31.417,13.021,301.917,238.417,63.5,321.067,28.956,12.092
Delhi,28.6139,77.209,2024-05-11,2024,5,11,32.146,49.75,14.292,9.233,308.417,245.917,62.5,336.396,29.576,12.846
Delhi,28.6139,77.209,2024-05-12,2024,5,12,32.846,46.917,44.542,7.704,269.708,191.792,77.917,269.733,25.856,12.897
Delhi,28.6139,77.209,2024-05-13,2024,5,13,33.492,40.458,24.792,7.942,285.125,212.417,72.708,289.412,27.332,12.907
Delhi,28.6139,77.209,2024-05-14,2024,5,14,33.146,34.75,4.292,10.167,316.25,247.167,69.083,339.142,30.312,12.917
Delhi,28.6139,77.209,2024-05-15,2024,5,15,34.079,30.875,0.167,8.625,328.167,265.833,62.333,370.533,31.456,12.926
Delhi,28.6139,77.209,2024-05-16,2024,5,16,35.092,31.333,1.458,7.788,329.375,266.75,62.625,371.45,31.568,12.935
Delhi,28.6139,77.209,2024-05-17,2024,5,17,36.529,31.208,9.417,8.025,316.458,250.583,65.875,340.096,30.328,12.944
Delhi,28.6139,77.209,2024-05-18,2024,5,18,37.417,27.292,7.375,12.838,321.792,256.542,65.25,353.129,30.84,12.994
Delhi,28.6139,77.209,2024-05-19,2024,5,19,37.662,27.5,22.875,12.7,309.542,235.167,74.375,323.867,29.664,12.998
Delhi,28.6139,77.209,2024-05-20,2024,5,20,37.383,27.542,14.667,11.9,319.0,251.417,67.583,343.612,30.568,13.001
Delhi,28.6139,77.209,2024-05-21,2024,5,21,36.012,40.875,14.0,10.8,307.958,239.167,68.792,328.688,29.504,13.004
Delhi,28.6139,77.209,2024-05-22,2024,5,22,36.442,46.5,22.958,14.792,307.208,238.583,68.625,327.258,29.432,13.007
Delhi,28.6139,77.209,2024-05-23,2024,5,23,35.992,46.792,10.292,17.842,294.75,227.625,67.125,309.287,28.24,13.009
Delhi,28.6139,77.209,2024-05-24,2024,5,24,36.046,45.333,7.292,12.958,291.833,222.5,69.333,308.45,27.956,13.012
Delhi,28.6139,77.209,2024-05-25,2024,5,25,37.342,39.667,10.5,8.579,300.958,230.333,70.625,321.075,28.828,13.011
Delhi,28.6139,77.209,2024-05-26,2024,5,26,37.742,31.375,0.292,10.062,325.75,259.458,66.292,357.425,31.204,13.086
Delhi,28.6139,77.209,2024-05-27,2024,5,27,37.562,32.542,0.0,8.338,325.958,259.625,66.333,357.829,31.22,13.082
Delhi,28.6139,77.209,2024-05-28,2024,5,28,37.892,29.042,0.0,9.904,330.625,263.417,67.208,362.329,31.664,13.078
Delhi,28.6139,77.209,2024-05-29,2024,5,29,38.588,28.167,20.542,9.412,312.792,235.875,76.917,327.475,29.952,13.074
Delhi,28.6139,77.209,2024-05-30,2024,5,30,38.838,28.958,10.125,11.646,313.375,241.875,71.5,333.775,30.004,13.15
Delhi,28.6139,77.209,2024-05-31,2024,5,31,38.45,26.667,6.875,14.179,317.458,243.458,74.0,333.046,30.396,12.834
Delhi,28.6139,77.209,2024-06-01,2024,6,1,37.271,29.167,50.667,14.329,289.458,206.292,83.167,278.025,27.744,12.479
Delhi,28.6139,77.209,2024-06-02,2024,6,2,36.662,33.5,37.833,9.196,300.958,225.375,75.583,300.862,28.82,12.515
Delhi,28.6139,77.209,2024-06-03,2024,6,3,37.562,34.792,10.292,13.7,305.583,233.167,72.417,321.325,29.252,13.136
Delhi,28.6139,77.209,2024-06-04,2024,6,4,36.946,30.375,10.625,8.821,301.667,228.167,73.5,307.717,28.884,13.053
Delhi,28.6139,77.209,2024-06-05,2024,6,5,37.088,34.875,7.125,14.042,302.0,229.708,72.292,306.579,28.924,13.0
Delhi,28.6139,77.209,2024-06-06,2024,6,6,33.908,44.75,8.083,7.167,305.417,231.542,73.875,314.779,29.228,13.125
Delhi,28.6139,77.209,2024-06-07,2024,6,7,35.238,39.875,5.167,11.596,299.5,227.083,72.417,300.188,28.672,13.042
Delhi,28.6139,77.209,2024-06-08,2024,6,8,35.183,37.5,10.167,12.9,298.958,225.292,73.667,307.071,28.608,13.119
Delhi,28.6139,77.209,2024-06-09,2024,6,9,35.588,31.917,0.208,12.633,323.5,252.0,71.5,343.704,30.96,13.196
Delhi,28.6139,77.209,2024-06-10,2024,6,10,36.271,28.708,11.417,11.292,317.125,241.375,75.75,328.963,30.348,13.192
Delhi,28.6139,77.209,2024-06-11,2024,6,11,36.854,28.625,27.75,10.154,306.292,228.0,78.292,313.971,29.304,13.145
Delhi,28.6139,77.209,2024-06-12,2024,6,12,37.342,28.083,1.333,12.225,320.208,247.792,72.417,336.2,30.64,13.187
Delhi,28.6139,77.209,2024-06-13,2024,6,13,38.467,27.875,14.75,17.721,298.417,214.625,83.792,297.583,28.552,13.104
Delhi,28.6139,77.209,2024-06-14,2024,6,14,38.504,30.25,28.25,21.012,283.042,196.5,86.542,266.825,27.072,13.148
Delhi,28.6139,77.209,2024-06-15,2024,6,15,39.046,30.042,8.458,19.208,303.625,230.458,73.167,308.883,29.048,13.003
Delhi,28.6139,77.209,2024-06-16,2024,6,16,39.604,30.417,7.333,17.192,300.958,228.083,72.875,307.467,28.796,13.074
Delhi,28.6139,77.209,2024-06-17,2024,6,17,40.062,32.458,10.208,17.958,274.833,201.375,73.458,277.279,26.292,13.078
Delhi,28.6139,77.209,2024-06-18,2024,6,18,39.896,35.125,8.792,19.117,279.042,201.5,77.542,273.9,26.704,13.009
Delhi,28.6139,77.209,2024-06-19,2024,6,19,38.654,40.042,25.75,17.25,293.375,217.875,75.5,293.283,28.084,12.859
Delhi,28.6139,77.209,2024-06-20,2024,6,20,33.729,52.083,24.5,7.612,282.083,202.875,79.208,275.9,27.0,12.865
Delhi,28.6139,77.209,2024-06-21,2024,6,21,31.583,65.708,26.125,8.829,250.208,171.833,78.375,231.192,23.956,12.258
Delhi,28.6139,77.209,2024-06-22,2024,6,22,33.433,57.792,45.5,6.267,264.417,184.083,80.333,240.504,25.304,11.316
Delhi,28.6139,77.209,2024-06-23,2024,6,23,34.233,60.625,33.917,7.483,269.708,186.292,83.417,246.421,25.82,12.339
Delhi,28.6139,77.209,2024-06-24,2024,6,24,33.15,64.125,57.458,8.458,225.333,127.625,97.708,170.167,21.572,12.159
Delhi,28.6139,77.209,2024-06-25,2024,6,25,33.246,67.125,52.583,6.275,220.042,129.667,90.375,167.058,21.036,10.909
Delhi,28.6139,77.209,2024-06-26,2024,6,26,31.721,76.167,98.958,11.808,169.542,59.833,109.708,72.525,16.204,5.991
Delhi,28.6139,77.209,2024-06-27,2024,6,27,29.738,83.458,93.458,15.021,109.708,26.0,83.708,34.583,10.464,2.194
Delhi,28.6139,77.209,2024-06-28,2024,6,28,29.308,86.5,94.25,6.758,115.25,41.375,73.875,55.846,11.0,3.858
Delhi,28.6139,77.209,2024-06-29,2024,6,29,29.838,86.5,65.667,7.783,144.042,65.75,78.292,81.462,13.772,6.034
Delhi,28.6139,77.209,2024-06-30,2024,6,30,31.583,81.292,65.917,4.817,212.958,115.583,97.375,153.146,20.344,9.22
Delhi,28.6139,77.209,2024-07-01,2024,7,1,31.304,81.833,81.125,6.488,186.292,87.833,98.458,124.35,17.832,10.43
Delhi,28.6139,77.209,2024-07-02,2024,7,2,31.458,81.792,99.792,7.175,158.125,46.667,111.458,64.579,15.116,6.006
Delhi,28.6139,77.209,2024-07-03,2024,7,3,29.254,90.167,99.667,8.467,101.417,15.667,85.75,17.404,9.684,1.095
Delhi,28.6139,77.209,2024-07-04,2024,7,4,28.308,90.708,98.875,5.704,91.042,20.458,70.583,26.442,8.696,1.45
Delhi,28.6139,77.209,2024-07-05,2024,7,5,28.75,90.375,97.792,7.862,132.083,43.792,88.292,51.475,12.652,3.985
Delhi,28.6139,77.209,2024-07-06,2024,7,6,28.892,87.458,97.583,9.679,129.583,26.75,102.833,33.708,12.36,1.971
Delhi,28.6139,77.209,2024-07-07,2024,7,7,28.95,82.875,90.625,8.546,195.25,84.583,110.667,115.454,18.652,9.271
Delhi,28.6139,77.209,2024-07-08,2024,7,8,29.042,83.708,67.125,6.029,227.167,137.542,89.625,185.025,21.724,11.667
Delhi,28.6139,77.209,2024-07-09,2024,7,9,30.638,83.083,38.083,5.479,226.0,130.792,95.208,171.612,21.612,11.453
Delhi,28.6139,77.209,2024-07-10,2024,7,10,32.004,80.292,74.292,4.688,234.042,145.625,88.417,195.667,22.388,12.037
Delhi,28.6139,77.209,2024-07-11,2024,7,11,33.438,73.25,90.875,7.554,245.292,152.292,93.0,207.171,23.464,12.18
Delhi,28.6139,77.209,2024-07-12,2024,7,12,32.046,69.208,49.167,10.958,213.5,130.417,83.083,186.017,20.404,10.598
Delhi,28.6139,77.209,2024-07-13,2024,7,13,30.575,79.708,37.5,4.671,221.417,134.75,86.667,170.237,21.2,9.528
Delhi,28.6139,77.209,2024-07-14,2024,7,14,32.467,75.667,20.125,3.812,267.167,190.708,76.458,256.979,25.576,12.111
Delhi,28.6139,77.209,2024-07-15,2024,7,15,31.583,80.625,50.125,8.821,217.292,131.083,86.208,174.858,20.784,11.302
Delhi,28.6139,77.209,2024-07-16,2024,7,16,32.367,77.458,49.542,9.892,206.667,121.25,85.417,161.392,19.76,10.74
Delhi,28.6139,77.209,2024-07-17,2024,7,17,32.008,80.583,33.917,10.312,247.708,170.958,76.75,228.1,23.696,12.122
Delhi,28.6139,77.209,2024-07-18,2024,7,18,31.392,84.542,76.083,6.638,207.083,115.708,91.375,152.992,19.796,11.383
Delhi,28.6139,77.209,2024-07-19,2024,7,19,31.271,85.167,88.042,9.496,222.25,126.792,95.458,155.375,21.272,10.008
Delhi,28.6139,77.209,2024-07-20,2024,7,20,32.342,79.167,60.25,7.562,223.167,126.75,96.417,171.433,21.348,11.086
Delhi,28.6139,77.209,2024-07-21,2024,7,21,32.633,79.708,61.083,9.679,232.917,148.917,84.0,201.554,22.28,11.738
Delhi,28.6139,77.209,2024-07-22,2024,7,22,31.787,80.833,82.917,9.242,233.375,152.75,80.625,198.221,22.332,12.0
Delhi,28.6139,77.209,2024-07-23,2024,7,23,31.642,82.625,93.417,6.633,202.042,118.542,83.5,163.45,19.324,11.808
Delhi,28.6139,77.209,2024-07-24,2024,7,24,30.879,83.792,74.833,2.829,178.667,96.458,82.208,128.938,17.08,9.768
Delhi,28.6139,77.209,2024-07-25,2024,7,25,31.275,83.5,76.375,4.008,200.708,118.708,82.0,153.138,19.204,9.955
Delhi,28.6139,77.209,2024-07-26,2024,7,26,31.542,82.25,95.917,5.267,196.5,97.875,98.625,133.733,18.788,8.89
Delhi,28.6139,77.209,2024-07-27,2024,7,27,31.1,86.958,94.792,4.967,155.125,59.875,95.25,74.617,14.836,6.024
Delhi,28.6139,77.209,2024-07-28,2024,7,28,32.867,79.125,87.167,8.858,215.875,116.667,99.208,158.225,20.664,11.47
Delhi,28.6139,77.209,2024-07-29,2024,7,29,33.05,75.792,52.125,10.917,244.167,152.667,91.5,208.65,23.372,11.951
Delhi,28.6139,77.209,2024-07-30,2024,7,30,33.425,78.0,68.875,9.208,227.375,141.25,86.125,189.15,21.772,11.245
Delhi,28.6139,77.209,2024-07-31,2024,7,31,32.192,82.083,92.667,9.667,139.083,27.292,111.792,38.308,13.304,2.599
Delhi,28.6139,77.209,2024-08-01,2024,8,1,28.996,88.625,99.958,7.458,84.083,14.542,69.542,23.375,8.02,1.147
Delhi,28.6139,77.209,2024-08-02,2024,8,2,30.083,85.875,96.167,8.808,210.75,108.5,102.25,139.858,20.188,9.75
Delhi,28.6139,77.209,2024-08-03,2024,8,3,30.829,80.75,64.792,13.696,205.583,111.5,94.083,158.429,19.688,11.489
Delhi,28.6139,77.209,2024-08-04,2024,8,4,31.167,75.75,75.417,14.575,200.667,108.542,92.125,148.8,19.224,11.078
Delhi,28.6139,77.209,2024-08-05,2024,8,5,30.133,79.833,74.792,20.012,196.167,112.958,83.208,149.992,18.788,10.957
Delhi,28.6139,77.209,2024-08-06,2024,8,6,30.429,78.333,86.917,11.95,167.375,66.458,100.917,100.871,16.02,10.035
Delhi,28.6139,77.209,2024-08-07,2024,8,7,27.958,90.833,99.542,7.65,66.208,8.958,57.25,11.821,6.344,0.037
Delhi,28.6139,77.209,2024-08-08,2024,8,8,28.537,92.083,85.583,4.633,131.208,58.625,72.583,81.783,12.564,5.11
Delhi,28.6139,77.209,2024-08-09,2024,8,9,29.158,89.958,82.25,5.012,144.333,59.833,84.5,73.329,13.836,5.538
Delhi,28.6139,77.209,2024-08-10,2024,8,10,28.908,90.625,97.25,5.192,123.667,42.958,80.708,52.779,11.844,3.626
Delhi,28.6139,77.209,2024-08-11,2024,8,11,27.921,93.417,99.75,4.188,113.792,34.583,79.208,43.629,10.916,3.296
Delhi,28.6139,77.209,2024-08-12,2024,8,12,28.217,92.292,97.333,7.771,109.042,31.417,77.625,43.242,10.452,3.17
Delhi,28.6139,77.209,2024-08-13,2024,8,13,29.125,89.708,92.125,7.612,109.417,30.458,78.958,44.279,10.492,2.997
Delhi,28.6139,77.209,2024-08-14,2024,8,14,29.883,87.958,97.458,6.946,137.208,46.125,91.083,56.775,13.148,5.545
Delhi,28.6139,77.209,2024-08-15,2024,8,15,29.804,88.333,88.125,8.346,173.833,85.958,87.875,121.333,16.668,9.748
Delhi,28.6139,77.209,2024-08-16,2024,8,16,29.658,89.292,96.958,10.529,145.208,48.875,96.333,57.054,13.932,4.678
Delhi,28.6139,77.209,2024-08-17,2024,8,17,30.833,81.625,94.875,5.725,190.792,94.75,96.042,136.212,18.3,11.091
Delhi,28.6139,77.209,2024-08-18,2024,8,18,30.892,83.25,89.333,8.338,190.667,101.25,89.417,133.542,18.292,9.139
Delhi,28.6139,77.209,2024-08-19,2024,8,19,30.558,81.875,93.958,8.358,190.375,90.042,100.333,124.871,18.26,10.061
Delhi,28.6139,77.209,2024-08-20,2024,8,20,29.375,87.208,99.25,4.604,130.5,50.583,79.917,70.746,12.52,5.737
Delhi,28.6139,77.209,2024-08-21,2024,8,21,30.179,83.917,70.958,3.562,207.333,127.458,79.875,166.392,19.892,10.219
Delhi,28.6139,77.209,2024-08-22,2024,8,22,30.471,83.792,66.542,3.8,207.542,137.583,69.958,183.658,19.912,11.115
Delhi,28.6139,77.209,2024-08-23,2024,8,23,28.842,89.0,70.167,2.638,165.917,75.917,90.0,95.038,15.92,7.689
Delhi,28.6139,77.209,2024-08-24,2024,8,24,30.208,86.25,50.25,4.942,205.667,118.833,86.833,157.954,19.74,10.485
Delhi,28.6139,77.209,2024-08-25,2024,8,25,30.775,79.792,44.542,13.996,228.625,158.292,70.333,217.471,21.94,11.556
Delhi,28.6139,77.209,2024-08-26,2024,8,26,30.042,82.208,53.0,15.146,204.875,125.917,78.958,174.329,19.664,11.042
Delhi,28.6139,77.209,2024-08-27,2024,8,27,28.662,88.875,92.75,14.767,164.375,78.292,86.083,102.258,15.776,7.356
Delhi,28.6139,77.209,2024-08-28,2024,8,28,28.217,90.167,93.583,10.496,136.208,63.542,72.667,82.0,13.072,5.241
Delhi,28.6139,77.209,2024-08-29,2024,8,29,28.104,90.083,84.583,10.612,130.5,54.167,76.333,81.388,12.524,6.773
Delhi,28.6139,77.209,2024-08-30,2024,8,30,30.262,83.333,67.5,5.012,198.917,116.958,81.958,171.992,19.092,11.371
Delhi,28.6139,77.209,2024-08-31,2024,8,31,30.967,80.542,20.583,7.679,223.417,147.75,75.667,212.712,21.448,11.563
Delhi,28.6139,77.209,2024-09-01,2024,9,1,31.254,80.625,43.375,7.117,221.625,154.542,67.083,219.112,21.272,11.133
Delhi,28.6139,77.209,2024-09-02,2024,9,2,29.754,85.958,66.167,10.725,158.375,82.75,75.625,113.05,15.204,6.745
Delhi,28.6139,77.209,2024-09-03,2024,9,3,29.7,86.458,79.708,7.725,185.0,103.25,81.75,140.867,17.76,9.315
Delhi,28.6139,77.209,2024-09-04,2024,9,4,27.692,91.583,93.667,4.692,161.083,76.583,84.5,112.729,15.464,9.968
Delhi,28.6139,77.209,2024-09-05,2024,9,5,28.546,86.75,65.958,3.438,142.0,70.417,71.583,105.142,13.632,7.629
Delhi,28.6139,77.209,2024-09-06,2024,9,6,28.183,89.833,87.5,7.654,128.917,53.208,75.708,80.642,12.376,8.566
Delhi,28.6139,77.209,2024-09-07,2024,9,7,27.679,92.375,95.292,5.087,93.375,17.0,76.375,25.012,8.964,1.115
Delhi,28.6139,77.209,2024-09-08,2024,9,8,28.525,89.875,91.375,5.575,177.583,98.833,78.75,136.475,17.048,8.713
Delhi,28.6139,77.209,2024-09-09,2024,9,9,29.713,86.458,86.292,5.296,174.417,91.708,82.708,124.471,16.744,7.598
Delhi,28.6139,77.209,2024-09-10,2024,9,10,28.817,88.167,93.167,4.604,147.833,63.167,84.667,96.888,14.192,5.881
Delhi,28.6139,77.209,2024-09-11,2024,9,11,28.208,90.875,94.458,7.621,117.125,39.25,77.875,60.867,11.244,5.174
Delhi,28.6139,77.209,2024-09-12,2024,9,12,25.979,94.75,100.0,15.817,28.542,2.917,25.625,5.05,2.66,0.0
Delhi,28.6139,77.209,2024-09-13,2024,9,13,25.208,94.875,99.0,10.454,63.667,11.167,52.5,15.712,6.044,0.761
Delhi,28.6139,77.209,2024-09-14,2024,9,14,27.483,85.125,46.292,8.871,209.417,138.625,70.792,205.662,19.98,11.405
Delhi,28.6139,77.209,2024-09-15,2024,9,15,28.362,80.875,23.875,9.529,210.042,141.083,68.958,205.492,20.036,11.385
Delhi,28.6139,77.209,2024-09-16,2024,9,16,29.017,76.792,14.792,11.721,225.375,162.042,63.333,242.671,21.496,11.377
Delhi,28.6139,77.209,2024-09-17,2024,9,17,28.488,81.583,37.917,6.225,164.958,89.833,75.125,132.712,15.74,9.931
Delhi,28.6139,77.209,2024-09-18,2024,9,18,25.492,91.833,99.75,12.554,79.333,16.375,62.958,24.458,7.6,2.009
Delhi,28.6139,77.209,2024-09-19,2024,9,19,27.188,88.292,43.042,9.983,164.917,93.333,71.583,142.192,15.724,10.539
Delhi,28.6139,77.209,2024-09-20,2024,9,20,28.713,81.375,53.167,5.262,193.208,102.792,90.417,161.454,18.452,10.899
Delhi,28.6139,77.209,2024-09-21,2024,9,21,30.025,75.958,43.292,4.238,200.75,123.833,76.917,189.025,19.16,11.282
Delhi,28.6139,77.209,2024-09-22,2024,9,22,30.771,78.333,47.75,5.283,168.917,89.958,78.958,127.288,16.12,9.472
Delhi,28.6139,77.209,2024-09-23,2024,9,23,30.812,79.708,3.75,5.862,233.417,171.0,62.417,259.804,22.312,11.157
Delhi,28.6139,77.209,2024-09-24,2024,9,24,31.179,79.542,6.625,3.742,218.625,149.458,69.167,232.4,20.896,11.167
Delhi,28.6139,77.209,2024-09-25,2024,9,25,30.404,83.625,34.875,8.846,179.917,111.833,68.083,174.171,17.2,11.0
Delhi,28.6139,77.209,2024-09-26,2024,9,26,29.054,85.458,44.667,10.492,187.833,118.083,69.75,172.792,17.96,10.079
Delhi,28.6139,77.209,2024-09-27,2024,9,27,28.458,82.292,30.375,12.421,183.208,110.708,72.5,173.462,17.52,11.0
Delhi,28.6139,77.209,2024-09-28,2024,9,28,27.296,84.458,65.542,8.654,152.75,60.125,92.625,96.308,14.604,7.858
Delhi,28.6139,77.209,2024-09-29,2024,9,29,28.104,83.875,50.167,6.958,190.667,116.333,74.333,185.588,18.244,10.028
Delhi,28.6139,77.209,2024-09-30,2024,9,30,29.275,80.542,38.542,8.429,211.083,138.5,72.583,224.013,20.204,11.007
Delhi,28.6139,77.209,2024-10-01,2024,10,1,29.746,80.5,3.167,9.154,228.667,171.167,57.5,271.092,21.9,11.0
Delhi,28.6139,77.209,2024-10-02,2024,10,2,30.125,78.917,0.0,8.246,232.583,177.833,54.75,282.575,22.272,11.027
Delhi,28.6139,77.209,2024-10-03,2024,10,3,29.958,69.875,0.0,8.575,236.458,183.0,53.458,293.162,22.648,11.0
Delhi,28.6139,77.209,2024-10-04,2024,10,4,29.533,76.083,1.167,7.967,231.833,178.292,53.542,285.771,22.208,11.0
Delhi,28.6139,77.209,2024-10-05,2024,10,5,29.771,73.792,12.583,9.671,219.583,165.708,53.875,263.575,21.044,11.0
Delhi,28.6139,77.209,2024-10-06,2024,10,6,29.171,72.583,7.0,6.671,221.75,167.792,53.958,271.188,21.256,11.0
Delhi,28.6139,77.209,2024-10-07,2024,10,7,28.217,73.958,0.0,6.663,229.208,177.208,52.0,289.125,21.968,11.0
Delhi,28.6139,77.209,2024-10-08,2024,10,8,28.175,74.458,3.625,5.342,218.583,163.583,55.0,270.921,20.952,11.0
Delhi,28.6139,77.209,2024-10-09,2024,10,9,27.608,73.292,3.917,6.458,225.875,174.417,51.458,287.012,21.656,11.0
Delhi,28.6139,77.209,2024-10-10,2024,10,10,27.292,66.875,3.875,8.975,224.667,174.0,50.667,286.796,21.544,11.0
Delhi,28.6139,77.209,2024-10-11,2024,10,11,26.062,68.625,3.125,9.096,228.458,178.25,50.208,297.2,21.908,11.0
Delhi,28.6139,77.209,2024-10-12,2024,10,12,26.433,69.25,2.542,7.296,225.5,175.25,50.25,293.471,21.628,11.0
Delhi,28.6139,77.209,2024-10-13,2024,10,13,27.058,69.292,31.375,5.142,201.167,137.917,63.25,224.871,19.3,11.0
Delhi,28.6139,77.209,2024-10-14,2024,10,14,27.183,65.625,23.625,6.821,223.042,173.917,49.125,294.021,21.396,11.0
Delhi,28.6139,77.209,2024-10-15,2024,10,15,25.954,64.417,0.0,8.396,220.958,171.875,49.083,292.183,21.196,11.0
Delhi,28.6139,77.209,2024-10-16,2024,10,16,26.354,66.708,47.5,6.158,203.25,138.875,64.375,233.742,19.504,10.231
Delhi,28.6139,77.209,2024-10-17,2024,10,17,26.821,71.458,28.917,5.867,205.708,150.292,55.417,253.429,19.736,11.0
Delhi,28.6139,77.209,2024-10-18,2024,10,18,27.071,71.375,0.0,6.125,214.667,167.125,47.542,288.379,20.596,11.0
Delhi,28.6139,77.209,2024-10-19,2024,10,19,27.062,72.75,1.292,6.183,212.958,166.5,46.458,287.883,20.436,11.0
Delhi,28.6139,77.209,2024-10-20,2024,10,20,27.283,75.083,3.292,6.646,206.833,159.083,47.75,272.975,19.848,11.0
Delhi,28.6139,77.209,2024-10-21,2024,10,21,26.65,76.0,1.5,5.954,207.833,160.833,47.0,281.346,19.944,11.0
Delhi,28.6139,77.209,2024-10-22,2024,10,22,26.129,75.833,0.625,6.538,207.667,160.75,46.917,283.438,19.932,10.999
Delhi,28.6139,77.209,2024-10-23,2024,10,23,26.046,73.0,4.042,9.083,199.542,153.625,45.917,269.446,19.152,10.988
Delhi,28.6139,77.209,2024-10-24,2024,10,24,25.996,68.958,0.0,10.208,209.875,165.292,44.583,295.358,20.144,10.977
Delhi,28.6139,77.209,2024-10-25,2024,10,25,25.417,69.333,0.0,10.192,207.458,162.75,44.708,291.896,19.912,10.965
Delhi,28.6139,77.209,2024-10-26,2024,10,26,24.988,72.0,0.0,8.712,206.667,162.625,44.042,293.0,19.836,10.954
Delhi,28.6139,77.209,2024-10-27,2024,10,27,25.742,77.25,0.75,6.879,201.5,156.583,44.917,282.621,19.344,10.942
Delhi,28.6139,77.209,2024-10-28,2024,10,28,25.908,77.583,2.792,7.046,195.708,150.083,45.625,273.283,18.788,10.931
Delhi,28.6139,77.209,2024-10-29,2024,10,29,26.654,76.958,0.083,5.762,196.833,153.083,43.75,279.238,18.896,10.919
Delhi,28.6139,77.209,2024-10-30,2024,10,30,27.083,73.625,0.792,6.167,198.25,156.167,42.083,286.671,19.032,10.907
Delhi,28.6139,77.209,2024-10-31,2024,10,31,26.208,69.625,0.0,9.808,198.417,156.458,41.958,289.717,19.048,10.895
Delhi,28.6139,77.209,2024-11-01,2024,11,1,24.95,61.167,0.0,10.067,202.042,160.292,41.75,298.933,19.396,10.883
Delhi,28.6139,77.209,2024-11-02,2024,11,2,24.079,67.667,0.042,6.433,197.375,155.75,41.625,291.675,18.948,10.871
Delhi,28.6139,77.209,2024-11-03,2024,11,3,23.654,68.333,0.0,6.221,194.583,153.042,41.542,287.629,18.68,10.859
Delhi,28.6139,77.209,2024-11-04,2024,11,4,23.075,72.208,0.0,6.371,193.75,152.875,40.875,289.121,18.6,10.841
Delhi,28.6139,77.209,2024-11-05,2024,11,5,23.225,76.5,0.875,6.654,188.792,147.417,41.375,280.262,18.124,10.817
Delhi,28.6139,77.209,2024-11-06,2024,11,6,23.671,78.5,13.875,5.592,186.833,145.292,41.542,276.704,17.936,10.794
Delhi,28.6139,77.209,2024-11-07,2024,11,7,23.908,78.792,4.917,5.571,177.375,132.75,44.625,255.371,17.028,10.771
Delhi,28.6139,77.209,2024-11-08,2024,11,8,24.05,78.875,4.542,5.642,182.125,140.083,42.042,268.062,17.484,10.748
Delhi,28.6139,77.209,2024-11-09,2024,11,9,24.438,77.042,4.0,7.512,167.375,124.25,43.125,241.2,16.068,10.726
Delhi,28.6139,77.209,2024-11-10,2024,11,10,24.521,76.583,9.125,5.429,181.125,141.292,39.833,273.804,17.388,10.704
Delhi,28.6139,77.209,2024-11-11,2024,11,11,24.108,78.417,26.292,5.246,168.125,122.125,46.0,238.183,15.96,10.326
Delhi,28.6139,77.209,2024-11-12,2024,11,12,23.808,75.875,14.792,6.617,178.375,137.833,40.542,269.029,16.928,10.639
Delhi,28.6139,77.209,2024-11-13,2024,11,13,21.579,80.708,1.417,8.162,181.208,141.125,40.083,280.608,17.188,10.639
Delhi,28.6139,77.209,2024-11-14,2024,11,14,21.446,80.792,14.083,4.646,178.5,140.458,38.042,277.529,16.936,10.617
Delhi,28.6139,77.209,2024-11-15,2024,11,15,21.537,78.042,13.208,7.146,174.042,135.458,38.583,269.138,16.516,10.563
Delhi,28.6139,77.209,2024-11-16,2024,11,16,21.292,76.708,1.792,7.579,177.167,139.292,37.875,278.412,16.832,10.564
Delhi,28.6139,77.209,2024-11-17,2024,11,17,20.458,80.542,7.875,7.85,164.625,122.25,42.375,250.192,15.624,10.408
Delhi,28.6139,77.209,2024-11-18,2024,11,18,18.629,80.708,13.583,9.05,169.292,126.458,42.833,256.4,16.072,10.41
Delhi,28.6139,77.209,2024-11-19,2024,11,19,17.996,75.542,0.292,8.196,179.292,142.375,36.917,289.512,17.024,10.412
Delhi,28.6139,77.209,2024-11-20,2024,11,20,18.121,70.333,0.0,6.579,180.417,144.25,36.167,294.958,17.132,10.415
Delhi,28.6139,77.209,2024-11-21,2024,11,21,18.008,69.667,0.0,7.05,179.625,143.667,35.958,294.962,17.056,10.338
Delhi,28.6139,77.209,2024-11-22,2024,11,22,18.754,71.333,0.0,5.329,175.292,139.375,35.917,286.975,16.648,10.262
Delhi,28.6139,77.209,2024-11-23,2024,11,23,19.192,71.375,0.0,5.329,171.625,136.083,35.542,281.362,16.304,10.265
Delhi,28.6139,77.209,2024-11-24,2024,11,24,19.317,68.875,0.0,9.1,172.5,137.458,35.042,284.938,16.384,10.189
Delhi,28.6139,77.209,2024-11-25,2024,11,25,19.196,72.208,1.625,9.842,171.833,136.125,35.708,282.392,16.324,10.113
Delhi,28.6139,77.209,2024-11-26,2024,11,26,18.342,70.125,0.0,8.425,173.125,138.167,34.958,289.383,16.444,10.118
Delhi,28.6139,77.209,2024-11-27,2024,11,27,17.758,70.792,0.0,7.121,173.75,139.083,34.667,292.896,16.5,10.123
Delhi,28.6139,77.209,2024-11-28,2024,11,28,17.404,70.333,0.0,5.979,173.792,139.167,34.625,294.267,16.508,10.128
Delhi,28.6139,77.209,2024-11-29,2024,11,29,17.179,73.417,1.375,5.192,171.333,136.75,34.583,289.454,16.276,10.053
Delhi,28.6139,77.209,2024-11-30,2024,11,30,17.075,73.417,0.0,7.438,168.792,134.708,34.083,285.688,16.032,9.979
Delhi,28.6139,77.209,2024-12-01,2024,12,1,17.646,70.875,0.0,6.667,165.5,131.375,34.125,279.517,15.72,9.985
Delhi,28.6139,77.209,2024-12-02,2024,12,2,17.979,72.792,0.0,7.367,167.75,134.042,33.708,286.508,15.932,9.992
Delhi,28.6139,77.209,2024-12-03,2024,12,3,18.229,71.25,0.292,7.95,167.167,134.125,33.042,287.362,15.876,9.919
Delhi,28.6139,77.209,2024-12-04,2024,12,4,18.858,62.667,0.0,12.925,167.917,134.583,33.333,289.717,15.944,9.927
Delhi,28.6139,77.209,2024-12-05,2024,12,5,16.571,57.667,0.0,10.496,171.875,138.417,33.458,299.283,16.32,9.935
Delhi,28.6139,77.209,2024-12-06,2024,12,6,15.987,60.958,0.0,10.367,169.792,136.375,33.417,295.896,16.12,9.944
Delhi,28.6139,77.209,2024-12-07,2024,12,7,14.858,67.958,0.0,6.312,169.5,136.208,33.292,295.825,16.092,9.871
Delhi,28.6139,77.209,2024-12-08,2024,12,8,15.825,65.625,19.0,10.683,151.292,113.792,37.5,242.375,14.396,9.881
Delhi,28.6139,77.209,2024-12-09,2024,12,9,15.071,72.583,1.375,6.629,165.25,131.458,33.792,286.238,15.692,9.89
Delhi,28.6139,77.209,2024-12-10,2024,12,10,14.004,63.542,0.0,11.275,169.0,136.167,32.833,298.738,16.036,9.9
Delhi,28.6139,77.209,2024-12-11,2024,12,11,12.971,54.75,0.0,10.775,172.167,139.417,32.75,306.938,16.336,9.91
Delhi,28.6139,77.209,2024-12-12,2024,12,12,13.046,60.958,0.208,9.917,170.5,137.875,32.625,303.233,16.176,9.856
Delhi,28.6139,77.209,2024-12-13,2024,12,13,14.083,57.583,3.75,14.688,172.125,139.542,32.583,307.729,16.324,9.861
Delhi,28.6139,77.209,2024-12-14,2024,12,14,13.812,54.458,0.0,12.2,170.667,138.25,32.417,305.738,16.184,9.866
Delhi,28.6139,77.209,2024-12-15,2024,12,15,12.558,65.042,0.0,7.629,171.25,138.75,32.5,307.404,16.232,9.872
Delhi,28.6139,77.209,2024-12-16,2024,12,16,12.629,73.583,0.0,6.883,170.042,137.5,32.542,304.992,16.116,9.881
Delhi,28.6139,77.209,2024-12-17,2024,12,17,13.121,76.667,0.0,5.192,167.75,135.292,32.458,299.146,15.896,9.884
Delhi,28.6139,77.209,2024-12-18,2024,12,18,12.667,78.5,0.0,6.238,168.083,135.458,32.625,299.725,15.924,9.89
Delhi,28.6139,77.209,2024-12-19,2024,12,19,13.179,76.542,0.0,8.071,165.542,133.125,32.417,294.279,15.684,9.897
Delhi,28.6139,77.209,2024-12-20,2024,12,20,14.329,78.708,11.125,6.467,144.708,101.625,43.083,229.896,13.692,9.905
Delhi,28.6139,77.209,2024-12-21,2024,12,21,14.179,77.375,0.0,7.583,164.125,131.833,32.292,291.983,15.54,9.913
Delhi,28.6139,77.209,2024-12-22,2024,12,22,14.071,77.125,29.458,5.496,164.042,130.917,33.125,285.646,15.524,9.921
Delhi,28.6139,77.209,2024-12-23,2024,12,23,13.75,80.375,47.0,10.167,94.667,50.167,44.5,108.925,8.964,8.977
Delhi,28.6139,77.209,2024-12-24,2024,12,24,15.208,79.792,40.5,8.008,138.958,102.667,36.292,215.588,13.34,9.94
Delhi,28.6139,77.209,2024-12-25,2024,12,25,14.85,82.458,8.292,6.975,156.333,122.667,33.667,267.267,15.008,9.95
Delhi,28.6139,77.209,2024-12-26,2024,12,26,15.237,80.208,19.958,5.804,162.458,130.167,32.292,286.621,15.596,9.96
Delhi,28.6139,77.209,2024-12-27,2024,12,27,14.529,91.625,91.583,10.142,44.458,9.083,35.375,24.1,4.268,1.734
Delhi,28.6139,77.209,2024-12-28,2024,12,28,15.021,96.417,69.042,7.271,41.125,9.333,31.792,19.746,3.948,1.022
Delhi,28.6139,77.209,2024-12-29,2024,12,29,13.829,92.708,67.583,11.013,140.458,89.333,51.125,201.492,13.484,9.992
Delhi,28.6139,77.209,2024-12-30,2024,12,30,12.496,91.833,41.917,10.104,149.458,100.75,48.708,236.867,14.348,10.0
Delhi,28.6139,77.209,2024-12-31,2024,12,31,11.329,91.833,53.75,4.846,118.292,60.083,58.208,135.308,11.356,6.271
Delhi,28.6139,77.209,2025-01-01,2025,1,1,11.321,85.208,27.625,7.663,166.083,133.833,32.25,290.625,15.944,10.0
Delhi,28.6139,77.209,2025-01-02,2025,1,2,11.604,87.875,85.833,9.008,163.875,126.375,37.5,267.542,15.732,10.0
Delhi,28.6139,77.209,2025-01-03,2025,1,3,12.033,87.75,63.125,7.017,158.5,107.292,51.208,236.496,15.216,10.0
Delhi,28.6139,77.209,2025-01-04,2025,1,4,12.321,91.333,22.5,6.638,168.667,134.958,33.708,297.467,16.192,10.0
Delhi,28.6139,77.209,2025-01-05,2025,1,5,11.783,92.583,42.542,9.3,128.917,72.167,56.75,157.842,12.376,6.759
Delhi,28.6139,77.209,2025-01-06,2025,1,6,12.608,90.208,58.333,6.738,115.708,57.792,57.917,124.917,11.108,6.683
Delhi,28.6139,77.209,2025-01-07,2025,1,7,12.746,89.25,30.75,11.312,159.833,113.5,46.333,259.138,15.344,10.0
Delhi,28.6139,77.209,2025-01-08,2025,1,8,12.875,77.5,0.0,11.696,173.083,140.583,32.5,304.562,16.612,10.0
Delhi,28.6139,77.209,2025-01-09,2025,1,9,12.508,77.292,0.708,6.246,175.208,142.292,32.917,307.662,16.816,10.0
Delhi,28.6139,77.209,2025-01-10,2025,1,10,11.096,86.542,3.792,7.3,174.625,140.333,34.292,300.658,16.76,10.0
Delhi,28.6139,77.209,2025-01-11,2025,1,11,12.354,87.417,43.417,9.967,136.75,81.5,55.25,176.621,13.124,9.248
Delhi,28.6139,77.209,2025-01-12,2025,1,12,13.338,92.5,57.167,5.271,113.458,63.042,50.417,141.375,10.888,10.0
Delhi,28.6139,77.209,2025-01-13,2025,1,13,13.438,89.75,30.333,10.433,172.792,138.25,34.542,292.925,16.584,10.0
Delhi,28.6139,77.209,2025-01-14,2025,1,14,13.017,86.0,0.125,7.925,178.292,145.0,33.292,308.046,17.108,10.0
Delhi,28.6139,77.209,2025-01-15,2025,1,15,11.579,92.583,71.083,7.196,130.833,66.167,64.667,137.904,12.556,7.36
Delhi,28.6139,77.209,2025-01-16,2025,1,16,13.538,89.417,80.458,4.375,139.583,89.625,49.958,186.429,13.392,9.521
Delhi,28.6139,77.209,2025-01-17,2025,1,17,12.638,87.542,4.667,9.704,182.375,148.375,34.0,312.175,17.496,10.0
Delhi,28.6139,77.209,2025-01-18,2025,1,18,11.938,89.125,56.917,5.217,144.667,70.208,74.458,151.013,13.876,7.741
Delhi,28.6139,77.209,2025-01-19,2025,1,19,15.112,85.625,30.708,6.525,176.292,141.083,35.208,290.267,16.912,10.0
Delhi,28.6139,77.209,2025-01-20,2025,1,20,16.729,82.667,2.125,11.058,180.25,145.167,35.083,298.1,17.288,10.0
Delhi,28.6139,77.209,2025-01-21,2025,1,21,16.258,75.292,2.958,11.288,183.75,149.125,34.625,308.075,17.624,10.0
Delhi,28.6139,77.209,2025-01-22,2025,1,22,16.312,75.125,10.167,7.117,184.75,151.042,33.708,308.046,17.72,10.0
Delhi,28.6139,77.209,2025-01-23,2025,1,23,16.575,73.458,12.042,9.288,176.167,140.375,35.792,283.492,16.892,10.0
Delhi,28.6139,77.209,2025-01-24,2025,1,24,15.7,65.625,0.0,12.8,191.375,156.333,35.042,318.346,18.348,10.0
Delhi,28.6139,77.209,2025-01-25,2025,1,25,14.983,60.333,0.0,11.912,196.417,161.208,35.208,327.546,18.828,10.0
Delhi,28.6139,77.209,2025-01-26,2025,1,26,13.725,66.417,0.0,10.038,198.875,163.208,35.667,330.225,19.064,10.0
Delhi,28.6139,77.209,2025-01-27,2025,1,27,13.271,71.708,0.0,8.758,199.125,163.167,35.958,328.742,19.084,10.048
Delhi,28.6139,77.209,2025-01-28,2025,1,28,14.508,68.792,0.0,6.392,199.208,163.0,36.208,326.167,19.092,10.041
Delhi,28.6139,77.209,2025-01-29,2025,1,29,15.254,74.625,1.958,9.462,192.417,154.667,37.75,303.762,18.436,10.033
Delhi,28.6139,77.209,2025-01-30,2025,1,30,16.508,79.167,0.0,8.308,192.125,155.333,36.792,305.721,18.408,10.026
Delhi,28.6139,77.209,2025-01-31,2025,1,31,17.017,81.125,17.875,5.821,191.917,150.375,41.542,288.167,18.384,10.096
Delhi,28.6139,77.209,2025-02-01,2025,2,1,17.321,83.708,14.25,7.108,184.625,147.292,37.333,280.404,17.696,10.0
Delhi,28.6139,77.209,2025-02-02,2025,2,2,17.075,78.792,10.833,10.133,194.167,155.875,38.292,300.975,18.592,10.082
Delhi,28.6139,77.209,2025-02-03,2025,2,3,15.858,70.75,5.25,8.233,204.042,166.417,37.625,321.638,19.54,10.151
Delhi,28.6139,77.209,2025-02-04,2025,2,4,17.067,77.042,47.0,5.462,129.542,76.417,53.125,147.192,12.396,9.914
Delhi,28.6139,77.209,2025-02-05,2025,2,5,16.275,70.792,4.042,11.746,207.667,169.083,38.583,322.604,19.876,10.213
Delhi,28.6139,77.209,2025-02-06,2025,2,6,15.904,57.458,0.0,15.675,213.542,174.792,38.75,333.471,20.436,10.282
Delhi,28.6139,77.209,2025-02-07,2025,2,7,15.483,56.0,0.792,16.154,213.25,174.25,39.0,330.383,20.404,10.275
Delhi,28.6139,77.209,2025-02-08,2025,2,8,16.175,59.333,9.292,12.338,209.833,171.167,38.667,321.367,20.084,10.191
Delhi,28.6139,77.209,2025-02-09,2025,2,9,16.504,66.708,3.375,8.108,211.208,168.542,42.667,316.929,20.204,10.336
Delhi,28.6139,77.209,2025-02-10,2025,2,10,16.983,71.5,16.542,8.225,201.833,153.292,48.542,279.562,19.3,10.328
Delhi,28.6139,77.209,2025-02-11,2025,2,11,18.479,72.667,1.958,6.458,210.792,170.833,39.958,315.629,20.156,10.349
Delhi,28.6139,77.209,2025-02-12,2025,2,12,18.388,62.542,4.208,13.896,217.042,176.708,40.333,325.15,20.748,10.487
Delhi,28.6139,77.209,2025-02-13,2025,2,13,17.854,52.417,0.0,17.125,222.208,181.583,40.625,333.121,21.24,10.547
Delhi,28.6139,77.209,2025-02-14,2025,2,14,17.608,53.125,11.0,14.712,216.0,173.625,42.375,315.629,20.644,10.533
Delhi,28.6139,77.209,2025-02-15,2025,2,15,17.988,60.917,19.625,7.675,212.792,169.042,43.75,307.508,20.332,10.517
Delhi,28.6139,77.209,2025-02-16,2025,2,16,18.771,68.542,45.917,5.3,198.542,138.0,60.542,238.217,18.984,9.384
Delhi,28.6139,77.209,2025-02-17,2025,2,17,18.996,70.625,17.458,5.854,218.75,177.125,41.625,313.388,20.896,10.578
Delhi,28.6139,77.209,2025-02-18,2025,2,18,19.125,66.833,43.125,8.242,210.708,156.167,54.542,277.308,20.116,10.699
Delhi,28.6139,77.209,2025-02-19,2025,2,19,19.033,63.625,70.625,7.292,194.792,116.417,78.375,201.583,18.608,10.234
Delhi,28.6139,77.209,2025-02-20,2025,2,20,19.183,75.667,28.458,13.642,182.875,134.083,48.792,210.5,17.484,9.201
Delhi,28.6139,77.209,2025-02-21,2025,2,21,19.125,74.458,39.75,7.329,216.542,166.542,50.0,282.95,20.68,10.428
Delhi,28.6139,77.209,2025-02-22,2025,2,22,17.846,75.708,6.417,10.796,223.792,179.0,44.792,313.092,21.36,10.952
Delhi,28.6139,77.209,2025-02-23,2025,2,23,18.179,70.958,0.0,7.812,232.042,188.667,43.375,328.037,22.14,11.029
Delhi,28.6139,77.209,2025-02-24,2025,2,24,18.388,72.375,14.125,7.921,234.917,191.292,43.625,331.45,22.412,11.105
Delhi,28.6139,77.209,2025-02-25,2025,2,25,19.417,71.583,35.833,6.837,210.958,150.625,60.333,243.862,20.116,9.741
Delhi,28.6139,77.209,2025-02-26,2025,2,26,21.821,73.25,70.083,6.304,199.708,144.208,55.5,208.704,19.084,7.99
Delhi,28.6139,77.209,2025-02-27,2025,2,27,20.908,75.625,94.875,11.679,120.25,26.417,93.833,40.212,11.5,2.825
Delhi,28.6139,77.209,2025-02-28,2025,2,28,20.696,77.458,62.458,13.088,160.583,86.667,73.917,148.042,15.28,7.936
Delhi,28.6139,77.209,2025-03-01,2025,3,1,20.662,83.542,48.125,10.775,188.542,131.667,56.875,220.292,17.956,11.04
Delhi,28.6139,77.209,2025-03-02,2025,3,2,19.767,68.542,3.125,10.571,246.625,201.75,44.875,339.287,23.496,11.41
Delhi,28.6139,77.209,2025-03-03,2025,3,3,20.346,60.0,6.917,6.367,241.708,196.75,44.958,327.012,23.052,11.512
Delhi,28.6139,77.209,2025-03-04,2025,3,4,20.725,58.042,5.917,16.021,248.417,201.417,47.0,336.25,23.664,11.541
Delhi,28.6139,77.209,2025-03-05,2025,3,5,18.071,48.833,0.0,23.308,260.75,214.792,45.958,358.596,24.832,11.569
Delhi,28.6139,77.209,2025-03-06,2025,3,6,19.25,47.125,0.0,16.642,258.958,213.125,45.833,353.517,24.66,11.597
Delhi,28.6139,77.209,2025-03-07,2025,3,7,19.325,60.917,0.0,9.371,256.042,210.375,45.667,347.125,24.38,11.625
Delhi,28.6139,77.209,2025-03-08,2025,3,8,21.642,54.708,0.208,9.242,259.875,213.75,46.125,351.4,24.74,11.653
Delhi,28.6139,77.209,2025-03-09,2025,3,9,22.871,59.417,28.167,8.562,253.958,205.5,48.458,333.65,24.176,11.681
Delhi,28.6139,77.209,2025-03-10,2025,3,10,23.775,60.083,47.083,10.875,247.125,194.875,52.25,303.729,23.544,11.192
Delhi,28.6139,77.209,2025-03-11,2025,3,11,24.717,66.167,49.542,6.221,245.167,184.833,60.333,296.854,23.388,10.849
Delhi,28.6139,77.209,2025-03-12,2025,3,12,24.579,64.667,51.75,10.629,253.292,199.917,53.375,319.112,24.12,11.661
Delhi,28.6139,77.209,2025-03-13,2025,3,13,24.875,66.042,40.167,6.4,245.458,190.875,54.583,305.608,23.356,11.795
Delhi,28.6139,77.209,2025-03-14,2025,3,14,24.729,67.667,38.917,6.779,241.5,188.375,53.125,296.088,23.024,11.823
Delhi,28.6139,77.209,2025-03-15,2025,3,15,24.592,59.917,27.625,12.679,243.458,173.5,69.958,274.821,23.188,11.852
Delhi,28.6139,77.209,2025-03-16,2025,3,16,23.892,58.042,11.0,10.8,247.0,190.458,56.542,302.625,23.468,11.881
Delhi,28.6139,77.209,2025-03-17,2025,3,17,22.392,60.333,3.708,10.421,255.5,203.333,52.167,328.871,24.528,11.91
Delhi,28.6139,77.209,2025-03-18,2025,3,18,22.638,56.458,0.667,10.046,274.417,225.625,48.792,357.192,26.344,11.939
Delhi,28.6139,77.209,2025-03-19,2025,3,19,23.583,54.208,7.958,9.412,270.667,221.292,49.375,344.725,25.984,11.965
Delhi,28.6139,77.209,2025-03-20,2025,3,20,24.45,52.333,8.708,9.058,262.042,204.625,57.417,320.621,25.156,11.975
Delhi,28.6139,77.209,2025-03-21,2025,3,21,24.233,49.125,1.375,11.833,276.708,227.625,49.083,356.642,26.564,11.984
Delhi,28.6139,77.209,2025-03-22,2025,3,22,24.188,49.417,7.125,8.958,266.375,211.208,55.167,328.888,25.572,11.993
Delhi,28.6139,77.209,2025-03-23,2025,3,23,24.454,51.167,0.0,4.967,281.875,232.042,49.833,360.738,27.06,12.0
Delhi,28.6139,77.209,2025-03-24,2025,3,24,25.583,50.667,0.0,7.983,281.625,231.667,49.958,359.029,27.036,12.0
Delhi,28.6139,77.209,2025-03-25,2025,3,25,26.617,51.292,0.0,8.292,281.958,231.917,50.042,357.692,27.068,12.0
Delhi,28.6139,77.209,2025-03-26,2025,3,26,28.925,46.375,0.0,6.829,283.875,233.458,50.417,358.729,27.252,12.0
Delhi,28.6139,77.209,2025-03-27,2025,3,27,28.225,47.375,24.125,10.171,270.708,204.083,66.625,312.483,25.988,12.0
Delhi,28.6139,77.209,2025-03-28,2025,3,28,25.575,37.625,0.083,16.721,295.458,243.917,51.542,372.946,28.364,12.0
Delhi,28.6139,77.209,2025-03-29,2025,3,29,22.633,31.333,79.833,17.675,258.5,154.333,104.167,235.383,24.816,10.55
Delhi,28.6139,77.209,2025-03-30,2025,3,30,23.879,34.333,9.0,13.538,297.792,242.542,55.25,369.704,28.588,12.0
Delhi,28.6139,77.209,2025-03-31,2025,3,31,25.183,35.167,0.0,11.162,299.875,247.292,52.583,375.096,28.788,12.0
Delhi,28.6139,77.209,2025-04-01,2025,4,1,25.683,33.0,0.0,11.867,302.208,249.25,52.958,376.908,29.012,12.0
Delhi,28.6139,77.209,2025-04-02,2025,4,2,26.154,38.083,0.0,9.771,302.042,248.958,53.083,375.679,28.996,12.0
Delhi,28.6139,77.209,2025-04-03,2025,4,3,27.896,36.875,15.958,6.742,293.25,230.833,62.417,347.658,28.152,12.0
Delhi,28.6139,77.209,2025-04-04,2025,4,4,28.65,35.792,2.667,9.108,297.042,244.208,52.833,365.338,28.512,12.0
Delhi,28.6139,77.209,2025-04-05,2025,4,5,28.225,36.25,0.083,11.658,300.667,247.333,53.333,369.312,28.86,12.0
Delhi,28.6139,77.209,2025-04-06,2025,4,6,29.046,38.292,0.0,8.404,299.125,245.875,53.25,365.483,28.712,12.0
Delhi,28.6139,77.209,2025-04-07,2025,4,7,31.204,38.875,0.5,7.871,295.458,242.375,53.083,358.821,28.36,12.0
Delhi,28.6139,77.209,2025-04-08,2025,4,8,31.888,38.625,0.833,10.654,294.583,241.25,53.333,356.383,28.276,12.0
Delhi,28.6139,77.209,2025-04-09,2025,4,9,32.712,45.375,22.333,9.767,280.25,224.25,56.0,311.283,26.9,10.513
Delhi,28.6139,77.209,2025-04-10,2025,4,10,31.133,49.458,50.875,8.758,257.458,186.583,70.875,260.121,24.712,10.316
Delhi,28.6139,77.209,2025-04-11,2025,4,11,27.438,60.958,39.208,16.6,260.042,196.083,63.958,276.808,24.96,11.857
Delhi,28.6139,77.209,2025-04-12,2025,4,12,27.421,56.708,21.875,7.767,281.083,218.75,62.333,318.612,26.98,12.0
Delhi,28.6139,77.209,2025-04-13,2025,4,13,28.821,51.667,10.0,5.992,267.333,208.042,59.292,307.933,25.656,12.0
Delhi,28.6139,77.209,2025-04-14,2025,4,14,30.121,46.292,3.958,9.967,297.208,239.667,57.542,348.85,28.524,12.049
Delhi,28.6139,77.209,2025-04-15,2025,4,15,31.142,43.583,16.625,8.562,269.25,206.25,63.0,288.608,25.84,11.694
Delhi,28.6139,77.209,2025-04-16,2025,4,16,31.967,43.458,18.792,8.817,271.458,212.917,58.542,312.15,26.052,12.032
Delhi,28.6139,77.209,2025-04-17,2025,4,17,32.604,41.042,8.833,8.879,286.75,227.458,59.292,319.6,27.52,11.708
Delhi,28.6139,77.209,2025-04-18,2025,4,18,32.45,47.958,9.375,11.158,298.208,241.208,57.0,340.938,28.62,11.91
Delhi,28.6139,77.209,2025-04-19,2025,4,19,32.35,49.458,4.25,16.642,286.792,226.917,59.875,328.292,27.52,12.157
Delhi,28.6139,77.209,2025-04-20,2025,4,20,33.046,49.583,12.833,12.104,266.708,202.708,64.0,292.338,25.592,12.149
Delhi,28.6139,77.209,2025-04-21,2025,4,21,33.238,41.0,17.625,8.158,309.333,250.375,58.958,353.896,29.684,12.216
Delhi,28.6139,77.209,2025-04-22,2025,4,22,31.9,21.0,0.667,11.796,327.542,269.125,58.417,387.4,31.428,12.357
Delhi,28.6139,77.209,2025-04-23,2025,4,23,31.833,22.0,0.0,12.517,328.0,269.417,58.583,387.262,31.472,12.424
Delhi,28.6139,77.209,2025-04-24,2025,4,24,32.354,24.333,0.542,9.812,323.708,265.5,58.208,380.208,31.06,12.418
Delhi,28.6139,77.209,2025-04-25,2025,4,25,32.7,27.125,5.708,9.067,322.25,263.5,58.75,374.479,30.92,12.486
Delhi,28.6139,77.209,2025-04-26,2025,4,26,33.346,25.75,62.792,8.379,281.375,192.417,88.958,262.358,26.996,11.113
Delhi,28.6139,77.209,2025-04-27,2025,4,27,34.079,24.875,29.5,7.146,308.083,240.792,67.292,332.2,29.556,12.248
Delhi,28.6139,77.209,2025-04-28,2025,4,28,33.171,31.25,4.333,12.429,310.958,248.667,62.292,344.262,29.836,12.472
Delhi,28.6139,77.209,2025-04-29,2025,4,29,31.45,42.75,1.583,14.383,309.875,251.0,58.875,354.342,29.728,12.536
Delhi,28.6139,77.209,2025-04-30,2025,4,30,32.346,45.208,8.167,13.829,300.208,236.125,64.083,333.188,28.796,12.53
Delhi,28.6139,77.209,2025-05-01,2025,5,1,32.863,45.458,34.25,15.737,288.458,223.833,64.625,311.321,27.672,12.531
Delhi,28.6139,77.209,2025-05-02,2025,5,2,28.0,58.25,60.333,12.517,281.25,194.125,87.125,284.996,26.98,12.594
Delhi,28.6139,77.209,2025-05-03,2025,5,3,29.446,59.125,47.625,7.492,292.667,221.958,70.708,307.821,28.08,12.665
Delhi,28.6139,77.209,2025-05-04,2025,5,4,29.575,58.208,73.5,9.329,276.708,199.375,77.333,261.362,26.548,11.048
Delhi,28.6139,77.209,2025-05-05,2025,5,5,26.996,64.833,69.958,11.9,257.917,164.0,93.917,222.742,24.736,11.869
Delhi,28.6139,77.209,2025-05-06,2025,5,6,28.5,61.292,57.0,9.562,273.333,200.042,73.292,273.671,26.216,12.575
Delhi,28.6139,77.209,2025-05-07,2025,5,7,28.875,63.583,74.75,12.054,251.875,165.75,86.125,223.788,24.156,12.168
Delhi,28.6139,77.209,2025-05-08,2025,5,8,29.767,62.917,38.583,9.3,263.25,186.625,76.625,255.208,25.252,12.49
Delhi,28.6139,77.209,2025-05-09,2025,5,9,30.546,58.667,31.667,7.383,269.833,194.208,75.625,259.529,25.876,12.121
Delhi,28.6139,77.209,2025-05-10,2025,5,10,30.562,62.292,21.417,4.938,263.583,189.917,73.667,270.504,25.276,12.864
Delhi,28.6139,77.209,2025-05-11,2025,5,11,31.883,56.5,7.917,7.304,310.208,247.292,62.917,342.821,29.744,12.883
Delhi,28.6139,77.209,2025-05-12,2025,5,12,32.708,44.5,19.125,10.183,303.208,239.167,64.042,332.467,29.076,12.894
Delhi,28.6139,77.209,2025-05-13,2025,5,13,32.908,43.292,22.792,12.104,305.917,241.167,64.75,328.571,29.336,12.904
Delhi,28.6139,77.209,2025-05-14,2025,5,14,33.733,41.0,3.917,9.392,315.5,252.333,63.167,352.617,30.24,12.914
Delhi,28.6139,77.209,2025-05-15,2025,5,15,34.683,35.417,0.125,8.9,325.542,263.667,61.875,367.492,31.204,12.924
Delhi,28.6139,77.209,2025-05-16,2025,5,16,34.675,37.125,16.917,11.075,310.375,241.875,68.5,338.842,29.748,12.933
Delhi,28.6139,77.209,2025-05-17,2025,5,17,35.092,37.625,25.458,11.554,289.042,219.833,69.208,304.1,27.7,12.942
Delhi,28.6139,77.209,2025-05-18,2025,5,18,35.429,40.125,9.708,10.792,307.042,241.25,65.792,330.304,29.432,12.951
Delhi,28.6139,77.209,2025-05-19,2025,5,19,35.492,51.083,15.875,11.808,302.083,235.292,66.792,324.012,28.944,12.959
Delhi,28.6139,77.209,2025-05-20,2025,5,20,36.117,50.25,15.167,10.6,313.875,248.917,64.958,338.933,30.088,12.967
Delhi,28.6139,77.209,2025-05-21,2025,5,21,34.958,56.208,14.333,13.533,299.875,233.708,66.167,306.692,28.748,11.975
Delhi,28.6139,77.209,2025-05-22,2025,5,22,30.338,60.25,10.292,15.438,280.292,204.208,76.083,289.738,26.852,13.007
Delhi,28.6139,77.209,2025-05-23,2025,5,23,32.696,56.833,3.417,14.987,301.125,230.5,70.625,314.783,28.856,12.989
Delhi,28.6139,77.209,2025-05-24,2025,5,24,33.862,55.125,13.917,18.388,283.5,208.5,75.0,288.342,27.168,12.996
Delhi,28.6139,77.209,2025-05-25,2025,5,25,28.446,74.625,38.25,14.054,254.625,162.667,91.958,223.308,24.392,11.373
Delhi,28.6139,77.209,2025-05-26,2025,5,26,29.958,74.0,21.792,10.517,254.375,178.667,75.708,237.492,24.364,12.073
Delhi,28.6139,77.209,2025-05-27,2025,5,27,32.229,64.792,10.125,8.317,267.0,189.375,77.625,263.062,25.568,13.005
Delhi,28.6139,77.209,2025-05-28,2025,5,28,33.933,60.417,9.125,6.554,289.583,217.042,72.542,300.579,27.732,13.001
Delhi,28.6139,77.209,2025-05-29,2025,5,29,33.721,60.292,43.917,5.65,248.542,156.167,92.375,220.487,23.804,12.578
Delhi,28.6139,77.209,2025-05-30,2025,5,30,31.075,59.5,33.375,9.092,270.917,188.625,82.292,253.65,25.944,12.972
Delhi,28.6139,77.209,2025-05-31,2025,5,31,32.379,52.75,42.375,5.483,284.333,207.958,76.375,280.271,27.24,12.987
Delhi,28.6139,77.209,2025-06-01,2025,6,1,30.858,58.042,44.042,13.129,246.458,165.542,80.917,225.692,23.6,12.739
Delhi,28.6139,77.209,2025-06-02,2025,6,2,30.183,57.917,53.792,6.671,274.083,200.958,73.125,265.321,26.268,12.404
Delhi,28.6139,77.209,2025-06-03,2025,6,3,29.104,60.0,44.125,7.175,264.625,177.875,86.75,248.146,25.348,12.967
Delhi,28.6139,77.209,2025-06-04,2025,6,4,27.804,65.25,38.0,8.592,246.5,145.833,100.667,187.275,23.584,10.888
Delhi,28.6139,77.209,2025-06-05,2025,6,5,29.612,60.625,14.375,4.9,277.333,196.792,80.542,259.904,26.548,12.651
Delhi,28.6139,77.209,2025-06-06,2025,6,6,31.833,57.375,10.667,5.112,265.792,189.5,76.292,262.479,25.432,13.082
Delhi,28.6139,77.209,2025-06-07,2025,6,7,33.804,53.542,5.25,6.492,305.625,230.458,75.167,313.171,29.252,13.122
Delhi,28.6139,77.209,2025-06-08,2025,6,8,35.808,48.625,2.958,8.296,299.875,228.167,71.708,311.492,28.708,13.039
Delhi,28.6139,77.209,2025-06-09,2025,6,9,36.55,44.792,1.0,10.129,313.292,240.833,72.458,326.554,29.984,13.116
Delhi,28.6139,77.209,2025-06-10,2025,6,10,36.567,35.875,0.0,12.55,319.792,248.458,71.333,338.129,30.604,13.193
Delhi,28.6139,77.209,2025-06-11,2025,6,11,36.412,41.708,0.875,10.8,313.583,241.833,71.75,327.65,30.012,13.11
Delhi,28.6139,77.209,2025-06-12,2025,6,12,37.333,49.375,14.125,8.871,290.833,217.75,73.083,289.192,27.852,12.885
Delhi,28.6139,77.209,2025-06-13,2025,6,13,35.646,54.583,13.125,13.425,268.042,189.5,78.542,261.925,25.644,12.919
Delhi,28.6139,77.209,2025-06-14,2025,6,14,35.863,55.458,9.542,8.138,288.083,212.5,75.583,283.829,27.576,12.839
Delhi,28.6139,77.209,2025-06-15,2025,6,15,32.646,63.208,66.042,10.879,244.0,161.5,82.5,204.45,23.344,11.087
Delhi,28.6139,77.209,2025-06-16,2025,6,16,31.033,72.833,84.5,10.254,152.375,53.042,99.333,75.817,14.548,7.034
Delhi,28.6139,77.209,2025-06-17,2025,6,17,29.9,80.333,74.458,7.354,164.542,95.917,68.625,115.483,15.74,6.969
Delhi,28.6139,77.209,2025-06-18,2025,6,18,29.908,80.0,75.875,7.358,166.5,86.333,80.167,114.829,15.908,6.445
Delhi,28.6139,77.209,2025-06-19,2025,6,19,30.512,77.583,67.083,9.075,178.875,84.292,94.583,111.887,17.084,9.204
Delhi,28.6139,77.209,2025-06-20,2025,6,20,29.912,82.042,97.75,10.683,143.125,54.208,88.917,70.762,13.672,5.371
Delhi,28.6139,77.209,2025-06-21,2025,6,21,31.312,78.458,80.667,6.337,222.458,132.333,90.125,172.675,21.26,11.961
Delhi,28.6139,77.209,2025-06-22,2025,6,22,31.646,77.0,68.042,5.792,232.583,139.5,93.083,191.446,22.232,12.1
Delhi,28.6139,77.209,2025-06-23,2025,6,23,31.238,79.292,55.208,5.1,197.0,114.708,82.292,155.654,18.84,12.421
Delhi,28.6139,77.209,2025-06-24,2025,6,24,31.388,79.458,50.875,6.812,228.792,143.833,84.958,186.679,21.884,12.352
Delhi,28.6139,77.209,2025-06-25,2025,6,25,31.05,82.917,86.083,11.071,144.958,34.792,110.167,55.604,13.836,4.77
Delhi,28.6139,77.209,2025-06-26,2025,6,26,32.121,75.042,65.375,12.688,219.792,133.667,86.125,179.142,21.012,12.289
Delhi,28.6139,77.209,2025-06-27,2025,6,27,32.808,70.625,53.917,11.833,212.667,125.667,87.0,171.254,20.328,12.42
Delhi,28.6139,77.209,2025-06-28,2025,6,28,31.046,80.417,94.792,6.312,219.417,133.083,86.333,172.692,21.016,10.319
Delhi,28.6139,77.209,2025-06-29,2025,6,29,29.075,86.5,97.333,8.696,132.0,26.667,105.333,33.438,12.62,2.021
Delhi,28.6139,77.209,2025-06-30,2025,6,30,28.463,89.0,98.708,7.312,126.792,52.292,74.5,67.454,12.124,5.196
Delhi,28.6139,77.209,2025-07-01,2025,7,1,29.317,84.375,68.083,6.413,166.417,74.458,91.958,103.167,15.884,8.891
Delhi,28.6139,77.209,2025-07-02,2025,7,2,30.7,80.583,39.542,9.038,208.292,121.208,87.083,157.121,19.916,11.045
Delhi,28.6139,77.209,2025-07-03,2025,7,3,31.512,77.125,75.5,8.633,191.333,96.875,94.458,132.571,18.292,10.2
Delhi,28.6139,77.209,2025-07-04,2025,7,4,31.129,80.958,50.792,5.729,200.375,114.75,85.625,141.588,19.168,9.028
Delhi,28.6139,77.209,2025-07-05,2025,7,5,31.287,79.833,54.583,4.012,218.0,129.25,88.75,165.996,20.84,10.128
Delhi,28.6139,77.209,2025-07-06,2025,7,6,30.537,83.958,74.792,4.512,180.792,95.042,85.75,119.075,17.292,8.593
Delhi,28.6139,77.209,2025-07-07,2025,7,7,29.379,84.167,77.292,5.342,150.083,51.708,98.375,79.342,14.336,6.464
Delhi,28.6139,77.209,2025-07-08,2025,7,8,31.371,77.792,90.833,6.25,220.042,125.0,95.042,157.362,21.04,10.074
Delhi,28.6139,77.209,2025-07-09,2025,7,9,30.125,82.083,98.417,5.125,186.75,79.708,107.042,98.483,17.9,8.637
Delhi,28.6139,77.209,2025-07-10,2025,7,10,26.888,93.583,98.542,6.392,86.292,11.708,74.583,17.429,8.196,0.723
Delhi,28.6139,77.209,2025-07-11,2025,7,11,29.204,85.292,79.958,3.179,193.5,96.333,97.167,122.888,18.512,8.662
Delhi,28.6139,77.209,2025-07-12,2025,7,12,29.783,83.583,83.708,3.796,232.625,143.167,89.458,182.908,22.256,11.291
Delhi,28.6139,77.209,2025-07-13,2025,7,13,29.371,84.833,87.208,8.833,170.708,82.792,87.917,112.312,16.356,6.865
Delhi,28.6139,77.209,2025-07-14,2025,7,14,28.583,86.042,88.875,18.679,169.5,87.208,82.292,101.504,16.232,6.242
Delhi,28.6139,77.209,2025-07-15,2025,7,15,29.108,82.375,88.708,17.996,187.292,84.958,102.333,109.825,17.908,9.528
Delhi,28.6139,77.209,2025-07-16,2025,7,16,29.354,85.292,91.5,9.942,172.0,82.542,89.458,105.667,16.484,8.487
Delhi,28.6139,77.209,2025-07-17,2025,7,17,28.433,88.625,98.708,8.921,76.125,9.333,66.792,13.858,7.232,0.305
Delhi,28.6139,77.209,2025-07-18,2025,7,18,29.558,80.25,76.917,19.121,194.042,108.375,85.667,149.679,18.572,11.404
Delhi,28.6139,77.209,2025-07-19,2025,7,19,29.963,76.583,57.667,15.908,208.958,96.125,112.833,142.304,19.972,10.73
Delhi,28.6139,77.209,2025-07-20,2025,7,20,30.608,73.375,95.458,8.0,219.333,105.083,114.25,143.954,20.996,9.231
Delhi,28.6139,77.209,2025-07-21,2025,7,21,29.317,84.125,99.083,6.608,88.542,11.792,76.75,20.804,8.424,0.765
Delhi,28.6139,77.209,2025-07-22,2025,7,22,29.804,83.625,97.167,6.229,161.833,71.75,90.083,93.867,15.464,8.047
Delhi,28.6139,77.209,2025-07-23,2025,7,23,29.1,87.125,97.708,6.525,71.292,12.375,58.917,18.008,6.812,1.129
Delhi,28.6139,77.209,2025-07-24,2025,7,24,31.233,76.458,65.792,8.154,244.458,162.958,81.5,216.837,23.396,11.818
Delhi,28.6139,77.209,2025-07-25,2025,7,25,32.312,74.167,69.125,9.662,242.792,155.875,86.917,213.296,23.24,12.073
Delhi,28.6139,77.209,2025-07-26,2025,7,26,31.142,78.417,96.917,3.808,186.167,91.167,95.0,121.017,17.816,7.882
Delhi,28.6139,77.209,2025-07-27,2025,7,27,31.438,78.167,84.167,8.354,204.5,112.75,91.75,146.667,19.572,10.489
Delhi,28.6139,77.209,2025-07-28,2025,7,28,31.079,80.917,95.5,4.442,231.375,148.833,82.542,199.683,22.164,11.848
Delhi,28.6139,77.209,2025-07-29,2025,7,29,28.783,89.875,97.708,6.067,122.333,40.417,81.917,48.683,11.736,3.948
Delhi,28.6139,77.209,2025-07-30,2025,7,30,28.267,92.208,97.375,7.783,96.542,21.542,75.0,28.071,9.244,1.861
Delhi,28.6139,77.209,2025-07-31,2025,7,31,27.162,95.792,96.75,6.917,71.5,15.25,56.25,17.829,6.852,1.198
Delhi,28.6139,77.209,2025-08-01,2025,8,1,28.95,86.583,93.292,6.842,113.375,38.625,74.75,55.954,10.84,4.299
Delhi,28.6139,77.209,2025-08-02,2025,8,2,29.625,83.083,87.25,10.575,155.0,77.833,77.167,93.304,14.832,6.768
Delhi,28.6139,77.209,2025-08-03,2025,8,3,29.846,83.375,99.583,10.229,144.833,49.583,95.25,59.183,13.88,5.195
Delhi,28.6139,77.209,2025-08-04,2025,8,4,29.238,85.75,95.958,8.154,103.0,30.792,72.208,38.658,9.872,2.835
Delhi,28.6139,77.209,2025-08-05,2025,8,5,29.279,83.417,94.125,7.2,125.333,45.333,80.0,68.371,11.988,6.207
Delhi,28.6139,77.209,2025-08-06,2025,8,6,29.896,79.0,69.375,7.283,212.667,127.125,85.542,166.896,20.376,10.453
Delhi,28.6139,77.209,2025-08-07,2025,8,7,31.125,71.792,39.25,11.983,238.167,165.708,72.458,220.133,22.824,12.0
Delhi,28.6139,77.209,2025-08-08,2025,8,8,31.004,72.875,98.875,10.013,207.25,95.75,111.5,126.262,19.872,7.229
Delhi,28.6139,77.209,2025-08-09,2025,8,9,27.238,92.208,98.5,7.925,42.083,2.333,39.75,3.042,4.032,0.0
Delhi,28.6139,77.209,2025-08-10,2025,8,10,29.375,83.042,90.333,7.317,146.833,65.042,81.792,91.504,14.072,8.426
Delhi,28.6139,77.209,2025-08-11,2025,8,11,29.771,80.917,98.125,7.246,135.625,53.792,81.833,65.35,13.0,5.876
Delhi,28.6139,77.209,2025-08-12,2025,8,12,30.15,81.792,99.375,7.154,217.75,123.208,94.542,161.771,20.868,10.0
Delhi,28.6139,77.209,2025-08-13,2025,8,13,30.963,77.292,98.042,6.562,202.667,101.917,100.75,140.579,19.428,9.91
Delhi,28.6139,77.209,2025-08-14,2025,8,14,27.946,92.25,94.083,6.896,92.75,17.292,75.458,32.008,8.884,2.611
Delhi,28.6139,77.209,2025-08-15,2025,8,15,28.875,89.5,71.708,5.163,163.208,77.833,85.375,100.229,15.644,7.797
Delhi,28.6139,77.209,2025-08-16,2025,8,16,30.075,86.0,78.125,6.075,197.875,117.75,80.125,160.346,18.972,11.062
Delhi,28.6139,77.209,2025-08-17,2025,8,17,29.638,86.833,78.458,9.154,189.667,109.625,80.042,138.621,18.188,8.645
Delhi,28.6139,77.209,2025-08-18,2025,8,18,30.012,83.667,78.5,11.4,195.208,104.75,90.458,140.237,18.72,9.917
Delhi,28.6139,77.209,2025-08-19,2025,8,19,30.554,80.542,52.5,9.383,235.208,155.25,79.958,217.312,22.56,12.0
Delhi,28.6139,77.209,2025-08-20,2025,8,20,30.329,80.0,30.75,11.667,228.458,153.958,74.5,203.033,21.912,10.537
Delhi,28.6139,77.209,2025-08-21,2025,8,21,30.204,81.875,53.583,8.996,215.5,141.792,73.708,192.521,20.672,10.115
Delhi,28.6139,77.209,2025-08-22,2025,8,22,29.938,83.625,99.292,6.042,145.458,56.792,88.667,85.525,13.952,7.814
Delhi,28.6139,77.209,2025-08-23,2025,8,23,28.875,86.333,84.667,5.762,152.042,64.917,87.125,84.204,14.588,7.535
Delhi,28.6139,77.209,2025-08-24,2025,8,24,28.438,87.833,99.458,8.6,163.25,79.25,84.0,105.821,15.668,8.553
Delhi,28.6139,77.209,2025-08-25,2025,8,25,27.592,90.792,98.0,13.971,64.458,12.083,52.375,17.838,6.184,0.763
Delhi,28.6139,77.209,2025-08-26,2025,8,26,28.062,91.125,96.833,14.125,141.292,55.0,86.292,65.9,13.556,5.432
Delhi,28.6139,77.209,2025-08-27,2025,8,27,29.238,86.208,83.208,7.354,185.25,92.167,93.083,124.271,17.776,8.973
Delhi,28.6139,77.209,2025-08-28,2025,8,28,29.729,85.542,98.167,7.554,179.542,89.083,90.458,122.9,17.232,9.8
Delhi,28.6139,77.209,2025-08-29,2025,8,29,28.454,90.375,98.583,12.167,140.917,48.042,92.875,64.042,13.524,5.964
Delhi,28.6139,77.209,2025-08-30,2025,8,30,29.421,86.042,97.25,10.412,151.375,53.708,97.667,71.404,14.528,5.489
Delhi,28.6139,77.209,2025-08-31,2025,8,31,27.233,91.542,99.792,9.454,69.792,7.125,62.667,8.675,6.7,0.08
Delhi,28.6139,77.209,2025-09-01,2025,9,1,26.204,96.5,99.833,13.967,84.25,22.667,61.583,25.612,8.088,2.202
Delhi,28.6139,77.209,2025-09-02,2025,9,2,26.483,96.417,97.125,15.633,74.75,15.25,59.5,21.179,7.176,1.181
Delhi,28.6139,77.209,2025-09-03,2025,9,3,26.892,93.667,98.375,8.408,132.083,39.625,92.458,47.288,12.68,3.561
Delhi,28.6139,77.209,2025-09-04,2025,9,4,28.321,86.958,60.542,7.667,210.167,134.917,75.25,177.9,20.176,9.965
Delhi,28.6139,77.209,2025-09-05,2025,9,5,28.375,87.583,77.375,15.592,151.083,78.5,72.583,104.35,14.504,7.545
Delhi,28.6139,77.209,2025-09-06,2025,9,6,28.721,86.583,93.875,12.838,144.417,69.583,74.833,109.475,13.864,7.824
Delhi,28.6139,77.209,2025-09-07,2025,9,7,28.938,86.208,51.375,9.879,181.917,97.375,84.542,138.729,17.464,9.801
Delhi,28.6139,77.209,2025-09-08,2025,9,8,29.792,81.583,47.167,6.258,211.125,130.0,81.125,188.321,20.268,11.132
Delhi,28.6139,77.209,2025-09-09,2025,9,9,30.3,76.333,30.792,9.938,220.708,153.625,67.083,224.917,21.188,11.963
Delhi,28.6139,77.209,2025-09-10,2025,9,10,30.358,74.458,12.792,16.854,239.167,170.958,68.208,248.929,22.96,11.9
Delhi,28.6139,77.209,2025-09-11,2025,9,11,29.729,71.667,64.875,14.296,227.417,143.167,84.25,213.05,21.832,11.618
Delhi,28.6139,77.209,2025-09-12,2025,9,12,29.579,74.542,27.208,10.167,214.75,140.375,74.375,208.192,20.468,11.409
Delhi,28.6139,77.209,2025-09-13,2025,9,13,30.404,72.792,44.917,7.587,195.375,126.583,68.792,180.133,18.616,11.093
Delhi,28.6139,77.209,2025-09-14,2025,9,14,30.808,72.083,37.208,7.096,222.333,158.375,63.958,233.188,21.184,11.646
Delhi,28.6139,77.209,2025-09-15,2025,9,15,30.796,71.083,25.417,9.225,231.667,165.458,66.208,245.487,22.104,11.438
Delhi,28.6139,77.209,2025-09-16,2025,9,16,30.354,75.042,57.333,5.587,229.333,163.208,66.125,235.996,21.88,11.403
Delhi,28.6139,77.209,2025-09-17,2025,9,17,29.979,79.417,31.542,4.837,217.667,154.083,63.583,225.821,20.804,11.094
Delhi,28.6139,77.209,2025-09-18,2025,9,18,29.713,81.917,26.208,4.233,205.708,139.208,66.5,210.108,19.628,11.261
Delhi,28.6139,77.209,2025-09-19,2025,9,19,30.271,79.333,16.667,4.692,211.0,143.417,67.583,218.342,20.14,11.26
Delhi,28.6139,77.209,2025-09-20,2025,9,20,30.483,73.208,6.458,9.608,227.583,165.125,62.458,253.571,21.72,11.415
Delhi,28.6139,77.209,2025-09-21,2025,9,21,30.346,71.125,3.958,9.221,238.833,177.917,60.917,270.708,22.808,11.352
Delhi,28.6139,77.209,2025-09-22,2025,9,22,30.617,69.0,7.292,10.737,227.125,167.0,60.125,253.225,21.708,11.144
Delhi,28.6139,77.209,2025-09-23,2025,9,23,30.05,65.208,0.292,11.571,245.0,185.708,59.292,285.125,23.412,11.299
Delhi,28.6139,77.209,2025-09-24,2025,9,24,29.375,66.125,0.0,11.921,247.833,190.583,57.25,293.725,23.688,11.309
Delhi,28.6139,77.209,2025-09-25,2025,9,25,29.35,68.208,0.0,10.117,245.125,187.708,57.417,289.938,23.436,11.246
Delhi,28.6139,77.209,2025-09-26,2025,9,26,29.738,70.083,0.0,9.642,246.458,189.417,57.042,293.867,23.568,11.183
Delhi,28.6139,77.209,2025-09-27,2025,9,27,30.55,72.333,6.667,5.554,235.5,178.792,56.708,276.025,22.536,11.048
Delhi,28.6139,77.209,2025-09-28,2025,9,28,31.479,71.292,10.958,10.104,206.542,147.583,58.958,234.246,19.76,11.058
Delhi,28.6139,77.209,2025-09-29,2025,9,29,31.175,73.125,12.833,7.633,206.875,147.458,59.417,231.592,19.8,11.0
Delhi,28.6139,77.209,2025-09-30,2025,9,30,28.375,83.125,73.958,6.15,186.333,109.167,77.167,163.204,17.836,10.484
Delhi,28.6139,77.209,2025-10-01,2025,10,1,28.488,79.042,50.583,3.387,170.875,107.375,63.5,167.383,16.352,10.126
Delhi,28.6139,77.209,2025-10-02,2025,10,2,28.492,82.625,49.417,6.529,168.958,108.833,60.125,168.225,16.18,10.329
Delhi,28.6139,77.209,2025-10-03,2025,10,3,28.492,81.125,32.083,6.779,179.875,106.083,73.792,179.117,17.228,11.0
Delhi,28.6139,77.209,2025-10-04,2025,10,4,28.908,76.0,26.708,7.55,211.833,152.875,58.958,248.954,20.288,11.0
Delhi,28.6139,77.209,2025-10-05,2025,10,5,28.579,73.708,7.333,7.988,210.625,156.667,53.958,254.788,20.184,11.0
Delhi,28.6139,77.209,2025-10-06,2025,10,6,24.254,87.875,60.75,7.362,110.042,53.417,56.625,94.525,10.536,7.17
Delhi,28.6139,77.209,2025-10-07,2025,10,7,23.271,90.833,54.958,6.25,119.125,64.333,54.792,97.621,11.412,5.928
Delhi,28.6139,77.209,2025-10-08,2025,10,8,23.679,85.958,44.917,6.262,168.042,91.25,76.792,149.9,16.112,10.731
Delhi,28.6139,77.209,2025-10-09,2025,10,9,24.467,77.292,7.042,8.9,214.25,157.042,57.208,261.092,20.536,11.0
Delhi,28.6139,77.209,2025-10-10,2025,10,10,24.279,73.583,2.417,6.825,220.917,167.417,53.5,275.404,21.18,11.0
Delhi,28.6139,77.209,2025-10-11,2025,10,11,24.271,74.792,7.917,7.017,209.0,153.083,55.917,258.688,20.04,11.0
Delhi,28.6139,77.209,2025-10-12,2025,10,12,25.012,72.333,0.833,8.033,226.0,174.875,51.125,292.129,21.672,11.0
Delhi,28.6139,77.209,2025-10-13,2025,10,13,24.996,71.542,0.458,6.054,224.792,173.917,50.875,292.267,21.56,11.0
Delhi,28.6139,77.209,2025-10-14,2025,10,14,24.621,71.333,0.0,5.262,226.542,176.5,50.042,298.588,21.728,11.0
Delhi,28.6139,77.209,2025-10-15,2025,10,15,24.825,69.667,4.292,4.283,217.583,165.042,52.542,281.496,20.872,11.0
Delhi,28.6139,77.209,2025-10-16,2025,10,16,24.717,71.542,0.0,5.392,223.0,173.833,49.167,296.775,21.392,11.0
Delhi,28.6139,77.209,2025-10-17,2025,10,17,25.146,72.708,0.417,5.608,217.583,167.792,49.792,287.696,20.876,11.0
Delhi,28.6139,77.209,2025-10-18,2025,10,18,25.304,77.792,8.542,4.538,197.542,146.167,51.375,253.267,18.956,11.0
Delhi,28.6139,77.209,2025-10-19,2025,10,19,25.433,76.958,8.458,4.767,187.833,134.208,53.625,233.333,18.024,11.0
Delhi,28.6139,77.209,2025-10-20,2025,10,20,26.117,74.542,16.917,6.433,195.708,145.25,50.458,249.246,18.78,11.0
Delhi,28.6139,77.209,2025-10-21,2025,10,21,25.963,78.542,26.792,4.408,156.542,107.333,49.208,189.967,15.024,11.0
Delhi,28.6139,77.209,2025-10-22,2025,10,22,25.588,76.75,29.75,5.442,188.583,138.208,50.375,240.8,18.1,11.0
Delhi,28.6139,77.209,2025-10-23,2025,10,23,24.525,68.5,0.0,7.621,213.125,167.75,45.375,297.733,20.456,10.99
Delhi,28.6139,77.209,2025-10-24,2025,10,24,23.675,70.667,0.875,5.45,209.667,163.625,46.042,291.713,20.124,10.979
Delhi,28.6139,77.209,2025-10-25,2025,10,25,23.938,66.917,10.375,5.021,205.042,157.583,47.458,280.558,19.68,10.967
Delhi,28.6139,77.209,2025-10-26,2025,10,26,24.346,63.0,0.042,5.554,211.375,167.167,44.208,301.796,20.288,10.956
Delhi,28.6139,77.209,2025-10-27,2025,10,27,23.463,73.667,66.583,7.942,130.792,71.042,59.75,130.954,12.556,5.952
Delhi,28.6139,77.209,2025-10-28,2025,10,28,22.396,80.625,96.208,6.858,127.833,42.542,85.292,75.575,12.272,6.355
Delhi,28.6139,77.209,2025-10-29,2025,10,29,23.179,79.083,79.083,5.242,186.375,127.708,58.667,224.017,17.892,10.491
Delhi,28.6139,77.209,2025-10-30,2025,10,30,23.458,86.667,94.667,5.292,76.292,12.333,63.958,23.45,7.324,1.275
Delhi,28.6139,77.209,2025-10-31,2025,10,31,24.717,81.458,51.542,5.35,153.75,92.833,60.917,169.129,14.76,10.0
Delhi,28.6139,77.209,2025-11-01,2025,11,1,23.988,75.833,6.125,7.633,187.833,143.0,44.833,269.529,18.032,10.886
Delhi,28.6139,77.209,2025-11-02,2025,11,2,23.204,67.75,1.917,9.938,198.708,156.917,41.792,293.4,19.076,10.874
Delhi,28.6139,77.209,2025-11-03,2025,11,3,22.325,62.042,0.542,9.4,202.708,161.917,40.792,305.179,19.46,10.862
Delhi,28.6139,77.209,2025-11-04,2025,11,4,22.096,70.792,33.042,6.329,152.125,106.25,45.875,203.683,14.604,10.499
Delhi,28.6139,77.209,2025-11-05,2025,11,5,22.821,76.583,14.792,7.012,189.833,147.083,42.75,272.117,18.224,10.65
Delhi,28.6139,77.209,2025-11-06,2025,11,6,20.112,57.167,0.042,11.133,205.0,164.792,40.208,316.0,19.68,10.801
Delhi,28.6139,77.209,2025-11-07,2025,11,7,19.283,57.542,0.0,10.117,200.208,160.458,39.75,309.008,19.22,10.778
Delhi,28.6139,77.209,2025-11-08,2025,11,8,18.558,57.583,0.0,9.308,202.125,162.708,39.417,315.204,19.404,10.755
Delhi,28.6139,77.209,2025-11-09,2025,11,9,18.525,60.708,0.0,9.65,199.083,160.292,38.792,311.979,19.112,10.732
Delhi,28.6139,77.209,2025-11-10,2025,11,10,18.7,61.917,4.667,7.188,196.583,157.917,38.667,308.017,18.872,10.709
Delhi,28.6139,77.209,2025-11-11,2025,11,11,18.062,65.5,0.0,9.317,195.542,157.375,38.167,309.588,18.536,10.687
Delhi,28.6139,77.209,2025-11-12,2025,11,12,18.283,63.625,0.0,10.521,194.125,156.167,37.958,308.983,18.408,10.664
Delhi,28.6139,77.209,2025-11-13,2025,11,13,17.912,66.5,0.0,9.308,192.292,154.625,37.667,306.95,18.236,10.643
Delhi,28.6139,77.209,2025-11-14,2025,11,14,17.538,64.208,0.0,8.55,191.583,154.333,37.25,308.125,18.172,10.621
Delhi,28.6139,77.209,2025-11-15,2025,11,15,17.429,66.083,0.0,9.133,190.917,153.833,37.083,308.567,18.112,10.6
Delhi,28.6139,77.209,2025-11-16,2025,11,16,17.362,65.417,0.0,9.4,190.375,153.5,36.875,309.383,18.064,10.579
Delhi,28.6139,77.209,2025-11-17,2025,11,17,17.429,66.667,0.0,6.808,186.667,150.0,36.667,303.338,17.716,10.559
Delhi,28.6139,77.209,2025-11-18,2025,11,18,17.921,70.875,0.25,6.638,182.375,145.833,36.542,295.483,17.312,10.539
Delhi,28.6139,77.209,2025-11-19,2025,11,19,18.296,74.542,5.083,4.446,179.458,142.792,36.667,290.383,17.04,10.49
Delhi,28.6139,77.209,2025-11-20,2025,11,20,18.671,74.417,0.0,4.754,177.625,141.125,36.5,287.712,16.868,10.414
Delhi,28.6139,77.209,2025-11-21,2025,11,21,18.946,76.292,2.083,5.688,174.083,136.083,38.0,279.029,16.532,10.337
Delhi,28.6139,77.209,2025-11-22,2025,11,22,18.233,76.583,1.0,5.371,174.292,137.667,36.625,283.512,16.552,10.26
Delhi,28.6139,77.209,2025-11-23,2025,11,23,17.3,76.667,0.375,6.392,176.0,140.042,35.958,289.429,16.716,10.264
Delhi,28.6139,77.209,2025-11-24,2025,11,24,16.775,75.458,0.0,6.679,175.792,140.125,35.667,291.167,16.696,10.268
Delhi,28.6139,77.209,2025-11-25,2025,11,25,16.008,72.667,0.0,7.958,177.167,141.875,35.292,295.992,16.824,10.192
Delhi,28.6139,77.209,2025-11-26,2025,11,26,15.754,70.667,0.0,6.533,176.708,141.542,35.167,296.533,16.784,10.197
Delhi,28.6139,77.209,2025-11-27,2025,11,27,15.838,71.333,0.0,5.554,176.458,141.5,34.958,297.429,16.76,10.122
Delhi,28.6139,77.209,2025-11-28,2025,11,28,16.383,70.542,4.458,8.038,169.125,133.708,35.417,281.213,16.064,10.127
Delhi,28.6139,77.209,2025-11-29,2025,11,29,17.083,65.792,2.167,9.704,168.333,133.875,34.458,282.546,15.996,10.053
Delhi,28.6139,77.209,2025-11-30,2025,11,30,15.575,59.958,43.667,10.338,164.292,113.5,50.792,239.971,15.592,9.979
Delhi,28.6139,77.209,2025-12-01,2025,12,1,14.538,66.458,0.0,6.454,175.958,142.042,33.917,303.833,16.712,10.066
Delhi,28.6139,77.209,2025-12-02,2025,12,2,16.192,70.375,6.25,6.492,166.375,131.5,34.875,281.312,15.804,9.993
Delhi,28.6139,77.209,2025-12-03,2025,12,3,14.642,68.833,0.375,8.513,174.875,141.0,33.875,303.171,16.604,10.0
Delhi,28.6139,77.209,2025-12-04,2025,12,4,13.642,68.125,26.0,10.554,173.875,138.417,35.458,299.221,16.508,9.927
Delhi,28.6139,77.209,2025-12-05,2025,12,5,13.604,70.292,0.0,7.712,171.0,137.292,33.708,296.567,16.24,9.935
Delhi,28.6139,77.209,2025-12-06,2025,12,6,15.192,64.333,58.667,11.513,166.167,128.5,37.667,267.175,15.8,9.432
Delhi,28.6139,77.209,2025-12-07,2025,12,7,15.892,62.208,20.542,11.475,167.167,134.292,32.875,291.321,15.872,9.87
Delhi,28.6139,77.209,2025-12-08,2025,12,8,16.683,61.417,11.958,12.212,167.833,135.042,32.792,293.771,15.932,9.879
Delhi,28.6139,77.209,2025-12-09,2025,12,9,16.483,60.375,0.167,12.417,170.625,137.583,33.042,300.796,16.192,9.888
Delhi,28.6139,77.209,2025-12-10,2025,12,10,16.35,63.292,6.125,10.388,167.667,134.833,32.833,295.171,15.912,9.897
Delhi,28.6139,77.209,2025-12-11,2025,12,11,15.575,72.167,0.0,8.096,165.708,133.125,32.583,291.696,15.724,9.849
Delhi,28.6139,77.209,2025-12-12,2025,12,12,15.225,78.042,16.292,5.633,164.042,131.583,32.458,288.35,15.564,9.854
Delhi,28.6139,77.209,2025-12-13,2025,12,13,15.767,79.708,52.625,6.85,161.667,126.417,35.25,263.212,15.384,9.0
Delhi,28.6139,77.209,2025-12-14,2025,12,14,16.158,79.667,84.667,4.346,155.25,108.042,47.208,231.917,14.744,9.563
Delhi,28.6139,77.209,2025-12-15,2025,12,15,15.304,79.917,12.167,8.075,164.833,132.167,32.667,291.475,15.628,9.869
Delhi,28.6139,77.209,2025-12-16,2025,12,16,15.742,74.333,0.0,11.046,165.333,132.917,32.417,293.588,15.676,9.876
Delhi,28.6139,77.209,2025-12-17,2025,12,17,15.533,77.625,0.625,10.896,164.792,132.375,32.417,292.092,15.62,9.881
Delhi,28.6139,77.209,2025-12-18,2025,12,18,14.188,84.917,73.333,7.396,156.833,114.708,42.125,243.771,14.884,9.553
Delhi,28.6139,77.209,2025-12-19,2025,12,19,13.854,84.042,59.833,8.504,161.208,120.708,40.5,266.717,15.264,9.896
Delhi,28.6139,77.209,2025-12-20,2025,12,20,13.004,83.458,39.708,5.329,159.458,123.125,36.333,269.675,15.104,9.904
Delhi,28.6139,77.209,2025-12-21,2025,12,21,12.667,93.208,70.75,6.45,116.458,54.958,61.5,125.017,10.98,7.139
Delhi,28.6139,77.209,2025-12-22,2025,12,22,13.442,90.667,46.25,3.679,117.583,58.25,59.333,133.8,11.076,6.443
Delhi,28.6139,77.209,2025-12-23,2025,12,23,15.237,83.958,0.0,10.962,162.0,129.792,32.208,287.225,15.328,9.93
Delhi,28.6139,77.209,2025-12-24,2025,12,24,14.846,74.958,0.0,12.171,165.917,133.333,32.583,295.688,15.928,9.939
Delhi,28.6139,77.209,2025-12-25,2025,12,25,13.654,72.875,24.333,6.138,166.333,134.167,32.167,297.667,15.968,9.949
Delhi,28.6139,77.209,2025-12-26,2025,12,26,14.008,76.125,64.167,5.329,148.333,96.958,51.375,200.725,14.24,8.638
Delhi,28.6139,77.209,2025-12-27,2025,12,27,12.846,82.708,52.208,8.033,151.083,101.5,49.583,211.325,14.504,9.969
Delhi,28.6139,77.209,2025-12-28,2025,12,28,12.596,86.167,30.333,7.054,163.917,128.958,34.958,284.121,15.736,9.979
Delhi,28.6139,77.209,2025-12-29,2025,12,29,12.404,90.542,52.958,5.0,147.125,98.792,48.333,207.208,14.124,8.41
Delhi,28.6139,77.209,2025-12-30,2025,12,30,12.617,87.208,44.208,4.888,150.333,104.375,45.958,216.917,14.432,8.98
Delhi,28.6139,77.209,2025-12-31,2025,12,31,12.237,92.5,48.5,9.696,144.75,96.583,48.167,198.812,13.896,9.064
Hyderabad,17.385,78.4867,2023-01-01,2023,1,1,24.692,65.375,34.125,5.562,162.0,98.083,63.917,176.912,15.532,10.11
Hyderabad,17.385,78.4867,2023-01-02,2023,1,2,24.088,67.083,23.958,7.3,186.25,125.042,61.208,228.033,17.86,10.482
Hyderabad,17.385,78.4867,2023-01-03,2023,1,3,23.488,69.042,27.375,6.5,185.167,126.542,58.625,225.821,17.756,10.336
Hyderabad,17.385,78.4867,2023-01-04,2023,1,4,23.117,68.375,17.667,9.729,202.625,153.042,49.583,263.138,19.432,10.265
Hyderabad,17.385,78.4867,2023-01-05,2023,1,5,22.021,81.667,54.0,9.771,141.167,84.792,56.375,144.338,13.532,9.295
Hyderabad,17.385,78.4867,2023-01-06,2023,1,6,21.983,81.5,53.917,7.429,151.875,93.458,58.417,154.029,14.564,8.277
Hyderabad,17.385,78.4867,2023-01-07,2023,1,7,21.792,66.333,2.792,9.188,215.875,168.667,47.208,297.463,20.692,10.417
Hyderabad,17.385,78.4867,2023-01-08,2023,1,8,19.475,50.458,0.0,9.008,235.917,193.125,42.792,344.442,22.612,10.661
Hyderabad,17.385,78.4867,2023-01-09,2023,1,9,19.121,50.083,0.0,8.442,234.0,191.542,42.458,341.742,22.428,10.652
Hyderabad,17.385,78.4867,2023-01-10,2023,1,10,20.121,52.75,0.0,8.104,234.167,191.792,42.375,341.45,22.44,10.716
Hyderabad,17.385,78.4867,2023-01-11,2023,1,11,21.517,52.833,0.0,4.958,232.708,190.458,42.25,338.054,22.3,10.707
Hyderabad,17.385,78.4867,2023-01-12,2023,1,12,22.15,55.792,0.0,6.904,230.25,187.708,42.542,332.433,22.06,10.698
Hyderabad,17.385,78.4867,2023-01-13,2023,1,13,22.25,60.625,2.125,5.871,229.333,186.167,43.167,328.175,21.972,10.64
Hyderabad,17.385,78.4867,2023-01-14,2023,1,14,22.8,61.958,0.417,6.346,230.708,187.542,43.167,329.971,22.1,10.707
Hyderabad,17.385,78.4867,2023-01-15,2023,1,15,23.175,60.542,0.0,7.721,230.75,187.167,43.583,328.388,22.1,10.701
Hyderabad,17.385,78.4867,2023-01-16,2023,1,16,23.25,56.667,0.0,8.729,234.542,191.625,42.917,335.496,22.46,10.695
Hyderabad,17.385,78.4867,2023-01-17,2023,1,17,23.029,51.667,0.0,9.579,238.792,196.375,42.417,343.942,22.868,10.806
Hyderabad,17.385,78.4867,2023-01-18,2023,1,18,22.875,60.708,0.0,8.7,235.875,192.542,43.333,335.367,22.584,10.755
Hyderabad,17.385,78.4867,2023-01-19,2023,1,19,22.787,60.792,0.125,9.062,233.583,189.417,44.167,328.154,22.364,10.676
Hyderabad,17.385,78.4867,2023-01-20,2023,1,20,22.667,63.5,1.792,8.942,233.0,187.208,45.792,323.854,22.304,10.669
Hyderabad,17.385,78.4867,2023-01-21,2023,1,21,22.883,63.917,3.0,7.433,235.167,190.208,44.958,327.0,22.508,10.662
Hyderabad,17.385,78.4867,2023-01-22,2023,1,22,22.438,60.5,3.083,9.05,240.167,196.167,44.0,337.175,22.984,10.798
Hyderabad,17.385,78.4867,2023-01-23,2023,1,23,22.362,67.833,2.917,10.975,231.333,184.25,47.083,311.125,22.136,10.575
Hyderabad,17.385,78.4867,2023-01-24,2023,1,24,23.304,65.667,17.292,13.05,223.042,169.708,53.333,281.896,21.344,10.496
Hyderabad,17.385,78.4867,2023-01-25,2023,1,25,22.787,61.5,15.5,12.358,239.125,193.958,45.167,328.767,22.876,10.775
Hyderabad,17.385,78.4867,2023-01-26,2023,1,26,22.504,59.0,0.0,10.367,245.042,200.292,44.75,340.275,23.44,10.909
Hyderabad,17.385,78.4867,2023-01-27,2023,1,27,22.388,59.458,0.0,9.429,241.083,195.208,45.875,330.258,23.056,10.901
Hyderabad,17.385,78.4867,2023-01-28,2023,1,28,23.917,51.583,0.0,6.704,241.292,195.25,46.042,329.412,23.076,10.963
Hyderabad,17.385,78.4867,2023-01-29,2023,1,29,23.233,58.75,10.333,11.554,240.458,194.042,46.417,323.696,23.0,10.812
Hyderabad,17.385,78.4867,2023-01-30,2023,1,30,23.463,70.125,47.125,11.75,195.833,130.667,65.167,215.763,18.724,10.236
Hyderabad,17.385,78.4867,2023-01-31,2023,1,31,24.0,64.667,80.542,7.733,203.708,144.958,58.75,223.175,19.488,9.67
Hyderabad,17.385,78.4867,2023-02-01,2023,2,1,23.504,62.167,75.708,10.496,233.25,180.875,52.375,291.754,22.316,10.503
Hyderabad,17.385,78.4867,2023-02-02,2023,2,2,23.321,50.958,19.167,11.312,247.083,199.625,47.458,329.929,23.612,11.059
Hyderabad,17.385,78.4867,2023-02-03,2023,2,3,22.483,41.833,0.083,8.638,250.5,203.5,47.0,336.292,23.936,11.191
Hyderabad,17.385,78.4867,2023-02-04,2023,2,4,22.738,48.625,0.0,7.754,250.375,203.125,47.25,333.971,23.92,11.181
Hyderabad,17.385,78.4867,2023-02-05,2023,2,5,23.167,48.208,2.0,7.117,253.333,205.708,47.625,337.738,24.2,11.311
Hyderabad,17.385,78.4867,2023-02-06,2023,2,6,23.85,53.75,7.917,6.654,250.958,202.625,48.333,330.696,23.976,11.232
Hyderabad,17.385,78.4867,2023-02-07,2023,2,7,25.1,57.583,61.125,7.087,238.875,184.333,54.542,293.875,22.82,11.082
Hyderabad,17.385,78.4867,2023-02-08,2023,2,8,25.417,60.792,21.708,6.825,246.583,195.25,51.333,316.017,23.552,11.142
Hyderabad,17.385,78.4867,2023-02-09,2023,2,9,24.746,55.792,8.333,7.0,255.75,206.583,49.167,333.258,24.42,11.325
Hyderabad,17.385,78.4867,2023-02-10,2023,2,10,24.621,42.75,60.458,6.821,259.083,207.25,51.833,334.112,24.736,11.38
Hyderabad,17.385,78.4867,2023-02-11,2023,2,11,25.521,41.458,14.125,6.558,261.792,212.708,49.083,342.192,24.992,11.395
Hyderabad,17.385,78.4867,2023-02-12,2023,2,12,25.546,43.042,6.292,8.154,261.917,212.667,49.25,340.45,25.0,11.409
Hyderabad,17.385,78.4867,2023-02-13,2023,2,13,24.154,37.792,1.917,10.929,269.0,218.875,50.125,349.979,25.672,11.424
Hyderabad,17.385,78.4867,2023-02-14,2023,2,14,22.954,37.083,0.0,10.029,270.292,219.875,50.417,350.375,25.792,11.439
Hyderabad,17.385,78.4867,2023-02-15,2023,2,15,23.9,38.292,1.667,10.529,268.0,217.708,50.292,345.392,25.572,11.454
Hyderabad,17.385,78.4867,2023-02-16,2023,2,16,24.567,37.333,0.0,11.583,268.958,218.625,50.333,345.658,25.66,11.47
Hyderabad,17.385,78.4867,2023-02-17,2023,2,17,24.438,39.75,0.0,8.442,267.208,217.042,50.167,341.892,25.492,11.485
Hyderabad,17.385,78.4867,2023-02-18,2023,2,18,24.783,46.667,0.0,5.746,267.083,216.417,50.667,339.742,25.48,11.501
Hyderabad,17.385,78.4867,2023-02-19,2023,2,19,25.067,57.542,0.0,7.975,265.5,214.208,51.292,334.308,25.324,11.516
Hyderabad,17.385,78.4867,2023-02-20,2023,2,20,25.425,55.75,0.0,6.871,270.167,219.125,51.042,341.383,25.768,11.532
Hyderabad,17.385,78.4867,2023-02-21,2023,2,21,26.088,48.542,0.0,7.521,275.542,224.542,51.0,349.071,26.276,11.548
Hyderabad,17.385,78.4867,2023-02-22,2023,2,22,26.229,43.417,4.083,7.85,276.333,225.333,51.0,349.75,26.348,11.564
Hyderabad,17.385,78.4867,2023-02-23,2023,2,23,26.112,45.625,3.417,7.771,275.458,224.583,50.875,347.05,26.264,11.579
Hyderabad,17.385,78.4867,2023-02-24,2023,2,24,26.346,45.167,0.0,8.233,278.167,226.875,51.292,349.346,26.52,11.595
Hyderabad,17.385,78.4867,2023-02-25,2023,2,25,26.713,39.042,0.0,8.35,281.917,230.333,51.583,354.071,26.876,11.611
Hyderabad,17.385,78.4867,2023-02-26,2023,2,26,26.396,40.458,0.0,8.433,280.208,228.667,51.542,350.525,26.712,11.627
Hyderabad,17.385,78.4867,2023-02-27,2023,2,27,25.983,41.833,0.0,9.483,278.875,227.375,51.5,347.071,26.58,11.643
Hyderabad,17.385,78.4867,2023-02-28,2023,2,28,26.037,43.875,0.0,12.108,280.542,228.958,51.583,348.825,26.736,11.658
Hyderabad,17.385,78.4867,2023-03-01,2023,3,1,25.85,42.708,0.0,12.071,281.708,229.958,51.75,349.075,26.848,11.674
Hyderabad,17.385,78.4867,2023-03-02,2023,3,2,25.771,41.417,0.0,10.275,282.75,230.833,51.917,349.733,26.944,11.69
Hyderabad,17.385,78.4867,2023-03-03,2023,3,3,26.229,44.5,15.125,8.983,256.458,194.5,61.958,284.033,24.472,11.489
Hyderabad,17.385,78.4867,2023-03-04,2023,3,4,26.721,38.417,7.958,9.571,282.083,229.208,52.875,343.188,26.876,11.723
Hyderabad,17.385,78.4867,2023-03-05,2023,3,5,26.75,37.792,0.0,9.258,285.958,234.0,51.958,351.346,27.244,11.739
Hyderabad,17.385,78.4867,2023-03-06,2023,3,6,26.583,42.75,6.583,7.504,278.708,225.208,53.5,334.4,26.576,11.756
Hyderabad,17.385,78.4867,2023-03-07,2023,3,7,24.892,50.75,14.0,10.796,277.333,221.833,55.5,328.067,26.448,11.772
Hyderabad,17.385,78.4867,2023-03-08,2023,3,8,25.683,46.958,23.958,8.371,255.417,196.167,59.25,296.433,24.348,11.789
Hyderabad,17.385,78.4867,2023-03-09,2023,3,9,26.008,46.542,26.875,10.125,277.125,222.167,54.958,326.317,26.448,11.679
Hyderabad,17.385,78.4867,2023-03-10,2023,3,10,26.121,46.25,3.875,7.929,282.042,227.75,54.292,335.279,26.876,11.822
Hyderabad,17.385,78.4867,2023-03-11,2023,3,11,26.138,50.708,4.5,9.967,275.625,219.708,55.917,325.325,26.26,11.839
Hyderabad,17.385,78.4867,2023-03-12,2023,3,12,26.742,49.75,3.583,10.829,282.25,224.75,57.5,327.646,26.876,11.856
Hyderabad,17.385,78.4867,2023-03-13,2023,3,13,26.629,42.167,43.625,9.638,282.333,215.708,66.625,307.488,26.92,11.308
Hyderabad,17.385,78.4867,2023-03-14,2023,3,14,27.108,36.417,21.0,10.267,268.125,205.667,62.458,292.675,25.592,11.238
Hyderabad,17.385,78.4867,2023-03-15,2023,3,15,26.35,41.042,44.583,10.342,262.458,194.917,67.542,272.575,25.06,10.626
Hyderabad,17.385,78.4867,2023-03-16,2023,3,16,24.2,74.875,57.917,6.929,236.5,161.708,74.792,230.5,22.568,11.234
Hyderabad,17.385,78.4867,2023-03-17,2023,3,17,22.929,83.208,83.083,8.846,173.958,64.708,109.25,97.933,16.544,7.821
Hyderabad,17.385,78.4867,2023-03-18,2023,3,18,23.888,78.333,57.042,9.938,212.333,132.667,79.667,179.417,20.24,10.363
Hyderabad,17.385,78.4867,2023-03-19,2023,3,19,23.467,75.458,39.458,6.942,253.833,186.458,67.375,270.933,24.188,11.886
Hyderabad,17.385,78.4867,2023-03-20,2023,3,20,25.558,65.083,30.167,7.629,249.083,179.0,70.083,251.888,23.684,11.68
Hyderabad,17.385,78.4867,2023-03-21,2023,3,21,25.783,50.625,26.375,7.979,290.875,225.125,65.75,318.7,27.696,11.893
Hyderabad,17.385,78.4867,2023-03-22,2023,3,22,26.533,52.458,13.708,7.475,278.917,221.208,57.708,318.783,26.556,11.896
Hyderabad,17.385,78.4867,2023-03-23,2023,3,23,26.846,54.542,29.042,6.663,268.458,205.875,62.583,297.758,25.552,11.899
Hyderabad,17.385,78.4867,2023-03-24,2023,3,24,27.804,63.625,25.75,6.883,244.542,180.5,64.042,253.721,23.316,11.756
Hyderabad,17.385,78.4867,2023-03-25,2023,3,25,27.621,70.125,60.75,8.567,234.375,165.917,68.458,228.479,22.352,11.335
Hyderabad,17.385,78.4867,2023-03-26,2023,3,26,28.175,67.083,19.583,7.871,237.458,171.167,66.292,234.496,22.62,11.401
Hyderabad,17.385,78.4867,2023-03-27,2023,3,27,28.067,58.667,24.75,9.237,298.417,240.333,58.083,344.2,28.4,11.912
Hyderabad,17.385,78.4867,2023-03-28,2023,3,28,28.883,55.583,18.208,8.275,283.833,221.292,62.542,318.883,27.004,11.915
Hyderabad,17.385,78.4867,2023-03-29,2023,3,29,28.908,62.5,9.0,11.479,266.833,199.792,67.042,273.392,25.4,11.917
Hyderabad,17.385,78.4867,2023-03-30,2023,3,30,29.575,52.625,1.333,10.358,306.333,250.25,56.083,356.208,29.148,11.921
Hyderabad,17.385,78.4867,2023-03-31,2023,3,31,29.075,51.792,36.833,8.729,253.75,189.042,64.708,273.7,24.12,11.925
Hyderabad,17.385,78.4867,2023-04-01,2023,4,1,28.583,53.458,25.958,7.971,271.0,207.5,63.5,303.562,25.776,11.928
Hyderabad,17.385,78.4867,2023-04-02,2023,4,2,28.408,63.5,25.167,6.375,250.625,184.25,66.375,262.983,23.856,11.931
Hyderabad,17.385,78.4867,2023-04-03,2023,4,3,29.792,55.417,17.333,10.129,263.625,198.375,65.25,282.675,25.08,11.934
Hyderabad,17.385,78.4867,2023-04-04,2023,4,4,30.108,54.958,16.917,10.692,263.792,201.417,62.375,282.208,25.144,11.937
Hyderabad,17.385,78.4867,2023-04-05,2023,4,5,29.821,54.25,30.5,6.883,256.625,189.292,67.333,266.246,24.44,11.941
Hyderabad,17.385,78.4867,2023-04-06,2023,4,6,29.275,61.333,29.833,7.121,245.167,177.542,67.625,248.258,23.536,11.944
Hyderabad,17.385,78.4867,2023-04-07,2023,4,7,27.971,62.583,53.583,8.492,222.25,146.25,76.0,198.288,21.336,11.499
Hyderabad,17.385,78.4867,2023-04-08,2023,4,8,28.092,58.333,28.875,9.138,278.792,217.042,61.75,297.892,26.764,11.951
Hyderabad,17.385,78.4867,2023-04-09,2023,4,9,29.463,46.542,10.125,8.654,272.542,211.833,60.708,300.554,26.164,11.955
Hyderabad,17.385,78.4867,2023-04-10,2023,4,10,30.108,37.833,0.708,9.479,304.625,245.583,59.042,342.658,29.244,11.958
Hyderabad,17.385,78.4867,2023-04-11,2023,4,11,30.867,39.25,9.333,8.688,296.75,234.792,61.958,319.929,28.488,11.962
Hyderabad,17.385,78.4867,2023-04-12,2023,4,12,31.592,39.583,16.333,7.488,282.208,218.958,63.25,301.775,27.092,11.965
Hyderabad,17.385,78.4867,2023-04-13,2023,4,13,32.2,38.708,31.792,6.504,274.042,208.125,65.917,287.138,26.308,11.735
Hyderabad,17.385,78.4867,2023-04-14,2023,4,14,31.529,41.167,85.875,6.875,271.125,192.0,79.125,247.521,26.028,10.96
Hyderabad,17.385,78.4867,2023-04-15,2023,4,15,29.725,48.375,80.208,12.021,259.25,161.667,97.583,209.246,24.888,10.411
Hyderabad,17.385,78.4867,2023-04-16,2023,4,16,31.062,43.542,17.625,7.554,267.542,202.75,64.792,279.983,25.684,11.98
Hyderabad,17.385,78.4867,2023-04-17,2023,4,17,31.713,38.542,31.25,7.646,284.208,219.25,64.958,302.7,27.284,11.984
Hyderabad,17.385,78.4867,2023-04-18,2023,4,18,32.354,31.833,8.875,10.304,294.75,227.875,66.875,306.9,28.296,12.025
Hyderabad,17.385,78.4867,2023-04-19,2023,4,19,32.192,36.833,18.583,5.392,286.042,219.625,66.417,300.729,27.46,12.024
Hyderabad,17.385,78.4867,2023-04-20,2023,4,20,32.171,36.542,26.583,6.913,282.708,219.083,63.625,301.812,27.14,12.022
Hyderabad,17.385,78.4867,2023-04-21,2023,4,21,29.612,45.542,16.542,9.342,294.583,231.292,63.292,308.204,28.28,12.0
Hyderabad,17.385,78.4867,2023-04-22,2023,4,22,29.579,51.167,20.042,8.054,276.292,208.0,68.292,283.854,26.524,12.0
Hyderabad,17.385,78.4867,2023-04-23,2023,4,23,29.4,47.583,11.333,8.487,292.833,227.917,64.917,318.792,28.112,12.08
Hyderabad,17.385,78.4867,2023-04-24,2023,4,24,28.862,68.333,56.958,13.908,253.292,176.375,76.917,231.817,24.316,11.706
Hyderabad,17.385,78.4867,2023-04-25,2023,4,25,28.338,67.083,34.583,14.858,260.542,188.542,72.0,255.258,25.012,12.0
Hyderabad,17.385,78.4867,2023-04-26,2023,4,26,28.142,62.042,28.333,11.763,283.958,215.417,68.542,283.312,27.26,11.953
Hyderabad,17.385,78.4867,2023-04-27,2023,4,27,28.7,56.042,35.542,9.492,253.125,182.125,71.0,248.042,24.3,11.48
Hyderabad,17.385,78.4867,2023-04-28,2023,4,28,27.604,66.333,42.917,5.462,254.833,178.208,76.625,243.746,24.464,12.057
Hyderabad,17.385,78.4867,2023-04-29,2023,4,29,26.975,70.208,36.542,8.567,264.708,189.167,75.542,249.342,25.412,11.557
Hyderabad,17.385,78.4867,2023-04-30,2023,4,30,26.75,70.917,35.208,7.933,232.167,157.75,74.417,218.4,22.288,12.049
Hyderabad,17.385,78.4867,2023-05-01,2023,5,1,25.354,80.458,61.125,10.267,209.375,110.208,99.167,164.592,20.1,11.569
Hyderabad,17.385,78.4867,2023-05-02,2023,5,2,25.667,80.417,64.75,12.15,213.958,129.417,84.542,162.492,20.54,10.636
Hyderabad,17.385,78.4867,2023-05-03,2023,5,3,26.546,77.292,52.75,8.021,227.125,142.167,84.958,191.054,21.804,11.716
Hyderabad,17.385,78.4867,2023-05-04,2023,5,4,27.442,75.5,63.375,7.333,242.917,160.542,82.375,207.196,23.32,11.0
Hyderabad,17.385,78.4867,2023-05-05,2023,5,5,27.096,78.5,77.25,4.913,230.583,146.125,84.458,185.842,22.136,10.368
Hyderabad,17.385,78.4867,2023-05-06,2023,5,6,28.354,69.792,83.5,7.2,250.292,174.958,75.333,233.35,24.028,11.908
Hyderabad,17.385,78.4867,2023-05-07,2023,5,7,28.804,70.042,55.625,5.812,223.25,142.083,81.167,200.225,21.432,11.958
Hyderabad,17.385,78.4867,2023-05-08,2023,5,8,30.204,63.667,22.417,6.479,267.917,199.417,68.5,271.838,25.72,12.23
Hyderabad,17.385,78.4867,2023-05-09,2023,5,9,30.225,64.542,70.125,6.667,262.542,178.625,83.917,237.362,25.204,11.388
Hyderabad,17.385,78.4867,2023-05-10,2023,5,10,30.658,67.958,85.5,5.054,233.375,151.708,81.667,193.908,22.404,8.762
Hyderabad,17.385,78.4867,2023-05-11,2023,5,11,30.929,58.917,75.375,6.296,265.125,187.542,77.583,259.162,25.452,12.011
Hyderabad,17.385,78.4867,2023-05-12,2023,5,12,31.162,49.833,74.292,9.642,305.083,235.792,69.292,331.192,29.288,12.36
Hyderabad,17.385,78.4867,2023-05-13,2023,5,13,32.129,41.792,99.208,12.583,310.25,240.25,70.0,329.204,29.78,12.358
Hyderabad,17.385,78.4867,2023-05-14,2023,5,14,31.8,40.708,34.208,15.462,313.25,249.625,63.625,343.225,30.068,12.286
Hyderabad,17.385,78.4867,2023-05-15,2023,5,15,32.742,40.458,11.5,16.425,301.375,237.833,63.542,328.533,28.928,12.496
Hyderabad,17.385,78.4867,2023-05-16,2023,5,16,32.358,39.5,2.833,13.525,308.625,248.542,60.083,344.254,29.624,12.565
Hyderabad,17.385,78.4867,2023-05-17,2023,5,17,32.129,39.875,6.542,10.808,316.833,255.625,61.208,353.104,30.412,12.564
Hyderabad,17.385,78.4867,2023-05-18,2023,5,18,32.329,39.333,31.167,7.483,247.333,168.875,78.458,233.162,23.74,12.208
Hyderabad,17.385,78.4867,2023-05-19,2023,5,19,32.642,45.833,19.208,9.5,281.708,211.792,69.917,297.329,27.04,12.491
Hyderabad,17.385,78.4867,2023-05-20,2023,5,20,32.129,46.958,29.958,8.137,256.917,183.458,73.458,250.2,24.66,12.49
Hyderabad,17.385,78.4867,2023-05-21,2023,5,21,32.096,46.0,22.333,7.446,282.333,218.208,64.125,299.967,27.1,12.489
Hyderabad,17.385,78.4867,2023-05-22,2023,5,22,31.329,50.625,42.083,6.567,291.875,223.5,68.375,301.825,28.016,12.395
Hyderabad,17.385,78.4867,2023-05-23,2023,5,23,31.929,48.833,14.708,6.196,279.708,211.75,67.958,293.854,26.848,12.488
Hyderabad,17.385,78.4867,2023-05-24,2023,5,24,32.387,47.167,26.583,7.392,263.292,195.667,67.625,267.4,25.272,12.344
Hyderabad,17.385,78.4867,2023-05-25,2023,5,25,31.979,49.708,35.583,13.388,256.125,185.417,70.708,245.571,24.584,12.344
Hyderabad,17.385,78.4867,2023-05-26,2023,5,26,32.05,46.167,17.208,15.058,275.708,209.0,66.708,278.883,26.464,12.487
Hyderabad,17.385,78.4867,2023-05-27,2023,5,27,32.146,45.0,21.25,11.429,263.25,197.042,66.208,273.092,25.268,12.487
Hyderabad,17.385,78.4867,2023-05-28,2023,5,28,32.358,44.375,19.917,9.462,271.542,204.458,67.083,289.642,26.064,12.559
Hyderabad,17.385,78.4867,2023-05-29,2023,5,29,32.471,46.333,29.5,6.262,258.667,189.5,69.167,257.654,24.824,12.343
Hyderabad,17.385,78.4867,2023-05-30,2023,5,30,29.958,57.583,81.792,6.258,264.208,172.375,91.833,239.421,25.356,12.318
Hyderabad,17.385,78.4867,2023-05-31,2023,5,31,31.808,51.0,63.583,9.717,270.583,200.292,70.292,275.062,25.972,12.343
Hyderabad,17.385,78.4867,2023-06-01,2023,6,1,32.938,42.667,67.375,7.4,272.708,203.917,68.792,281.921,26.172,12.343
Hyderabad,17.385,78.4867,2023-06-02,2023,6,2,33.271,40.583,23.375,13.646,291.792,225.25,66.542,306.442,28.004,12.416
Hyderabad,17.385,78.4867,2023-06-03,2023,6,3,33.833,40.083,25.5,11.013,276.125,208.667,67.458,286.967,26.5,12.489
Hyderabad,17.385,78.4867,2023-06-04,2023,6,4,31.142,51.792,42.333,12.446,259.625,180.208,79.417,247.312,24.916,11.581
Hyderabad,17.385,78.4867,2023-06-05,2023,6,5,30.517,53.958,17.083,12.892,291.375,226.583,64.792,309.408,27.964,12.345
Hyderabad,17.385,78.4867,2023-06-06,2023,6,6,32.292,48.25,32.792,11.442,268.0,200.583,67.417,273.612,25.72,12.418
Hyderabad,17.385,78.4867,2023-06-07,2023,6,7,32.471,50.292,43.542,13.017,267.625,197.042,70.583,267.796,25.684,12.315
Hyderabad,17.385,78.4867,2023-06-08,2023,6,8,31.692,54.667,49.917,16.896,279.125,212.625,66.5,284.671,26.788,12.347
Hyderabad,17.385,78.4867,2023-06-09,2023,6,9,32.179,53.208,50.5,19.529,283.75,214.958,68.792,288.979,27.232,12.202
Hyderabad,17.385,78.4867,2023-06-10,2023,6,10,31.333,56.333,60.458,18.867,289.208,222.75,66.458,300.317,27.756,12.422
Hyderabad,17.385,78.4867,2023-06-11,2023,6,11,30.442,60.542,71.333,18.108,224.708,133.25,91.458,190.479,21.56,12.0
Hyderabad,17.385,78.4867,2023-06-12,2023,6,12,31.692,52.708,37.25,15.962,288.083,221.708,66.375,290.704,27.644,12.039
Hyderabad,17.385,78.4867,2023-06-13,2023,6,13,32.358,46.417,12.542,18.338,301.542,236.125,65.417,321.592,28.936,12.353
Hyderabad,17.385,78.4867,2023-06-14,2023,6,14,32.408,47.833,20.0,19.037,288.5,220.792,67.708,300.0,27.684,12.354
Hyderabad,17.385,78.4867,2023-06-15,2023,6,15,32.404,47.458,24.417,18.45,286.875,217.542,69.333,294.229,27.528,12.283
Hyderabad,17.385,78.4867,2023-06-16,2023,6,16,32.846,43.917,14.708,17.758,298.5,234.375,64.125,316.846,28.644,12.284
Hyderabad,17.385,78.4867,2023-06-17,2023,6,17,32.8,47.542,42.417,17.379,279.958,212.208,67.75,284.708,26.864,12.213
Hyderabad,17.385,78.4867,2023-06-18,2023,6,18,32.804,47.667,45.875,15.562,280.625,212.875,67.75,287.4,26.928,12.159
Hyderabad,17.385,78.4867,2023-06-19,2023,6,19,32.442,49.042,87.0,13.35,251.083,170.542,80.542,240.562,24.092,12.002
Hyderabad,17.385,78.4867,2023-06-20,2023,6,20,32.387,48.667,68.708,11.692,268.042,193.083,74.958,254.671,25.72,11.376
Hyderabad,17.385,78.4867,2023-06-21,2023,6,21,31.688,51.333,87.542,12.408,242.792,165.125,77.667,213.696,23.296,10.432
Hyderabad,17.385,78.4867,2023-06-22,2023,6,22,29.071,64.583,99.375,13.054,149.542,63.333,86.208,84.8,14.352,6.788
Hyderabad,17.385,78.4867,2023-06-23,2023,6,23,27.946,72.667,100.0,10.883,143.125,38.375,104.75,45.562,13.732,3.468
Hyderabad,17.385,78.4867,2023-06-24,2023,6,24,26.079,83.625,99.833,11.929,88.833,15.5,73.333,28.1,8.516,2.301
Hyderabad,17.385,78.4867,2023-06-25,2023,6,25,25.838,86.875,100.0,16.125,130.042,39.625,90.417,51.742,12.476,4.665
Hyderabad,17.385,78.4867,2023-06-26,2023,6,26,26.242,82.208,99.958,17.525,114.792,19.083,95.708,23.588,11.012,0.977
Hyderabad,17.385,78.4867,2023-06-27,2023,6,27,26.654,78.625,100.0,17.588,129.0,24.625,104.375,29.908,12.376,1.815
Hyderabad,17.385,78.4867,2023-06-28,2023,6,28,27.562,75.417,100.0,16.692,192.583,68.292,124.292,92.1,18.476,8.302
Hyderabad,17.385,78.4867,2023-06-29,2023,6,29,28.238,69.792,98.5,18.379,237.875,139.625,98.25,186.746,22.824,12.0
Hyderabad,17.385,78.4867,2023-06-30,2023,6,30,29.104,63.042,96.208,22.254,195.25,87.75,107.5,126.979,18.724,11.652
Hyderabad,17.385,78.4867,2023-07-01,2023,7,1,29.721,63.417,54.958,20.25,268.458,191.375,77.083,256.638,25.76,11.412
Hyderabad,17.385,78.4867,2023-07-02,2023,7,2,29.108,68.208,57.167,17.733,226.625,139.708,86.917,192.408,21.74,11.412
Hyderabad,17.385,78.4867,2023-07-03,2023,7,3,29.037,71.25,87.75,15.221,233.542,137.5,96.042,181.204,22.404,11.229
Hyderabad,17.385,78.4867,2023-07-04,2023,7,4,28.463,74.917,89.458,12.312,202.583,99.75,102.833,123.512,19.436,6.289
Hyderabad,17.385,78.4867,2023-07-05,2023,7,5,27.271,78.792,97.333,11.392,129.833,42.708,87.125,52.721,12.456,3.942
Hyderabad,17.385,78.4867,2023-07-06,2023,7,6,26.425,79.833,99.667,19.292,117.25,25.833,91.417,35.338,11.248,2.006
Hyderabad,17.385,78.4867,2023-07-07,2023,7,7,27.062,74.0,99.042,22.562,152.125,52.542,99.583,68.179,14.592,5.926
Hyderabad,17.385,78.4867,2023-07-08,2023,7,8,26.821,76.458,98.417,19.771,127.958,32.625,95.333,47.329,12.272,4.404
Hyderabad,17.385,78.4867,2023-07-09,2023,7,9,28.379,69.75,80.417,17.171,183.708,83.917,99.792,123.413,17.62,10.261
Hyderabad,17.385,78.4867,2023-07-10,2023,7,10,28.6,68.542,88.708,15.75,239.583,145.083,94.5,200.75,22.984,11.65
Hyderabad,17.385,78.4867,2023-07-11,2023,7,11,26.488,76.583,99.125,14.592,149.333,43.375,105.958,58.817,14.32,5.275
Hyderabad,17.385,78.4867,2023-07-12,2023,7,12,26.088,77.708,97.208,13.421,181.458,84.583,96.875,115.371,17.404,9.784
Hyderabad,17.385,78.4867,2023-07-13,2023,7,13,27.917,71.792,95.167,13.008,180.042,84.417,95.625,122.504,17.268,11.055
Hyderabad,17.385,78.4867,2023-07-14,2023,7,14,28.321,73.208,97.5,13.992,207.958,100.458,107.5,141.096,19.952,11.507
Hyderabad,17.385,78.4867,2023-07-15,2023,7,15,27.029,76.625,99.333,16.875,152.833,45.333,107.5,67.362,14.664,6.347
Hyderabad,17.385,78.4867,2023-07-16,2023,7,16,26.15,81.958,100.0,16.604,112.417,14.958,97.458,20.433,10.78,0.479
Hyderabad,17.385,78.4867,2023-07-17,2023,7,17,25.762,83.083,99.958,19.338,94.25,17.167,77.083,23.362,9.04,1.366
Hyderabad,17.385,78.4867,2023-07-18,2023,7,18,23.775,92.417,100.0,26.454,73.792,6.042,67.75,7.571,7.08,0.059
Hyderabad,17.385,78.4867,2023-07-19,2023,7,19,23.608,93.375,100.0,27.442,42.833,0.917,41.917,1.029,4.108,0.0
Hyderabad,17.385,78.4867,2023-07-20,2023,7,20,23.496,93.417,100.0,24.213,49.125,4.125,45.0,5.346,4.712,0.0
Hyderabad,17.385,78.4867,2023-07-21,2023,7,21,24.054,92.542,100.0,22.883,72.833,11.0,61.833,13.0,6.988,0.516
Hyderabad,17.385,78.4867,2023-07-22,2023,7,22,25.088,87.708,99.708,21.762,130.417,43.167,87.25,58.125,12.512,4.845
Hyderabad,17.385,78.4867,2023-07-23,2023,7,23,25.317,87.375,98.25,20.771,117.208,37.042,80.167,54.646,11.244,5.257
Hyderabad,17.385,78.4867,2023-07-24,2023,7,24,25.338,87.792,99.958,19.708,85.958,16.75,69.208,20.9,8.248,2.012
Hyderabad,17.385,78.4867,2023-07-25,2023,7,25,23.858,93.792,99.917,24.446,53.042,3.542,49.5,4.771,5.088,0.0
Hyderabad,17.385,78.4867,2023-07-26,2023,7,26,24.25,90.292,100.0,23.454,87.833,10.417,77.417,12.862,8.432,0.206
Hyderabad,17.385,78.4867,2023-07-27,2023,7,27,23.554,93.792,99.958,26.354,27.5,1.833,25.667,1.867,2.636,0.0
Hyderabad,17.385,78.4867,2023-07-28,2023,7,28,25.008,85.625,99.792,23.317,97.667,27.792,69.875,34.433,9.372,2.029
Hyderabad,17.385,78.4867,2023-07-29,2023,7,29,25.942,81.333,99.5,20.892,166.833,70.625,96.208,90.45,16.008,8.497
Hyderabad,17.385,78.4867,2023-07-30,2023,7,30,26.167,80.292,99.583,20.037,171.167,62.917,108.25,90.121,16.424,8.991
Hyderabad,17.385,78.4867,2023-07-31,2023,7,31,26.325,82.292,99.875,20.067,176.833,65.542,111.292,79.654,16.972,6.021
Hyderabad,17.385,78.4867,2023-08-01,2023,8,1,26.304,81.708,98.958,22.062,205.0,110.292,94.708,139.533,19.672,10.268
Hyderabad,17.385,78.4867,2023-08-02,2023,8,2,26.696,77.125,100.0,25.242,183.792,67.292,116.5,81.546,17.636,7.496
Hyderabad,17.385,78.4867,2023-08-03,2023,8,3,26.463,77.375,99.667,24.604,166.25,52.25,114.0,64.567,15.952,6.465
Hyderabad,17.385,78.4867,2023-08-04,2023,8,4,27.408,74.542,60.292,19.579,229.083,147.542,81.542,192.188,21.988,10.507
Hyderabad,17.385,78.4867,2023-08-05,2023,8,5,27.417,76.208,81.333,18.762,229.292,137.75,91.542,181.267,22.004,10.98
Hyderabad,17.385,78.4867,2023-08-06,2023,8,6,27.542,74.5,72.25,19.521,224.583,140.333,84.25,187.733,21.552,11.75
Hyderabad,17.385,78.4867,2023-08-07,2023,8,7,27.358,72.917,100.0,18.596,167.083,53.042,114.042,76.688,16.032,8.252
Hyderabad,17.385,78.4867,2023-08-08,2023,8,8,27.175,75.833,89.708,16.05,205.917,99.958,105.958,135.925,19.764,10.814
Hyderabad,17.385,78.4867,2023-08-09,2023,8,9,27.15,76.75,92.208,13.471,210.917,95.542,115.375,129.429,20.244,9.991
Hyderabad,17.385,78.4867,2023-08-10,2023,8,10,27.65,76.583,49.917,10.492,222.375,146.417,75.958,194.371,21.344,11.812
Hyderabad,17.385,78.4867,2023-08-11,2023,8,11,28.05,73.708,75.708,10.662,253.5,172.333,81.167,230.025,24.332,11.872
Hyderabad,17.385,78.4867,2023-08-12,2023,8,12,27.046,76.958,90.708,12.062,238.75,142.458,96.292,192.204,22.916,11.557
Hyderabad,17.385,78.4867,2023-08-13,2023,8,13,27.708,73.375,97.125,12.971,230.542,136.75,93.792,171.079,22.128,10.134
Hyderabad,17.385,78.4867,2023-08-14,2023,8,14,27.467,74.875,94.458,11.538,186.625,80.25,106.375,106.871,17.912,7.944
Hyderabad,17.385,78.4867,2023-08-15,2023,8,15,27.25,73.292,71.833,11.592,201.667,121.333,80.333,161.233,19.356,10.812
Hyderabad,17.385,78.4867,2023-08-16,2023,8,16,27.463,74.875,54.125,10.942,229.0,149.417,79.583,202.646,21.98,11.644
Hyderabad,17.385,78.4867,2023-08-17,2023,8,17,26.988,78.75,99.875,12.258,153.0,63.083,89.917,82.408,14.688,5.634
Hyderabad,17.385,78.4867,2023-08-18,2023,8,18,26.054,78.042,99.667,15.775,134.333,33.833,100.5,47.342,12.896,4.298
Hyderabad,17.385,78.4867,2023-08-19,2023,8,19,24.463,85.333,98.0,17.05,103.083,18.958,84.125,24.321,9.896,1.701
Hyderabad,17.385,78.4867,2023-08-20,2023,8,20,26.271,79.208,61.25,15.142,203.833,115.208,88.625,157.046,19.568,11.389
Hyderabad,17.385,78.4867,2023-08-21,2023,8,21,27.454,73.792,72.833,11.95,233.583,147.5,86.083,195.083,22.424,11.059
Hyderabad,17.385,78.4867,2023-08-22,2023,8,22,27.525,76.917,97.042,8.996,216.583,125.25,91.333,166.671,20.792,10.875
Hyderabad,17.385,78.4867,2023-08-23,2023,8,23,27.537,75.583,98.5,10.658,235.583,137.667,97.917,180.067,22.616,10.683
Hyderabad,17.385,78.4867,2023-08-24,2023,8,24,27.596,71.917,99.792,12.2,233.375,124.25,109.125,158.883,22.404,9.747
Hyderabad,17.385,78.4867,2023-08-25,2023,8,25,27.758,74.083,94.958,14.638,185.333,83.25,102.083,109.921,17.792,9.764
Hyderabad,17.385,78.4867,2023-08-26,2023,8,26,27.225,80.083,98.667,13.225,182.833,80.333,102.5,111.679,17.552,10.196
Hyderabad,17.385,78.4867,2023-08-27,2023,8,27,27.758,74.292,81.75,13.7,247.5,168.417,79.083,224.375,23.76,11.17
Hyderabad,17.385,78.4867,2023-08-28,2023,8,28,27.096,76.333,79.417,13.237,262.583,191.833,70.75,258.65,25.208,11.589
Hyderabad,17.385,78.4867,2023-08-29,2023,8,29,27.046,76.208,35.917,10.725,226.875,145.125,81.75,197.842,21.78,11.662
Hyderabad,17.385,78.4867,2023-08-30,2023,8,30,27.683,70.833,31.792,8.929,262.167,193.083,69.083,266.121,25.168,11.969
Hyderabad,17.385,78.4867,2023-08-31,2023,8,31,27.792,73.75,43.542,9.513,244.208,168.625,75.583,233.854,23.444,11.74
Hyderabad,17.385,78.4867,2023-09-01,2023,9,1,28.529,75.167,54.375,6.721,235.458,164.083,71.375,225.917,22.604,11.678
Hyderabad,17.385,78.4867,2023-09-02,2023,9,2,27.846,79.292,99.625,8.513,158.292,55.167,103.125,73.362,15.084,4.411
Hyderabad,17.385,78.4867,2023-09-03,2023,9,3,24.979,89.5,99.542,12.062,115.292,26.708,88.583,30.917,11.004,2.423
Hyderabad,17.385,78.4867,2023-09-04,2023,9,4,24.021,94.083,100.0,14.833,34.958,1.125,33.833,1.454,3.32,0.0
Hyderabad,17.385,78.4867,2023-09-05,2023,9,5,24.158,92.083,99.958,17.646,49.583,3.917,45.667,4.942,4.696,0.0
Hyderabad,17.385,78.4867,2023-09-06,2023,9,6,25.708,85.542,99.958,15.771,153.292,51.0,102.292,64.038,14.656,5.573
Hyderabad,17.385,78.4867,2023-09-07,2023,9,7,25.896,81.458,99.792,19.5,166.667,65.833,100.833,87.983,15.884,9.035
Hyderabad,17.385,78.4867,2023-09-08,2023,9,8,25.504,81.708,86.958,21.25,119.875,36.167,83.708,56.538,11.412,5.44
Hyderabad,17.385,78.4867,2023-09-09,2023,9,9,25.817,84.292,89.125,18.596,146.333,65.708,80.625,88.488,13.896,8.113
Hyderabad,17.385,78.4867,2023-09-10,2023,9,10,25.621,86.583,94.292,16.504,158.042,85.958,72.083,122.271,15.136,7.953
Hyderabad,17.385,78.4867,2023-09-11,2023,9,11,26.575,80.25,98.542,15.875,223.375,128.958,94.417,173.242,21.316,10.674
Hyderabad,17.385,78.4867,2023-09-12,2023,9,12,26.812,80.417,98.0,15.354,187.708,97.542,90.167,130.233,17.952,8.623
Hyderabad,17.385,78.4867,2023-09-13,2023,9,13,26.646,78.042,99.917,13.371,215.25,104.125,111.125,133.183,20.584,8.983
Hyderabad,17.385,78.4867,2023-09-14,2023,9,14,25.771,84.125,99.958,13.275,76.542,6.75,69.792,7.912,7.288,0.02
Hyderabad,17.385,78.4867,2023-09-15,2023,9,15,26.512,78.167,100.0,15.275,190.75,92.333,98.417,131.146,18.188,9.668
Hyderabad,17.385,78.4867,2023-09-16,2023,9,16,26.662,77.5,95.292,14.925,214.708,134.5,80.208,188.704,20.528,11.1
Hyderabad,17.385,78.4867,2023-09-17,2023,9,17,27.012,74.833,87.958,13.342,235.875,152.0,83.875,222.383,22.528,11.375
Hyderabad,17.385,78.4867,2023-09-18,2023,9,18,27.404,74.792,83.167,13.6,253.917,182.583,71.333,253.712,24.256,11.248
Hyderabad,17.385,78.4867,2023-09-19,2023,9,19,27.592,76.708,90.625,12.412,240.167,158.333,81.833,214.704,22.976,10.949
Hyderabad,17.385,78.4867,2023-09-20,2023,9,20,27.629,78.417,87.042,12.054,203.167,117.792,85.375,160.996,19.456,9.94
Hyderabad,17.385,78.4867,2023-09-21,2023,9,21,26.079,85.833,99.833,8.846,132.792,35.167,97.625,43.688,12.684,3.396
Hyderabad,17.385,78.4867,2023-09-22,2023,9,22,25.367,87.417,99.917,8.392,149.417,43.0,106.417,57.883,14.288,5.324
Hyderabad,17.385,78.4867,2023-09-23,2023,9,23,26.217,84.292,99.667,7.617,172.833,65.458,107.375,89.042,16.544,7.079
Hyderabad,17.385,78.4867,2023-09-24,2023,9,24,26.112,84.542,99.792,10.817,156.917,50.417,106.5,60.488,15.02,5.565
Hyderabad,17.385,78.4867,2023-09-25,2023,9,25,25.183,88.083,99.917,10.438,134.167,33.083,101.083,43.192,12.86,3.826
Hyderabad,17.385,78.4867,2023-09-26,2023,9,26,25.833,85.0,85.667,5.725,156.583,68.125,88.458,92.296,14.968,6.641
Hyderabad,17.385,78.4867,2023-09-27,2023,9,27,26.546,83.667,73.417,5.204,210.0,132.5,77.5,192.662,20.096,11.0
Hyderabad,17.385,78.4867,2023-09-28,2023,9,28,26.688,83.833,85.5,5.642,199.167,124.083,75.083,178.975,19.064,10.613
Hyderabad,17.385,78.4867,2023-09-29,2023,9,29,26.133,83.375,89.292,7.733,188.25,104.25,84.0,142.117,18.024,10.371
Hyderabad,17.385,78.4867,2023-09-30,2023,9,30,26.325,81.75,88.042,10.013,209.333,121.042,88.292,169.675,20.048,10.495
Hyderabad,17.385,78.4867,2023-10-01,2023,10,1,26.688,79.208,98.708,11.312,202.25,129.917,72.333,186.242,19.384,10.626
Hyderabad,17.385,78.4867,2023-10-02,2023,10,2,26.65,80.958,98.083,11.946,142.208,67.083,75.125,102.538,13.62,5.0
Hyderabad,17.385,78.4867,2023-10-03,2023,10,3,27.579,76.167,96.375,12.742,222.667,146.292,76.375,201.683,21.34,10.411
Hyderabad,17.385,78.4867,2023-10-04,2023,10,4,27.9,66.208,55.792,10.942,253.417,190.333,63.083,274.958,24.28,11.025
Hyderabad,17.385,78.4867,2023-10-05,2023,10,5,27.0,64.5,28.5,10.225,267.375,206.75,60.625,304.158,25.616,11.031
Hyderabad,17.385,78.4867,2023-10-06,2023,10,6,26.596,65.792,11.75,10.575,270.375,213.375,57.0,315.904,25.908,11.038
Hyderabad,17.385,78.4867,2023-10-07,2023,10,7,27.088,67.042,30.875,9.179,230.583,161.583,69.0,234.517,22.092,10.993
Hyderabad,17.385,78.4867,2023-10-08,2023,10,8,26.971,68.667,33.583,7.6,206.083,127.208,78.875,197.467,19.752,11.0
Hyderabad,17.385,78.4867,2023-10-09,2023,10,9,27.558,67.292,50.167,6.438,226.792,156.833,69.958,234.267,21.74,11.0
Hyderabad,17.385,78.4867,2023-10-10,2023,10,10,27.858,68.208,39.333,5.675,223.875,159.583,64.292,239.108,21.468,11.0
Hyderabad,17.385,78.4867,2023-10-11,2023,10,11,27.408,70.583,16.208,6.704,219.25,155.542,63.708,238.642,21.016,11.0
Hyderabad,17.385,78.4867,2023-10-12,2023,10,12,27.379,66.75,19.25,7.75,237.625,176.417,61.208,272.896,22.78,11.0
Hyderabad,17.385,78.4867,2023-10-13,2023,10,13,27.192,66.792,27.75,7.446,230.917,171.25,59.667,255.871,22.144,11.0
Hyderabad,17.385,78.4867,2023-10-14,2023,10,14,27.162,67.5,29.958,7.025,241.208,182.375,58.833,274.279,23.132,11.0
Hyderabad,17.385,78.4867,2023-10-15,2023,10,15,27.213,67.25,26.0,5.483,218.708,160.917,57.792,243.996,20.976,11.0
Hyderabad,17.385,78.4867,2023-10-16,2023,10,16,26.775,68.917,39.417,7.379,190.5,127.708,62.792,183.142,18.268,9.138
Hyderabad,17.385,78.4867,2023-10-17,2023,10,17,26.767,68.083,19.958,6.892,227.625,167.875,59.75,250.867,21.832,11.0
Hyderabad,17.385,78.4867,2023-10-18,2023,10,18,26.471,68.125,14.917,7.042,221.292,165.083,56.208,256.021,21.228,11.0
Hyderabad,17.385,78.4867,2023-10-19,2023,10,19,26.417,67.208,17.375,7.712,225.292,165.583,59.708,258.912,21.608,11.0
Hyderabad,17.385,78.4867,2023-10-20,2023,10,20,26.5,68.0,13.208,8.054,228.792,171.667,57.125,265.213,21.948,11.0
Hyderabad,17.385,78.4867,2023-10-21,2023,10,21,26.179,67.667,11.208,8.675,230.375,175.833,54.542,272.762,22.1,11.0
Hyderabad,17.385,78.4867,2023-10-22,2023,10,22,25.65,59.083,28.417,10.3,258.542,207.708,50.833,323.004,24.804,11.0
Hyderabad,17.385,78.4867,2023-10-23,2023,10,23,24.554,61.208,26.792,10.312,258.583,206.625,51.958,322.062,24.812,11.0
Hyderabad,17.385,78.4867,2023-10-24,2023,10,24,24.138,60.083,11.042,9.917,262.417,212.375,50.042,333.621,25.18,11.0
Hyderabad,17.385,78.4867,2023-10-25,2023,10,25,24.271,57.75,22.708,10.521,258.792,208.875,49.917,328.504,24.832,11.0
Hyderabad,17.385,78.4867,2023-10-26,2023,10,26,24.029,56.167,0.667,9.95,259.167,209.875,49.292,331.646,24.868,11.0
Hyderabad,17.385,78.4867,2023-10-27,2023,10,27,24.308,50.667,0.0,8.925,258.542,209.542,49.0,332.367,24.812,11.0
Hyderabad,17.385,78.4867,2023-10-28,2023,10,28,25.233,54.333,12.667,5.917,232.208,179.75,52.458,273.454,22.284,10.622
Hyderabad,17.385,78.4867,2023-10-29,2023,10,29,25.875,67.25,32.75,6.658,216.625,157.042,59.583,250.058,20.788,11.0
Hyderabad,17.385,78.4867,2023-10-30,2023,10,30,25.275,73.833,14.583,5.804,212.083,155.375,56.708,249.942,20.352,11.0
Hyderabad,17.385,78.4867,2023-10-31,2023,10,31,24.908,74.0,37.417,5.679,207.083,140.917,66.167,227.746,19.876,11.0
Hyderabad,17.385,78.4867,2023-11-01,2023,11,1,25.588,68.917,56.417,7.229,190.292,124.375,65.917,210.825,18.264,11.0
Hyderabad,17.385,78.4867,2023-11-02,2023,11,2,25.617,74.167,76.583,6.438,183.792,122.625,61.167,200.529,17.64,10.958
Hyderabad,17.385,78.4867,2023-11-03,2023,11,3,26.088,77.25,58.083,6.167,188.042,127.5,60.542,200.417,18.048,10.819
Hyderabad,17.385,78.4867,2023-11-04,2023,11,4,25.875,80.083,95.167,6.55,177.0,107.375,69.625,168.821,16.988,10.835
Hyderabad,17.385,78.4867,2023-11-05,2023,11,5,25.846,75.917,97.333,7.546,202.0,129.417,72.583,191.588,19.388,9.763
Hyderabad,17.385,78.4867,2023-11-06,2023,11,6,25.529,80.25,86.292,8.85,164.0,89.5,74.5,134.167,15.74,9.28
Hyderabad,17.385,78.4867,2023-11-07,2023,11,7,25.121,83.542,80.208,6.758,140.542,71.625,68.917,115.671,13.492,8.841
Hyderabad,17.385,78.4867,2023-11-08,2023,11,8,24.933,83.375,94.75,6.271,164.375,97.375,67.0,151.096,15.78,9.697
Hyderabad,17.385,78.4867,2023-11-09,2023,11,9,25.429,77.542,86.542,5.842,144.792,69.958,74.833,111.562,13.9,9.748
Hyderabad,17.385,78.4867,2023-11-10,2023,11,10,25.2,68.708,74.417,7.467,165.333,98.375,66.958,165.692,15.868,10.235
Hyderabad,17.385,78.4867,2023-11-11,2023,11,11,25.567,65.5,20.167,7.2,225.583,176.333,49.25,290.996,21.652,11.0
Hyderabad,17.385,78.4867,2023-11-12,2023,11,12,25.517,64.0,53.708,7.421,228.167,179.917,48.25,299.612,21.9,11.0
Hyderabad,17.385,78.4867,2023-11-13,2023,11,13,24.958,64.708,46.208,7.413,229.208,180.833,48.375,300.2,22.0,11.0
Hyderabad,17.385,78.4867,2023-11-14,2023,11,14,24.442,70.542,99.333,6.371,162.0,68.375,93.625,114.317,15.552,8.902
Hyderabad,17.385,78.4867,2023-11-15,2023,11,15,24.221,68.542,73.292,7.396,210.417,144.5,65.917,236.292,20.2,10.959
Hyderabad,17.385,78.4867,2023-11-16,2023,11,16,24.012,63.5,23.333,9.046,228.875,181.292,47.583,306.742,21.972,11.0
Hyderabad,17.385,78.4867,2023-11-17,2023,11,17,24.371,64.042,69.167,7.204,223.833,167.542,56.292,283.162,21.488,11.0
Hyderabad,17.385,78.4867,2023-11-18,2023,11,18,24.683,69.417,28.917,7.5,220.875,168.083,52.792,287.525,21.204,11.0
Hyderabad,17.385,78.4867,2023-11-19,2023,11,19,24.812,71.042,55.042,9.433,219.667,166.458,53.208,281.996,21.088,11.0
Hyderabad,17.385,78.4867,2023-11-20,2023,11,20,24.7,67.083,87.667,6.579,206.5,138.083,68.417,227.479,19.824,10.562
Hyderabad,17.385,78.4867,2023-11-21,2023,11,21,24.604,73.167,51.625,8.775,157.542,92.958,64.583,158.704,15.124,10.542
Hyderabad,17.385,78.4867,2023-11-22,2023,11,22,24.963,77.542,51.167,7.204,157.958,100.917,57.042,169.212,15.164,10.548
Hyderabad,17.385,78.4867,2023-11-23,2023,11,23,23.525,87.042,70.083,9.742,123.417,61.833,61.583,106.308,11.848,9.663
Hyderabad,17.385,78.4867,2023-11-24,2023,11,24,23.479,88.667,71.0,11.158,92.125,31.542,60.583,58.375,8.844,5.669
Hyderabad,17.385,78.4867,2023-11-25,2023,11,25,24.646,74.417,71.958,10.208,189.708,128.458,61.25,206.275,18.212,10.232
Hyderabad,17.385,78.4867,2023-11-26,2023,11,26,24.9,78.667,86.417,11.896,164.667,99.542,65.125,175.088,15.808,10.895
Hyderabad,17.385,78.4867,2023-11-27,2023,11,27,24.292,75.5,46.917,12.05,167.25,95.625,71.625,160.946,16.056,10.672
Hyderabad,17.385,78.4867,2023-11-28,2023,11,28,24.692,73.833,39.917,9.804,181.167,129.0,52.167,219.679,17.392,10.469
Hyderabad,17.385,78.4867,2023-11-29,2023,11,29,24.592,70.833,33.333,10.638,185.458,131.542,53.917,232.85,17.804,10.958
Hyderabad,17.385,78.4867,2023-11-30,2023,11,30,25.071,71.292,55.042,11.396,155.5,89.042,66.458,151.638,14.928,9.439
Hyderabad,17.385,78.4867,2023-12-01,2023,12,1,24.438,64.75,8.167,8.358,214.5,168.583,45.917,296.287,20.592,10.938
Hyderabad,17.385,78.4867,2023-12-02,2023,12,2,24.537,66.75,70.917,9.429,212.042,165.75,46.292,291.233,20.356,10.929
Hyderabad,17.385,78.4867,2023-12-03,2023,12,3,25.188,67.125,93.5,10.412,193.125,131.625,61.5,226.858,18.54,10.919
Hyderabad,17.385,78.4867,2023-12-04,2023,12,4,23.708,72.083,100.0,11.346,98.208,27.417,70.792,51.092,9.428,5.108
Hyderabad,17.385,78.4867,2023-12-05,2023,12,5,21.812,89.417,98.958,15.475,38.875,4.458,34.417,6.408,3.732,0.095
Hyderabad,17.385,78.4867,2023-12-06,2023,12,6,22.358,85.417,83.875,12.821,147.208,74.417,72.792,120.337,14.132,7.192
Hyderabad,17.385,78.4867,2023-12-07,2023,12,7,22.296,80.958,61.792,6.133,161.125,96.5,64.625,165.071,15.464,10.078
Hyderabad,17.385,78.4867,2023-12-08,2023,12,8,22.438,75.833,73.375,6.283,194.042,140.917,53.125,242.921,18.624,10.87
Hyderabad,17.385,78.4867,2023-12-09,2023,12,9,23.158,70.542,37.542,7.479,186.208,131.25,54.958,231.971,17.872,10.86
Hyderabad,17.385,78.4867,2023-12-10,2023,12,10,22.604,65.333,23.083,7.5,190.833,132.0,58.833,235.542,18.316,10.85
Hyderabad,17.385,78.4867,2023-12-11,2023,12,11,22.246,60.417,34.083,7.171,207.417,156.792,50.625,279.479,19.908,10.84
Hyderabad,17.385,78.4867,2023-12-12,2023,12,12,22.3,61.292,31.917,7.817,198.125,144.875,53.25,254.046,19.016,10.698
Hyderabad,17.385,78.4867,2023-12-13,2023,12,13,21.796,64.458,35.917,7.967,181.208,115.792,65.417,215.296,17.392,10.821
Hyderabad,17.385,78.4867,2023-12-14,2023,12,14,21.567,63.375,12.208,8.712,213.917,167.708,46.208,300.05,20.532,10.811
Hyderabad,17.385,78.4867,2023-12-15,2023,12,15,21.408,67.042,17.875,7.192,193.042,137.25,55.792,243.908,18.528,10.714
Hyderabad,17.385,78.4867,2023-12-16,2023,12,16,22.3,74.833,72.792,5.904,129.0,67.417,61.583,125.133,12.38,6.231
Hyderabad,17.385,78.4867,2023-12-17,2023,12,17,23.025,62.208,83.417,8.792,163.042,95.0,68.042,168.975,15.648,9.835
Hyderabad,17.385,78.4867,2023-12-18,2023,12,18,22.037,58.458,72.75,9.821,191.667,124.792,66.875,218.596,18.396,10.632
Hyderabad,17.385,78.4867,2023-12-19,2023,12,19,21.654,59.208,50.792,10.258,197.125,142.708,54.417,264.771,18.916,10.585
Hyderabad,17.385,78.4867,2023-12-20,2023,12,20,21.017,56.792,64.542,7.95,211.375,166.167,45.208,297.625,20.284,10.755
Hyderabad,17.385,78.4867,2023-12-21,2023,12,21,20.375,53.5,64.208,8.483,220.0,176.875,43.125,319.579,21.112,10.747
Hyderabad,17.385,78.4867,2023-12-22,2023,12,22,21.004,49.875,71.917,7.108,215.75,164.75,51.0,284.942,20.704,10.738
Hyderabad,17.385,78.4867,2023-12-23,2023,12,23,21.417,63.958,51.417,8.3,205.5,150.542,54.958,266.875,19.72,10.731
Hyderabad,17.385,78.4867,2023-12-24,2023,12,24,21.546,70.417,58.417,8.171,211.208,162.25,48.958,288.129,20.264,10.723
Hyderabad,17.385,78.4867,2023-12-25,2023,12,25,21.575,70.625,44.542,6.358,214.583,168.958,45.625,302.062,20.588,10.533
Hyderabad,17.385,78.4867,2023-12-26,2023,12,26,21.754,69.375,0.0,7.142,218.083,174.75,43.333,315.471,20.924,10.709
Hyderabad,17.385,78.4867,2023-12-27,2023,12,27,22.246,70.208,0.917,8.162,218.625,175.042,43.583,316.612,20.976,10.702
Hyderabad,17.385,78.4867,2023-12-28,2023,12,28,22.012,71.833,42.458,9.321,214.125,166.0,48.125,297.258,20.54,10.543
Hyderabad,17.385,78.4867,2023-12-29,2023,12,29,21.858,70.083,63.667,9.05,215.417,166.792,48.625,296.629,20.664,10.546
Hyderabad,17.385,78.4867,2023-12-30,2023,12,30,22.183,67.042,0.083,7.112,219.917,176.667,43.25,318.242,21.096,10.681
Hyderabad,17.385,78.4867,2023-12-31,2023,12,31,22.004,66.708,4.875,8.208,220.708,177.375,43.333,318.988,21.168,10.675
Hyderabad,17.385,78.4867,2024-01-01,2024,1,1,22.067,70.167,5.542,8.175,216.583,171.708,44.875,306.708,20.772,10.553
Hyderabad,17.385,78.4867,2024-01-02,2024,1,2,21.738,71.708,4.875,9.412,215.208,170.083,45.125,303.425,20.64,10.556
Hyderabad,17.385,78.4867,2024-01-03,2024,1,3,22.233,72.0,30.417,11.712,199.417,146.458,52.958,248.671,19.124,9.717
Hyderabad,17.385,78.4867,2024-01-04,2024,1,4,22.392,68.125,38.708,12.1,202.25,152.958,49.292,261.096,19.396,10.117
Hyderabad,17.385,78.4867,2024-01-05,2024,1,5,22.179,69.125,19.792,12.879,210.375,160.792,49.583,281.762,20.168,10.34
Hyderabad,17.385,78.4867,2024-01-06,2024,1,6,22.192,67.417,37.708,13.692,210.208,161.667,48.542,276.804,20.152,10.01
Hyderabad,17.385,78.4867,2024-01-07,2024,1,7,22.333,68.75,28.292,13.667,190.375,139.0,51.375,248.029,18.252,10.344
Hyderabad,17.385,78.4867,2024-01-08,2024,1,8,22.575,65.625,13.833,13.817,201.667,151.083,50.583,265.642,19.332,10.418
Hyderabad,17.385,78.4867,2024-01-09,2024,1,9,22.504,69.375,51.042,12.529,146.417,81.875,64.542,135.296,14.028,7.068
Hyderabad,17.385,78.4867,2024-01-10,2024,1,10,23.254,64.5,67.917,8.475,158.5,86.125,72.375,151.175,15.188,9.573
Hyderabad,17.385,78.4867,2024-01-11,2024,1,11,24.646,61.75,6.792,7.575,211.583,164.583,47.0,279.892,20.276,10.141
Hyderabad,17.385,78.4867,2024-01-12,2024,1,12,24.433,62.458,8.167,7.846,213.917,166.042,47.875,285.667,20.5,10.421
Hyderabad,17.385,78.4867,2024-01-13,2024,1,13,24.3,67.708,28.167,6.483,183.375,121.625,61.75,201.983,17.576,10.102
Hyderabad,17.385,78.4867,2024-01-14,2024,1,14,24.338,60.083,13.167,7.225,216.958,167.292,49.667,291.421,20.784,10.345
Hyderabad,17.385,78.4867,2024-01-15,2024,1,15,24.292,59.583,31.167,4.712,217.458,167.542,49.917,289.704,20.832,10.413
Hyderabad,17.385,78.4867,2024-01-16,2024,1,16,24.517,63.542,78.208,8.667,201.083,146.333,54.75,250.712,19.268,10.421
Hyderabad,17.385,78.4867,2024-01-17,2024,1,17,24.221,62.75,60.25,11.888,212.667,160.083,52.583,276.258,20.364,10.473
Hyderabad,17.385,78.4867,2024-01-18,2024,1,18,23.713,58.75,40.583,10.667,195.333,135.458,59.875,233.812,18.712,10.424
Hyderabad,17.385,78.4867,2024-01-19,2024,1,19,24.375,60.083,43.958,8.325,168.167,94.0,74.167,156.45,16.108,9.968
Hyderabad,17.385,78.4867,2024-01-20,2024,1,20,24.075,63.375,53.25,12.338,167.667,98.333,69.333,160.929,16.048,9.772
Hyderabad,17.385,78.4867,2024-01-21,2024,1,21,24.892,61.292,43.708,8.433,192.792,137.083,55.708,217.921,18.456,10.103
Hyderabad,17.385,78.4867,2024-01-22,2024,1,22,25.217,63.417,64.333,8.646,181.417,121.292,60.125,204.229,17.356,10.169
Hyderabad,17.385,78.4867,2024-01-23,2024,1,23,25.1,66.042,67.708,12.0,211.333,156.875,54.458,265.117,20.224,10.289
Hyderabad,17.385,78.4867,2024-01-24,2024,1,24,24.696,72.125,69.75,8.204,175.5,112.125,63.375,195.233,16.784,10.158
Hyderabad,17.385,78.4867,2024-01-25,2024,1,25,23.879,71.0,43.167,7.95,167.708,97.875,69.833,170.454,16.04,10.275
Hyderabad,17.385,78.4867,2024-01-26,2024,1,26,23.629,68.375,36.875,7.892,213.542,152.375,61.167,253.337,20.428,10.553
Hyderabad,17.385,78.4867,2024-01-27,2024,1,27,23.162,72.875,64.583,8.65,192.167,121.125,71.042,199.304,18.376,10.141
Hyderabad,17.385,78.4867,2024-01-28,2024,1,28,22.783,62.333,59.292,8.317,242.5,194.708,47.792,329.175,23.192,10.894
Hyderabad,17.385,78.4867,2024-01-29,2024,1,29,23.029,64.958,91.375,8.533,238.833,187.458,51.375,311.208,22.84,10.672
Hyderabad,17.385,78.4867,2024-01-30,2024,1,30,23.512,63.167,17.208,8.267,232.875,182.583,50.292,300.675,22.276,10.664
Hyderabad,17.385,78.4867,2024-01-31,2024,1,31,23.975,57.792,19.167,9.321,228.708,177.042,51.667,288.442,21.868,10.726
Hyderabad,17.385,78.4867,2024-02-01,2024,2,1,24.671,60.875,32.0,12.292,220.458,162.417,58.042,273.05,21.064,10.647
Hyderabad,17.385,78.4867,2024-02-02,2024,2,2,24.967,62.292,56.25,7.771,206.583,145.125,61.458,225.108,19.744,9.554
Hyderabad,17.385,78.4867,2024-02-03,2024,2,3,25.146,71.75,33.542,9.513,176.875,113.167,63.708,190.938,16.9,10.277
Hyderabad,17.385,78.4867,2024-02-04,2024,2,4,25.546,66.833,15.542,8.017,232.458,178.125,54.333,292.996,22.212,10.903
Hyderabad,17.385,78.4867,2024-02-05,2024,2,5,26.304,63.208,6.125,7.671,238.542,189.042,49.5,306.2,22.8,10.893
Hyderabad,17.385,78.4867,2024-02-06,2024,2,6,27.254,60.667,9.208,6.571,217.542,164.375,53.167,264.033,20.792,10.743
Hyderabad,17.385,78.4867,2024-02-07,2024,2,7,27.592,57.25,11.0,6.038,232.833,181.917,50.917,292.667,22.24,11.014
Hyderabad,17.385,78.4867,2024-02-08,2024,2,8,26.888,57.458,16.417,7.192,234.0,182.417,51.583,293.762,22.348,11.074
Hyderabad,17.385,78.4867,2024-02-09,2024,2,9,26.267,55.0,14.208,8.367,248.167,198.417,49.75,318.875,23.7,11.204
Hyderabad,17.385,78.4867,2024-02-10,2024,2,10,26.133,69.0,29.5,13.929,211.25,149.625,61.625,229.4,20.164,10.566
Hyderabad,17.385,78.4867,2024-02-11,2024,2,11,26.088,67.875,50.75,14.65,212.375,149.333,63.042,238.962,20.272,10.557
Hyderabad,17.385,78.4867,2024-02-12,2024,2,12,25.208,62.917,69.208,14.892,248.708,193.833,54.875,302.554,23.74,10.825
Hyderabad,17.385,78.4867,2024-02-13,2024,2,13,25.029,61.125,47.333,13.671,255.292,203.167,52.125,318.425,24.368,11.055
Hyderabad,17.385,78.4867,2024-02-14,2024,2,14,25.525,62.0,79.375,11.825,249.375,189.0,60.375,289.762,23.796,10.918
Hyderabad,17.385,78.4867,2024-02-15,2024,2,15,25.512,53.792,47.542,12.579,255.833,197.0,58.833,310.975,24.42,11.266
Hyderabad,17.385,78.4867,2024-02-16,2024,2,16,25.025,44.417,1.833,11.588,265.833,214.792,51.042,340.054,25.364,11.467
Hyderabad,17.385,78.4867,2024-02-17,2024,2,17,25.571,40.208,0.042,9.329,269.042,218.792,50.25,344.95,25.668,11.482
Hyderabad,17.385,78.4867,2024-02-18,2024,2,18,26.104,38.917,1.875,10.467,263.417,210.458,52.958,332.833,25.128,11.498
Hyderabad,17.385,78.4867,2024-02-19,2024,2,19,26.575,42.5,8.125,11.562,256.5,201.583,54.917,302.45,24.496,11.136
Hyderabad,17.385,78.4867,2024-02-20,2024,2,20,26.704,49.375,45.25,8.958,232.875,171.667,61.208,253.662,22.232,11.09
Hyderabad,17.385,78.4867,2024-02-21,2024,2,21,27.254,46.417,16.083,9.308,258.083,205.208,52.875,319.479,24.612,11.544
Hyderabad,17.385,78.4867,2024-02-22,2024,2,22,26.362,47.458,34.75,7.529,267.833,216.375,51.458,334.167,25.54,11.559
Hyderabad,17.385,78.4867,2024-02-23,2024,2,23,25.912,49.208,6.375,8.596,251.417,196.833,54.583,293.517,23.964,10.998
Hyderabad,17.385,78.4867,2024-02-24,2024,2,24,27.338,68.208,49.917,10.217,201.792,129.25,72.542,191.15,19.24,9.488
Hyderabad,17.385,78.4867,2024-02-25,2024,2,25,27.188,68.5,38.875,12.692,217.333,153.208,64.125,223.783,20.728,10.561
Hyderabad,17.385,78.4867,2024-02-26,2024,2,26,26.279,66.0,35.792,17.167,218.833,151.625,67.208,225.258,20.868,10.756
Hyderabad,17.385,78.4867,2024-02-27,2024,2,27,26.608,60.125,9.167,12.571,268.0,213.333,54.667,315.75,25.544,11.404
Hyderabad,17.385,78.4867,2024-02-28,2024,2,28,27.525,51.083,7.167,8.967,262.75,209.5,53.25,315.592,25.056,11.654
Hyderabad,17.385,78.4867,2024-02-29,2024,2,29,27.829,49.125,19.0,9.162,235.625,176.542,59.083,267.304,22.46,11.67
Hyderabad,17.385,78.4867,2024-03-01,2024,3,1,28.621,47.417,21.042,10.308,248.125,186.542,61.583,273.525,23.676,11.412
Hyderabad,17.385,78.4867,2024-03-02,2024,3,2,28.704,43.0,17.625,12.054,276.083,222.75,53.333,333.65,26.308,11.703
Hyderabad,17.385,78.4867,2024-03-03,2024,3,3,28.233,48.667,20.958,9.871,273.375,219.167,54.208,327.808,26.044,11.72
Hyderabad,17.385,78.4867,2024-03-04,2024,3,4,28.075,50.917,51.208,9.054,226.292,161.25,65.042,239.933,21.576,11.708
Hyderabad,17.385,78.4867,2024-03-05,2024,3,5,28.408,45.375,30.083,7.867,255.375,191.75,63.625,278.308,24.328,11.753
Hyderabad,17.385,78.4867,2024-03-06,2024,3,6,29.575,46.458,59.75,11.467,245.667,182.875,62.792,255.117,23.452,11.277
Hyderabad,17.385,78.4867,2024-03-07,2024,3,7,29.612,46.75,19.792,7.921,256.25,197.792,58.458,293.933,24.412,11.786
Hyderabad,17.385,78.4867,2024-03-08,2024,3,8,28.975,45.875,19.0,6.558,274.875,220.5,54.375,322.775,26.2,11.802
Hyderabad,17.385,78.4867,2024-03-09,2024,3,9,29.258,51.75,31.958,6.725,243.792,172.833,70.958,251.421,23.252,11.485
Hyderabad,17.385,78.4867,2024-03-10,2024,3,10,28.9,58.583,21.208,12.429,231.292,164.208,67.083,235.446,22.048,11.764
Hyderabad,17.385,78.4867,2024-03-11,2024,3,11,28.742,49.208,30.5,10.092,204.333,115.375,88.958,182.183,19.472,11.639
Hyderabad,17.385,78.4867,2024-03-12,2024,3,12,29.525,56.5,27.0,8.471,219.958,141.792,78.167,195.179,20.984,9.703
Hyderabad,17.385,78.4867,2024-03-13,2024,3,13,30.938,47.917,63.5,10.675,216.208,143.0,73.208,200.35,20.636,11.176
Hyderabad,17.385,78.4867,2024-03-14,2024,3,14,29.733,58.792,12.833,6.492,261.042,200.292,60.75,295.046,24.86,11.871
Hyderabad,17.385,78.4867,2024-03-15,2024,3,15,29.779,49.917,25.375,8.288,259.75,199.708,60.042,286.908,24.784,11.57
Hyderabad,17.385,78.4867,2024-03-16,2024,3,16,28.021,68.208,36.875,11.721,223.5,156.542,66.958,215.608,21.304,11.5
Hyderabad,17.385,78.4867,2024-03-17,2024,3,17,28.4,64.125,54.583,13.038,214.833,139.0,75.833,189.35,20.488,9.601
Hyderabad,17.385,78.4867,2024-03-18,2024,3,18,28.908,55.625,68.208,8.925,220.667,144.667,76.0,211.862,21.024,11.631
Hyderabad,17.385,78.4867,2024-03-19,2024,3,19,28.458,52.917,48.292,11.883,221.25,152.0,69.25,218.413,21.092,11.629
Hyderabad,17.385,78.4867,2024-03-20,2024,3,20,26.658,63.625,11.667,9.975,235.458,162.875,72.583,237.779,22.376,11.892
Hyderabad,17.385,78.4867,2024-03-21,2024,3,21,27.258,58.167,27.708,12.054,286.375,222.042,64.333,305.562,27.26,11.854
Hyderabad,17.385,78.4867,2024-03-22,2024,3,22,28.817,49.833,3.083,8.108,282.958,222.125,60.833,312.479,26.976,11.898
Hyderabad,17.385,78.4867,2024-03-23,2024,3,23,30.017,45.292,20.5,9.754,246.542,176.833,69.708,259.796,23.456,11.901
Hyderabad,17.385,78.4867,2024-03-24,2024,3,24,30.571,45.042,29.875,12.975,262.333,195.625,66.708,266.2,25.008,11.755
Hyderabad,17.385,78.4867,2024-03-25,2024,3,25,29.75,47.083,21.875,9.737,251.833,175.208,76.625,257.475,23.948,11.908
Hyderabad,17.385,78.4867,2024-03-26,2024,3,26,30.642,40.375,18.042,11.412,290.0,230.333,59.667,326.888,27.612,11.911
Hyderabad,17.385,78.4867,2024-03-27,2024,3,27,30.287,41.5,5.333,11.737,297.917,239.833,58.083,338.429,28.352,11.914
Hyderabad,17.385,78.4867,2024-03-28,2024,3,28,30.858,46.292,5.958,8.879,292.0,233.833,58.167,333.121,27.804,11.917
Hyderabad,17.385,78.4867,2024-03-29,2024,3,29,32.0,44.542,13.417,9.783,237.375,172.458,64.917,252.075,22.592,11.92
Hyderabad,17.385,78.4867,2024-03-30,2024,3,30,31.738,42.708,21.333,10.688,276.75,209.125,67.625,305.658,26.32,11.924
Hyderabad,17.385,78.4867,2024-03-31,2024,3,31,31.275,40.333,12.583,7.954,279.917,219.625,60.292,309.742,26.632,11.927
Hyderabad,17.385,78.4867,2024-04-01,2024,4,1,32.054,39.542,34.25,8.825,280.792,215.75,65.042,304.287,26.712,11.93
Hyderabad,17.385,78.4867,2024-04-02,2024,4,2,32.513,41.875,32.792,8.921,252.083,185.083,67.0,257.85,23.988,11.934
Hyderabad,17.385,78.4867,2024-04-03,2024,4,3,32.55,41.875,83.167,10.008,252.75,169.0,83.75,240.471,24.08,11.937
Hyderabad,17.385,78.4867,2024-04-04,2024,4,4,32.696,46.958,28.667,10.317,277.75,211.708,66.042,272.888,26.504,11.539
Hyderabad,17.385,78.4867,2024-04-05,2024,4,5,33.204,41.167,40.792,8.146,282.167,217.625,64.542,283.112,27.088,11.929
Hyderabad,17.385,78.4867,2024-04-06,2024,4,6,33.712,36.042,19.792,8.096,280.542,215.667,64.875,288.579,26.932,11.74
Hyderabad,17.385,78.4867,2024-04-07,2024,4,7,33.55,36.833,23.792,12.812,243.417,168.5,74.917,222.7,23.368,11.894
Hyderabad,17.385,78.4867,2024-04-08,2024,4,8,31.517,48.625,37.708,15.775,269.25,205.25,64.0,276.254,25.848,11.954
Hyderabad,17.385,78.4867,2024-04-09,2024,4,9,29.121,64.0,33.917,16.908,257.583,181.625,75.958,236.575,24.728,11.737
Hyderabad,17.385,78.4867,2024-04-10,2024,4,10,30.233,51.042,28.083,13.962,276.958,211.667,65.292,280.646,26.588,11.961
Hyderabad,17.385,78.4867,2024-04-11,2024,4,11,29.021,48.333,52.292,11.737,217.125,138.458,78.667,193.671,20.844,11.871
Hyderabad,17.385,78.4867,2024-04-12,2024,4,12,28.592,66.625,48.583,12.108,221.333,141.458,79.875,189.513,21.248,11.6
Hyderabad,17.385,78.4867,2024-04-13,2024,4,13,28.638,59.25,63.542,8.221,248.708,169.917,78.792,228.938,23.876,11.841
Hyderabad,17.385,78.4867,2024-04-14,2024,4,14,30.787,51.292,28.875,11.4,283.833,221.458,62.375,296.7,27.248,11.975
Hyderabad,17.385,78.4867,2024-04-15,2024,4,15,32.442,38.625,21.542,9.454,288.792,222.5,66.292,307.379,27.724,11.979
Hyderabad,17.385,78.4867,2024-04-16,2024,4,16,32.55,36.042,12.375,7.417,283.0,221.542,61.458,302.217,27.168,11.982
Hyderabad,17.385,78.4867,2024-04-17,2024,4,17,32.871,39.167,67.417,5.708,259.417,193.667,65.75,271.229,24.904,11.986
Hyderabad,17.385,78.4867,2024-04-18,2024,4,18,32.779,41.75,40.25,5.104,256.0,186.792,69.208,261.633,24.576,11.99
Hyderabad,17.385,78.4867,2024-04-19,2024,4,19,32.925,44.625,78.75,9.737,248.75,171.417,77.333,234.504,23.88,11.607
Hyderabad,17.385,78.4867,2024-04-20,2024,4,20,30.512,57.25,72.75,10.879,198.417,109.375,89.042,145.25,19.048,9.968
Hyderabad,17.385,78.4867,2024-04-21,2024,4,21,31.758,52.667,77.5,5.758,275.833,202.708,73.125,260.688,26.48,11.0
Hyderabad,17.385,78.4867,2024-04-22,2024,4,22,31.787,53.5,30.792,7.608,264.292,195.125,69.167,272.633,25.372,12.013
Hyderabad,17.385,78.4867,2024-04-23,2024,4,23,32.075,44.042,14.708,7.375,293.75,229.125,64.625,316.271,28.2,12.077
Hyderabad,17.385,78.4867,2024-04-24,2024,4,24,32.188,38.542,4.458,8.383,296.625,233.042,63.583,317.579,28.476,12.141
Hyderabad,17.385,78.4867,2024-04-25,2024,4,25,33.375,34.583,16.458,8.842,294.958,232.333,62.625,317.4,28.316,12.136
Hyderabad,17.385,78.4867,2024-04-26,2024,4,26,34.062,35.833,14.333,10.429,290.0,224.625,65.375,305.554,27.84,12.132
Hyderabad,17.385,78.4867,2024-04-27,2024,4,27,34.238,40.25,28.708,7.608,285.125,221.542,63.583,307.696,27.372,12.128
Hyderabad,17.385,78.4867,2024-04-28,2024,4,28,34.6,35.0,37.583,8.263,306.542,244.292,62.25,331.633,29.428,12.123
Hyderabad,17.385,78.4867,2024-04-29,2024,4,29,34.538,34.708,15.917,8.8,291.5,227.5,64.0,311.162,27.984,12.188
Hyderabad,17.385,78.4867,2024-04-30,2024,4,30,35.25,36.583,18.458,8.462,277.417,206.208,71.208,291.433,26.632,12.184
Hyderabad,17.385,78.4867,2024-05-01,2024,5,1,35.704,33.167,8.708,11.567,307.833,246.917,60.917,336.963,29.552,12.181
Hyderabad,17.385,78.4867,2024-05-02,2024,5,2,34.808,25.292,0.417,11.962,321.833,262.375,59.458,361.3,30.896,12.316
Hyderabad,17.385,78.4867,2024-05-03,2024,5,3,34.133,28.583,0.25,8.7,322.0,262.208,59.792,361.071,30.912,12.312
Hyderabad,17.385,78.4867,2024-05-04,2024,5,4,34.921,45.375,5.125,7.05,290.417,225.375,65.042,312.025,27.88,12.24
Hyderabad,17.385,78.4867,2024-05-05,2024,5,5,34.392,52.292,18.042,9.696,290.125,224.042,66.083,311.846,27.852,12.306
Hyderabad,17.385,78.4867,2024-05-06,2024,5,6,34.625,49.125,10.625,8.458,279.292,214.125,65.167,297.096,26.812,12.303
Hyderabad,17.385,78.4867,2024-05-07,2024,5,7,31.025,66.125,73.375,10.8,278.333,208.917,69.417,279.025,26.72,11.89
Hyderabad,17.385,78.4867,2024-05-08,2024,5,8,30.033,60.25,31.667,10.621,289.875,222.417,67.458,291.129,27.828,12.018
Hyderabad,17.385,78.4867,2024-05-09,2024,5,9,30.129,60.083,65.042,11.979,256.25,169.667,86.583,222.112,24.6,11.838
Hyderabad,17.385,78.4867,2024-05-10,2024,5,10,30.292,64.0,66.083,8.254,267.292,193.625,73.667,254.367,25.66,10.858
Hyderabad,17.385,78.4867,2024-05-11,2024,5,11,31.783,55.0,35.167,9.204,280.708,211.583,69.125,291.412,26.948,12.15
Hyderabad,17.385,78.4867,2024-05-12,2024,5,12,30.879,56.25,44.0,7.217,244.958,177.333,67.625,243.329,23.516,12.197
Hyderabad,17.385,78.4867,2024-05-13,2024,5,13,29.108,62.125,67.083,6.138,237.167,140.125,97.042,177.146,22.768,10.664
Hyderabad,17.385,78.4867,2024-05-14,2024,5,14,30.762,56.375,40.25,7.533,271.917,193.083,78.833,256.4,26.104,11.932
Hyderabad,17.385,78.4867,2024-05-15,2024,5,15,30.183,61.167,49.0,8.579,258.375,175.125,83.25,234.892,24.804,11.778
Hyderabad,17.385,78.4867,2024-05-16,2024,5,16,29.371,68.167,64.75,7.579,243.167,161.708,81.458,213.663,23.34,10.704
Hyderabad,17.385,78.4867,2024-05-17,2024,5,17,27.183,77.833,84.625,7.65,179.833,83.583,96.25,101.246,17.264,7.034
Hyderabad,17.385,78.4867,2024-05-18,2024,5,18,27.942,78.083,89.5,8.183,202.5,106.083,96.417,135.779,19.44,9.671
Hyderabad,17.385,78.4867,2024-05-19,2024,5,19,28.95,72.583,88.042,7.042,230.083,145.083,85.0,203.108,22.084,12.0
Hyderabad,17.385,78.4867,2024-05-20,2024,5,20,30.546,66.833,87.25,9.054,250.125,159.208,90.917,212.3,24.008,12.0
Hyderabad,17.385,78.4867,2024-05-21,2024,5,21,31.521,62.917,42.292,8.904,275.458,204.458,71.0,278.775,26.44,12.346
Hyderabad,17.385,78.4867,2024-05-22,2024,5,22,31.188,63.292,31.458,6.792,265.5,193.208,72.292,261.321,25.484,11.651
Hyderabad,17.385,78.4867,2024-05-23,2024,5,23,31.058,62.708,50.958,7.796,279.5,202.375,77.125,275.388,26.828,12.273
Hyderabad,17.385,78.4867,2024-05-24,2024,5,24,32.062,56.25,58.958,9.3,281.542,214.667,66.875,290.625,27.024,12.487
Hyderabad,17.385,78.4867,2024-05-25,2024,5,25,31.892,53.958,99.125,10.0,194.0,78.083,115.917,100.962,18.62,6.725
Hyderabad,17.385,78.4867,2024-05-26,2024,5,26,32.062,53.417,100.0,16.708,289.583,216.625,72.958,281.463,27.796,11.409
Hyderabad,17.385,78.4867,2024-05-27,2024,5,27,32.175,55.542,99.375,21.3,271.875,173.542,98.333,229.721,26.096,11.371
Hyderabad,17.385,78.4867,2024-05-28,2024,5,28,32.571,54.0,56.542,19.929,252.75,166.042,86.708,234.042,24.26,12.343
Hyderabad,17.385,78.4867,2024-05-29,2024,5,29,33.412,47.792,23.0,17.642,301.042,234.875,66.167,322.542,28.892,12.487
Hyderabad,17.385,78.4867,2024-05-30,2024,5,30,34.188,43.542,24.125,15.471,291.583,226.25,65.333,303.671,27.988,12.415
Hyderabad,17.385,78.4867,2024-05-31,2024,5,31,34.708,42.417,44.208,13.338,278.458,208.833,69.625,285.175,26.724,12.415
Hyderabad,17.385,78.4867,2024-06-01,2024,6,1,34.417,44.0,71.667,8.108,280.917,202.708,78.208,270.458,26.96,12.191
Hyderabad,17.385,78.4867,2024-06-02,2024,6,2,32.225,57.0,100.0,8.35,169.917,46.042,123.875,58.333,16.308,3.669
Hyderabad,17.385,78.4867,2024-06-03,2024,6,3,28.762,67.375,98.167,8.425,172.708,57.125,115.583,75.267,16.576,4.84
Hyderabad,17.385,78.4867,2024-06-04,2024,6,4,29.408,69.083,83.0,7.821,179.208,80.167,99.042,109.508,17.196,10.089
Hyderabad,17.385,78.4867,2024-06-05,2024,6,5,29.733,68.875,97.0,9.225,230.583,135.417,95.167,171.417,22.128,9.86
Hyderabad,17.385,78.4867,2024-06-06,2024,6,6,27.954,79.083,86.917,8.779,213.5,124.458,89.042,156.708,20.488,9.129
Hyderabad,17.385,78.4867,2024-06-07,2024,6,7,27.954,77.208,96.083,9.729,220.042,127.417,92.625,158.971,21.116,10.179
Hyderabad,17.385,78.4867,2024-06-08,2024,6,8,27.317,77.0,95.0,8.379,165.0,70.5,94.5,103.254,15.832,10.248
Hyderabad,17.385,78.4867,2024-06-09,2024,6,9,27.3,77.958,79.958,9.992,159.0,65.625,93.375,85.325,15.256,6.679
Hyderabad,17.385,78.4867,2024-06-10,2024,6,10,27.533,79.167,83.333,11.658,191.417,108.708,82.708,143.404,18.372,9.89
Hyderabad,17.385,78.4867,2024-06-11,2024,6,11,26.692,84.708,97.667,15.821,124.125,42.25,81.875,58.3,11.904,5.946
Hyderabad,17.385,78.4867,2024-06-12,2024,6,12,27.725,77.042,91.625,15.658,236.25,144.25,92.0,195.8,22.668,11.939
Hyderabad,17.385,78.4867,2024-06-13,2024,6,13,27.771,77.792,76.208,14.579,242.375,158.75,83.625,203.129,23.26,10.404
Hyderabad,17.385,78.4867,2024-06-14,2024,6,14,27.625,79.0,85.667,15.633,215.542,120.417,95.125,154.612,20.68,9.875
Hyderabad,17.385,78.4867,2024-06-15,2024,6,15,29.242,69.625,62.375,15.7,249.125,162.333,86.792,216.446,23.904,11.641
Hyderabad,17.385,78.4867,2024-06-16,2024,6,16,29.654,70.042,49.125,13.979,260.0,178.542,81.458,243.65,24.948,11.929
Hyderabad,17.385,78.4867,2024-06-17,2024,6,17,29.079,72.0,85.0,12.0,210.208,101.875,108.333,130.092,20.168,8.797
Hyderabad,17.385,78.4867,2024-06-18,2024,6,18,29.475,73.125,72.375,14.929,238.167,139.792,98.375,192.083,22.852,11.469
Hyderabad,17.385,78.4867,2024-06-19,2024,6,19,29.062,69.458,99.458,16.0,190.875,72.208,118.667,105.925,18.312,7.507
Hyderabad,17.385,78.4867,2024-06-20,2024,6,20,29.279,67.292,94.583,17.412,198.167,99.917,98.25,146.446,19.008,11.284
Hyderabad,17.385,78.4867,2024-06-21,2024,6,21,28.354,72.583,98.333,16.846,218.208,119.042,99.167,157.338,20.936,11.121
Hyderabad,17.385,78.4867,2024-06-22,2024,6,22,27.862,74.042,99.917,12.283,155.917,31.667,124.25,40.542,14.96,3.376
Hyderabad,17.385,78.4867,2024-06-23,2024,6,23,26.979,81.333,100.0,10.779,134.625,31.167,103.458,37.754,12.916,2.435
Hyderabad,17.385,78.4867,2024-06-24,2024,6,24,28.292,72.0,63.958,12.812,217.708,132.5,85.208,181.958,20.888,11.458
Hyderabad,17.385,78.4867,2024-06-25,2024,6,25,28.762,70.0,85.917,14.696,178.25,79.208,99.042,120.471,17.1,9.673
Hyderabad,17.385,78.4867,2024-06-26,2024,6,26,28.754,74.25,98.583,16.433,169.042,71.292,97.75,99.179,16.22,8.42
Hyderabad,17.385,78.4867,2024-06-27,2024,6,27,26.988,80.417,99.958,17.446,77.208,11.0,66.208,16.475,7.408,0.521
Hyderabad,17.385,78.4867,2024-06-28,2024,6,28,26.571,81.667,99.917,18.463,88.833,10.042,78.792,13.35,8.52,0.022
Hyderabad,17.385,78.4867,2024-06-29,2024,6,29,26.954,82.583,100.0,15.938,121.167,26.542,94.625,37.146,11.62,2.837
Hyderabad,17.385,78.4867,2024-06-30,2024,6,30,25.892,86.625,100.0,16.912,103.917,10.167,93.75,12.992,9.968,0.226
Hyderabad,17.385,78.4867,2024-07-01,2024,7,1,26.683,81.167,99.542,19.779,140.958,42.542,98.417,60.75,13.52,5.184
Hyderabad,17.385,78.4867,2024-07-02,2024,7,2,27.162,75.958,99.458,21.442,182.125,65.417,116.708,91.708,17.472,9.793
Hyderabad,17.385,78.4867,2024-07-03,2024,7,3,26.929,78.583,97.75,17.971,93.208,9.792,83.417,20.396,8.932,1.228
Hyderabad,17.385,78.4867,2024-07-04,2024,7,4,28.183,75.5,99.333,18.529,174.917,62.042,112.875,88.562,16.776,9.284
Hyderabad,17.385,78.4867,2024-07-05,2024,7,5,27.342,78.125,99.75,18.558,180.833,75.417,105.417,101.742,17.344,9.326
Hyderabad,17.385,78.4867,2024-07-06,2024,7,6,26.4,83.042,99.75,19.05,138.875,50.708,88.167,61.017,13.32,4.812
Hyderabad,17.385,78.4867,2024-07-07,2024,7,7,26.608,82.5,99.792,15.804,117.833,37.833,80.0,52.713,11.308,4.763
Hyderabad,17.385,78.4867,2024-07-08,2024,7,8,26.325,84.375,96.125,12.008,103.792,28.5,75.292,42.325,9.96,3.138
Hyderabad,17.385,78.4867,2024-07-09,2024,7,9,26.708,81.333,98.792,13.188,151.333,50.083,101.25,69.754,14.516,6.906
Hyderabad,17.385,78.4867,2024-07-10,2024,7,10,27.025,77.0,96.0,13.462,190.0,80.083,109.917,115.0,18.224,8.588
Hyderabad,17.385,78.4867,2024-07-11,2024,7,11,27.979,74.625,88.167,14.621,190.5,87.375,103.125,120.479,18.272,11.004
Hyderabad,17.385,78.4867,2024-07-12,2024,7,12,26.896,81.5,98.833,18.933,207.5,99.625,107.875,130.021,19.908,10.433
Hyderabad,17.385,78.4867,2024-07-13,2024,7,13,26.296,83.0,95.25,22.225,140.458,51.875,88.583,69.825,13.48,6.056
Hyderabad,17.385,78.4867,2024-07-14,2024,7,14,25.471,87.0,99.667,17.829,55.583,4.25,51.333,5.821,5.328,0.0
Hyderabad,17.385,78.4867,2024-07-15,2024,7,15,25.008,91.375,99.333,16.346,71.917,14.833,57.083,17.996,6.896,0.823
Hyderabad,17.385,78.4867,2024-07-16,2024,7,16,26.554,82.125,99.167,18.392,167.792,76.0,91.792,101.262,16.096,9.743
Hyderabad,17.385,78.4867,2024-07-17,2024,7,17,26.367,82.042,96.208,21.133,119.958,18.292,101.667,22.304,11.508,0.801
Hyderabad,17.385,78.4867,2024-07-18,2024,7,18,26.292,84.792,99.792,20.775,72.375,6.875,65.5,10.2,6.94,0.0
Hyderabad,17.385,78.4867,2024-07-19,2024,7,19,24.746,90.75,100.0,22.733,37.958,0.792,37.167,1.062,3.64,0.0
Hyderabad,17.385,78.4867,2024-07-20,2024,7,20,23.725,94.417,100.0,25.45,43.625,1.125,42.5,1.25,4.184,0.0
Hyderabad,17.385,78.4867,2024-07-21,2024,7,21,24.012,91.75,99.667,22.838,88.5,18.25,70.25,23.05,8.492,1.15
Hyderabad,17.385,78.4867,2024-07-22,2024,7,22,25.242,87.833,98.25,22.692,97.333,26.417,70.917,36.667,9.34,2.414
Hyderabad,17.385,78.4867,2024-07-23,2024,7,23,25.392,85.708,99.875,24.104,70.375,8.0,62.375,10.504,6.752,0.0
Hyderabad,17.385,78.4867,2024-07-24,2024,7,24,24.479,89.208,100.0,24.8,63.708,1.292,62.417,1.508,6.112,0.0
Hyderabad,17.385,78.4867,2024-07-25,2024,7,25,24.471,89.0,99.75,25.688,80.583,11.125,69.458,16.021,7.732,0.853
Hyderabad,17.385,78.4867,2024-07-26,2024,7,26,25.238,85.167,99.292,23.929,76.5,17.833,58.667,26.946,7.336,1.227
Hyderabad,17.385,78.4867,2024-07-27,2024,7,27,25.721,87.125,99.917,22.592,82.833,10.833,72.0,13.612,7.948,0.803
Hyderabad,17.385,78.4867,2024-07-28,2024,7,28,26.071,84.0,94.167,21.842,163.833,70.375,93.458,97.642,15.716,8.142
Hyderabad,17.385,78.4867,2024-07-29,2024,7,29,26.467,82.5,96.25,18.671,120.833,34.5,86.333,50.058,11.596,4.803
Hyderabad,17.385,78.4867,2024-07-30,2024,7,30,27.383,77.958,99.458,17.908,178.083,86.542,91.542,117.679,17.088,10.474
Hyderabad,17.385,78.4867,2024-07-31,2024,7,31,27.079,81.292,99.375,18.108,154.083,54.333,99.75,72.312,14.784,7.42
Hyderabad,17.385,78.4867,2024-08-01,2024,8,1,26.438,84.042,100.0,18.017,115.708,20.583,95.125,28.233,11.104,1.635
Hyderabad,17.385,78.4867,2024-08-02,2024,8,2,26.129,84.667,100.0,20.15,95.25,23.917,71.333,27.296,9.14,2.363
Hyderabad,17.385,78.4867,2024-08-03,2024,8,3,26.825,79.292,100.0,22.083,139.375,27.542,111.833,33.962,13.376,2.333
Hyderabad,17.385,78.4867,2024-08-04,2024,8,4,27.042,77.125,98.542,19.417,168.917,63.0,105.917,91.717,16.212,9.781
Hyderabad,17.385,78.4867,2024-08-05,2024,8,5,27.329,78.0,94.917,15.388,171.417,67.208,104.208,102.85,16.452,8.474
Hyderabad,17.385,78.4867,2024-08-06,2024,8,6,25.775,85.458,99.917,15.875,136.167,28.833,107.333,37.188,13.068,2.489
Hyderabad,17.385,78.4867,2024-08-07,2024,8,7,24.662,92.083,100.0,14.879,63.208,6.75,56.458,11.862,6.064,0.501
Hyderabad,17.385,78.4867,2024-08-08,2024,8,8,26.071,85.0,99.792,13.917,186.958,80.292,106.667,101.921,17.944,8.879
Hyderabad,17.385,78.4867,2024-08-09,2024,8,9,27.392,78.75,92.25,11.038,213.167,122.292,90.875,164.808,20.46,11.389
Hyderabad,17.385,78.4867,2024-08-10,2024,8,10,27.338,78.125,71.625,11.763,241.583,162.792,78.792,217.608,23.188,11.717
Hyderabad,17.385,78.4867,2024-08-11,2024,8,11,27.062,79.25,99.5,12.346,194.375,78.292,116.083,100.896,18.656,9.219
Hyderabad,17.385,78.4867,2024-08-12,2024,8,12,27.838,79.083,89.0,8.038,228.792,144.75,84.042,188.817,21.96,10.939
Hyderabad,17.385,78.4867,2024-08-13,2024,8,13,28.283,78.958,95.625,6.025,221.125,134.292,86.833,177.504,21.224,11.187
Hyderabad,17.385,78.4867,2024-08-14,2024,8,14,28.1,81.542,99.667,4.496,164.708,59.5,105.208,81.771,15.808,6.343
Hyderabad,17.385,78.4867,2024-08-15,2024,8,15,27.862,82.667,99.375,4.438,195.292,92.583,102.708,120.913,18.748,10.326
Hyderabad,17.385,78.4867,2024-08-16,2024,8,16,27.2,84.417,93.0,4.929,192.75,110.042,82.708,141.221,18.504,10.247
Hyderabad,17.385,78.4867,2024-08-17,2024,8,17,27.442,82.417,98.292,5.804,206.833,110.417,96.417,140.046,19.856,9.579
Hyderabad,17.385,78.4867,2024-08-18,2024,8,18,28.117,81.417,99.25,3.462,196.667,92.125,104.542,123.254,18.88,10.52
Hyderabad,17.385,78.4867,2024-08-19,2024,8,19,26.6,85.583,100.0,2.938,161.25,54.458,106.792,70.058,15.48,6.743
Hyderabad,17.385,78.4867,2024-08-20,2024,8,20,26.562,84.583,98.083,4.033,185.583,87.0,98.583,119.275,17.816,9.18
Hyderabad,17.385,78.4867,2024-08-21,2024,8,21,27.542,83.708,98.375,8.013,226.417,142.833,83.583,189.058,21.736,11.273
Hyderabad,17.385,78.4867,2024-08-22,2024,8,22,26.625,83.958,99.25,12.925,222.625,128.417,94.208,165.429,21.372,9.0
Hyderabad,17.385,78.4867,2024-08-23,2024,8,23,26.467,81.042,93.083,15.6,171.708,57.5,114.208,87.688,16.484,6.906
Hyderabad,17.385,78.4867,2024-08-24,2024,8,24,25.15,87.375,99.458,21.875,73.083,3.458,69.625,5.012,7.016,0.0
Hyderabad,17.385,78.4867,2024-08-25,2024,8,25,25.463,84.458,98.208,22.408,116.75,30.042,86.708,47.042,11.208,4.062
Hyderabad,17.385,78.4867,2024-08-26,2024,8,26,26.6,79.375,60.75,21.258,207.083,132.792,74.292,172.992,19.88,10.576
Hyderabad,17.385,78.4867,2024-08-27,2024,8,27,26.35,79.792,82.0,18.121,167.458,72.333,95.125,113.525,16.076,10.198
Hyderabad,17.385,78.4867,2024-08-28,2024,8,28,26.525,78.583,98.458,17.321,197.417,104.458,92.958,147.329,18.952,10.571
Hyderabad,17.385,78.4867,2024-08-29,2024,8,29,26.562,79.917,99.792,15.954,168.583,61.792,106.792,80.717,16.184,7.616
Hyderabad,17.385,78.4867,2024-08-30,2024,8,30,25.596,86.292,99.917,14.7,90.375,16.458,73.917,23.417,8.676,0.823
Hyderabad,17.385,78.4867,2024-08-31,2024,8,31,24.0,93.125,100.0,22.675,48.375,2.792,45.583,3.588,4.644,0.0
Hyderabad,17.385,78.4867,2024-09-01,2024,9,1,22.971,95.292,100.0,22.183,15.208,0.0,15.208,0.0,1.444,0.0
Hyderabad,17.385,78.4867,2024-09-02,2024,9,2,23.438,90.292,100.0,22.5,79.125,29.875,49.25,38.779,7.568,2.931
Hyderabad,17.385,78.4867,2024-09-03,2024,9,3,24.804,87.583,94.917,18.3,112.917,33.583,79.333,46.117,10.776,3.741
Hyderabad,17.385,78.4867,2024-09-04,2024,9,4,25.583,85.417,99.5,20.729,118.25,38.792,79.458,51.775,11.312,4.261
Hyderabad,17.385,78.4867,2024-09-05,2024,9,5,26.125,83.25,99.917,18.104,160.708,54.708,106.0,71.012,15.324,6.92
Hyderabad,17.385,78.4867,2024-09-06,2024,9,6,26.096,85.375,99.125,16.15,119.667,40.5,79.167,63.85,11.412,6.626
Hyderabad,17.385,78.4867,2024-09-07,2024,9,7,25.571,87.917,99.875,15.829,90.042,15.833,74.208,21.0,8.568,1.719
Hyderabad,17.385,78.4867,2024-09-08,2024,9,8,25.058,90.667,100.0,17.175,55.333,1.125,54.208,1.338,5.248,0.0
Hyderabad,17.385,78.4867,2024-09-09,2024,9,9,25.104,89.375,100.0,18.079,56.083,0.708,55.375,0.825,5.34,0.0
Hyderabad,17.385,78.4867,2024-09-10,2024,9,10,26.196,82.542,99.958,20.042,130.792,34.5,96.292,51.054,12.424,4.55
Hyderabad,17.385,78.4867,2024-09-11,2024,9,11,26.446,77.208,99.042,19.746,209.667,105.833,103.833,158.942,19.992,11.406
Hyderabad,17.385,78.4867,2024-09-12,2024,9,12,26.75,76.708,95.208,17.792,179.75,67.417,112.333,108.096,17.14,10.026
Hyderabad,17.385,78.4867,2024-09-13,2024,9,13,26.738,73.708,97.75,15.292,260.833,182.667,78.167,252.338,24.912,11.151
Hyderabad,17.385,78.4867,2024-09-14,2024,9,14,26.8,73.042,88.25,14.629,257.625,175.875,81.75,242.3,24.596,11.426
Hyderabad,17.385,78.4867,2024-09-15,2024,9,15,26.621,72.875,62.458,15.429,258.333,182.25,76.083,244.538,24.692,11.232
Hyderabad,17.385,78.4867,2024-09-16,2024,9,16,26.567,75.0,94.333,16.65,203.458,111.542,91.917,162.008,19.456,10.387
Hyderabad,17.385,78.4867,2024-09-17,2024,9,17,27.046,73.083,94.792,14.271,260.0,190.542,69.458,269.417,24.84,11.313
Hyderabad,17.385,78.4867,2024-09-18,2024,9,18,27.062,72.917,33.917,9.796,248.25,179.458,68.792,243.938,23.744,11.119
Hyderabad,17.385,78.4867,2024-09-19,2024,9,19,27.496,70.792,23.0,7.829,229.333,164.208,65.125,236.179,21.916,11.26
Hyderabad,17.385,78.4867,2024-09-20,2024,9,20,27.154,78.042,70.667,9.0,238.333,175.333,63.0,239.604,22.844,10.906
Hyderabad,17.385,78.4867,2024-09-21,2024,9,21,25.796,86.875,81.25,9.342,131.167,55.417,75.75,73.288,12.532,7.01
Hyderabad,17.385,78.4867,2024-09-22,2024,9,22,26.233,85.708,76.208,10.475,193.292,92.458,100.833,130.938,18.476,10.809
Hyderabad,17.385,78.4867,2024-09-23,2024,9,23,26.496,87.208,95.542,7.712,141.25,54.875,86.375,65.029,13.516,4.09
Hyderabad,17.385,78.4867,2024-09-24,2024,9,24,26.167,87.042,99.75,5.512,167.708,79.542,88.167,110.971,16.064,8.578
Hyderabad,17.385,78.4867,2024-09-25,2024,9,25,26.004,87.083,98.958,7.825,121.75,35.708,86.042,51.633,11.656,4.758
Hyderabad,17.385,78.4867,2024-09-26,2024,9,26,26.05,85.5,99.958,13.575,123.833,43.75,80.083,56.7,11.864,5.636
Hyderabad,17.385,78.4867,2024-09-27,2024,9,27,26.517,78.917,99.875,15.912,186.417,79.208,107.208,122.408,17.844,9.548
Hyderabad,17.385,78.4867,2024-09-28,2024,9,28,27.233,76.417,61.25,10.221,204.5,108.333,96.167,171.125,19.568,10.311
Hyderabad,17.385,78.4867,2024-09-29,2024,9,29,27.792,77.25,39.667,5.337,212.0,148.167,63.833,210.154,20.312,10.932
Hyderabad,17.385,78.4867,2024-09-30,2024,9,30,27.533,81.792,40.417,4.975,194.167,120.167,74.0,181.867,18.584,10.347
Hyderabad,17.385,78.4867,2024-10-01,2024,10,1,27.988,79.625,26.417,2.942,217.792,152.667,65.125,222.429,20.864,10.903
Hyderabad,17.385,78.4867,2024-10-02,2024,10,2,27.85,80.25,81.75,7.767,232.375,170.5,61.875,244.458,22.276,11.0
Hyderabad,17.385,78.4867,2024-10-03,2024,10,3,27.154,82.125,87.375,11.396,236.458,168.875,67.583,238.221,22.668,11.0
Hyderabad,17.385,78.4867,2024-10-04,2024,10,4,26.725,82.417,81.958,9.083,209.25,109.042,100.208,152.483,20.056,10.439
Hyderabad,17.385,78.4867,2024-10-05,2024,10,5,26.804,81.042,54.833,6.133,210.458,146.0,64.458,222.021,20.172,11.0
Hyderabad,17.385,78.4867,2024-10-06,2024,10,6,26.929,80.958,89.792,4.975,224.542,162.125,62.417,237.183,21.524,11.0
Hyderabad,17.385,78.4867,2024-10-07,2024,10,7,26.796,80.583,45.583,6.9,201.875,134.708,67.167,203.633,19.344,11.0
Hyderabad,17.385,78.4867,2024-10-08,2024,10,8,26.779,78.792,15.917,8.013,238.0,175.542,62.458,254.425,22.82,11.0
Hyderabad,17.385,78.4867,2024-10-09,2024,10,9,26.717,81.583,46.958,10.737,207.583,138.167,69.417,196.171,19.896,10.089
Hyderabad,17.385,78.4867,2024-10-10,2024,10,10,25.946,85.833,62.167,10.504,189.208,108.708,80.5,152.996,18.14,9.814
Hyderabad,17.385,78.4867,2024-10-11,2024,10,11,25.667,87.0,93.583,12.612,153.208,85.458,67.75,113.154,14.684,6.941
Hyderabad,17.385,78.4867,2024-10-12,2024,10,12,26.546,83.917,72.833,10.788,170.042,93.875,76.167,139.229,16.304,9.622
Hyderabad,17.385,78.4867,2024-10-13,2024,10,13,26.9,80.917,62.375,9.329,187.208,100.833,86.375,152.258,17.952,9.963
Hyderabad,17.385,78.4867,2024-10-14,2024,10,14,26.238,84.625,82.667,5.492,182.708,97.167,85.542,144.258,17.532,8.0
Hyderabad,17.385,78.4867,2024-10-15,2024,10,15,26.292,84.583,96.625,7.321,180.792,98.333,82.458,145.717,17.344,9.576
Hyderabad,17.385,78.4867,2024-10-16,2024,10,16,26.012,86.917,98.75,6.733,174.125,102.625,71.5,146.904,16.704,9.522
Hyderabad,17.385,78.4867,2024-10-17,2024,10,17,26.45,85.458,95.0,12.792,167.583,94.917,72.667,134.412,16.076,9.556
Hyderabad,17.385,78.4867,2024-10-18,2024,10,18,26.625,85.417,71.333,10.471,153.542,83.917,69.625,125.146,14.728,8.841
Hyderabad,17.385,78.4867,2024-10-19,2024,10,19,26.479,83.0,72.667,7.638,207.875,142.333,65.542,207.987,19.944,10.531
Hyderabad,17.385,78.4867,2024-10-20,2024,10,20,26.117,84.417,86.833,6.546,163.417,82.042,81.375,125.762,15.68,10.38
Hyderabad,17.385,78.4867,2024-10-21,2024,10,21,26.05,84.042,76.25,6.125,179.542,96.792,82.75,152.454,17.228,11.0
Hyderabad,17.385,78.4867,2024-10-22,2024,10,22,25.808,84.625,64.458,5.2,174.75,103.958,70.792,160.042,16.764,10.695
Hyderabad,17.385,78.4867,2024-10-23,2024,10,23,25.975,78.333,81.25,7.917,242.167,185.417,56.75,289.15,23.236,11.0
Hyderabad,17.385,78.4867,2024-10-24,2024,10,24,25.167,75.583,97.375,8.308,221.583,151.417,70.167,232.188,21.26,11.0
Hyderabad,17.385,78.4867,2024-10-25,2024,10,25,25.463,69.333,69.375,10.888,238.958,174.458,64.5,264.862,22.928,10.963
Hyderabad,17.385,78.4867,2024-10-26,2024,10,26,25.979,70.708,31.167,11.517,229.5,170.292,59.208,269.421,22.024,11.0
Hyderabad,17.385,78.4867,2024-10-27,2024,10,27,25.433,70.917,29.708,7.454,201.833,132.333,69.5,209.737,19.368,11.0
Hyderabad,17.385,78.4867,2024-10-28,2024,10,28,26.267,69.667,19.458,3.817,201.125,132.708,68.417,203.65,19.304,11.0
Hyderabad,17.385,78.4867,2024-10-29,2024,10,29,26.529,73.458,25.125,4.504,188.542,132.25,56.292,215.242,18.092,11.0
Hyderabad,17.385,78.4867,2024-10-30,2024,10,30,26.429,81.5,58.208,3.629,160.25,99.708,60.542,156.633,15.38,8.624
Hyderabad,17.385,78.4867,2024-10-31,2024,10,31,25.983,84.708,61.875,6.054,150.833,70.75,80.083,105.017,14.476,7.902
Hyderabad,17.385,78.4867,2024-11-01,2024,11,1,25.792,84.208,32.417,5.667,165.917,102.208,63.708,159.196,15.924,10.877
Hyderabad,17.385,78.4867,2024-11-02,2024,11,2,25.971,83.75,39.0,6.604,195.208,136.25,58.958,215.725,18.736,11.0
Hyderabad,17.385,78.4867,2024-11-03,2024,11,3,25.488,82.875,27.542,6.946,186.0,124.042,61.958,204.438,17.852,11.0
Hyderabad,17.385,78.4867,2024-11-04,2024,11,4,25.133,78.625,50.417,6.404,189.417,125.542,63.875,201.229,18.18,11.0
Hyderabad,17.385,78.4867,2024-11-05,2024,11,5,24.792,72.375,29.708,6.5,226.0,167.875,58.125,268.95,21.692,11.0
Hyderabad,17.385,78.4867,2024-11-06,2024,11,6,24.596,68.542,4.625,8.513,239.375,190.0,49.375,311.112,22.976,11.0
Hyderabad,17.385,78.4867,2024-11-07,2024,11,7,24.037,69.792,4.958,7.092,237.417,185.875,51.542,304.421,22.788,11.0
Hyderabad,17.385,78.4867,2024-11-08,2024,11,8,24.121,73.792,18.083,6.596,222.75,167.667,55.083,268.746,21.38,11.0
Hyderabad,17.385,78.4867,2024-11-09,2024,11,9,24.15,77.292,8.292,7.142,208.25,146.875,61.375,249.612,19.988,11.0
Hyderabad,17.385,78.4867,2024-11-10,2024,11,10,23.717,74.0,19.375,8.421,225.875,171.75,54.125,285.821,21.68,11.0
Hyderabad,17.385,78.4867,2024-11-11,2024,11,11,23.325,71.125,6.75,9.229,234.458,186.583,47.875,311.267,22.504,11.0
Hyderabad,17.385,78.4867,2024-11-12,2024,11,12,24.429,72.167,75.0,9.158,195.167,129.375,65.792,219.858,18.736,11.0
Hyderabad,17.385,78.4867,2024-11-13,2024,11,13,25.258,70.417,76.125,8.971,175.25,115.25,60.0,176.892,16.824,7.0
Hyderabad,17.385,78.4867,2024-11-14,2024,11,14,25.112,76.333,76.667,6.496,140.833,84.125,56.708,145.9,13.52,9.958
Hyderabad,17.385,78.4867,2024-11-15,2024,11,15,25.238,72.875,52.375,7.108,196.0,137.208,58.792,227.225,18.816,11.0
Hyderabad,17.385,78.4867,2024-11-16,2024,11,16,24.592,65.417,3.25,9.058,224.042,177.083,46.958,298.933,21.508,11.0
Hyderabad,17.385,78.4867,2024-11-17,2024,11,17,23.125,63.5,0.667,9.146,228.75,182.208,46.542,309.954,21.96,11.0
Hyderabad,17.385,78.4867,2024-11-18,2024,11,18,22.025,66.125,2.583,8.196,230.583,181.333,49.25,308.879,22.136,11.0
Hyderabad,17.385,78.4867,2024-11-19,2024,11,19,21.275,69.667,1.583,6.158,228.583,180.792,47.792,309.408,21.944,11.0
Hyderabad,17.385,78.4867,2024-11-20,2024,11,20,20.963,69.292,0.75,7.467,232.417,185.667,46.75,319.079,22.312,11.0
Hyderabad,17.385,78.4867,2024-11-21,2024,11,21,20.842,69.25,0.0,7.288,230.792,183.917,46.875,317.146,22.156,11.0
Hyderabad,17.385,78.4867,2024-11-22,2024,11,22,20.892,69.5,24.833,7.546,229.042,181.833,47.208,314.35,21.988,11.0
Hyderabad,17.385,78.4867,2024-11-23,2024,11,23,21.071,69.625,5.333,5.129,227.708,180.875,46.833,313.975,21.86,11.0
Hyderabad,17.385,78.4867,2024-11-24,2024,11,24,20.713,72.917,81.458,6.837,223.583,171.833,51.75,295.892,21.464,11.0
Hyderabad,17.385,78.4867,2024-11-25,2024,11,25,20.213,70.208,94.5,8.771,216.875,154.542,62.333,265.992,20.82,10.991
Hyderabad,17.385,78.4867,2024-11-26,2024,11,26,21.167,66.292,86.25,8.483,211.708,156.875,54.833,261.346,20.324,10.816
Hyderabad,17.385,78.4867,2024-11-27,2024,11,27,20.675,59.958,97.042,9.525,207.75,134.708,73.042,222.962,19.944,10.76
Hyderabad,17.385,78.4867,2024-11-28,2024,11,28,20.467,59.208,64.792,12.896,224.083,170.958,53.125,293.446,21.512,10.766
Hyderabad,17.385,78.4867,2024-11-29,2024,11,29,22.333,63.833,90.542,12.192,192.625,131.792,60.833,217.858,18.492,10.552
Hyderabad,17.385,78.4867,2024-11-30,2024,11,30,23.267,74.792,100.0,12.417,112.75,30.583,82.167,49.212,10.824,4.452
Hyderabad,17.385,78.4867,2024-12-01,2024,12,1,23.8,84.833,99.833,13.333,48.875,5.5,43.375,8.317,4.692,0.398
Hyderabad,17.385,78.4867,2024-12-02,2024,12,2,23.654,90.375,99.125,12.862,66.458,16.042,50.417,27.871,6.38,2.169
Hyderabad,17.385,78.4867,2024-12-03,2024,12,3,23.975,88.375,76.375,12.242,103.458,45.708,57.75,79.758,9.932,7.252
Hyderabad,17.385,78.4867,2024-12-04,2024,12,4,24.65,84.958,65.167,7.904,139.5,77.375,62.125,129.654,13.392,8.777
Hyderabad,17.385,78.4867,2024-12-05,2024,12,5,25.388,83.167,65.0,7.479,138.542,74.792,63.75,131.737,13.3,10.219
Hyderabad,17.385,78.4867,2024-12-06,2024,12,6,25.438,81.833,36.042,5.163,165.042,110.875,54.167,193.104,15.844,10.816
Hyderabad,17.385,78.4867,2024-12-07,2024,12,7,25.154,85.167,57.958,3.925,139.375,84.833,54.542,146.154,13.38,9.994
Hyderabad,17.385,78.4867,2024-12-08,2024,12,8,24.762,86.25,80.875,6.775,128.625,65.375,63.25,122.225,12.348,9.469
Hyderabad,17.385,78.4867,2024-12-09,2024,12,9,24.117,87.792,86.167,4.371,116.125,59.25,56.875,112.604,11.144,9.759
Hyderabad,17.385,78.4867,2024-12-10,2024,12,10,23.688,81.167,79.958,9.312,166.875,106.5,60.375,196.708,16.016,10.766
Hyderabad,17.385,78.4867,2024-12-11,2024,12,11,21.838,66.625,90.875,9.513,213.0,158.667,54.333,270.746,20.444,10.178
Hyderabad,17.385,78.4867,2024-12-12,2024,12,12,21.225,64.417,85.083,6.767,204.667,145.125,59.542,254.033,19.644,10.817
Hyderabad,17.385,78.4867,2024-12-13,2024,12,13,21.383,62.458,83.625,8.325,210.833,165.75,45.083,297.271,20.236,10.812
Hyderabad,17.385,78.4867,2024-12-14,2024,12,14,20.912,64.75,12.375,9.346,215.667,171.458,44.208,308.596,20.7,10.803
Hyderabad,17.385,78.4867,2024-12-15,2024,12,15,19.958,62.167,0.458,8.267,220.542,176.458,44.083,318.312,21.168,10.793
Hyderabad,17.385,78.4867,2024-12-16,2024,12,16,18.621,61.0,63.583,8.838,224.0,177.458,46.542,319.771,21.496,10.784
Hyderabad,17.385,78.4867,2024-12-17,2024,12,17,18.967,63.417,68.5,8.038,220.25,168.375,51.875,303.037,21.136,10.776
Hyderabad,17.385,78.4867,2024-12-18,2024,12,18,20.629,67.083,84.833,8.417,207.917,156.917,51.0,274.567,19.952,10.211
Hyderabad,17.385,78.4867,2024-12-19,2024,12,19,22.537,62.875,93.417,6.471,186.458,125.375,61.083,221.708,17.896,10.661
Hyderabad,17.385,78.4867,2024-12-20,2024,12,20,24.162,80.5,89.625,6.158,131.875,69.25,62.625,121.592,12.652,6.959
Hyderabad,17.385,78.4867,2024-12-21,2024,12,21,24.121,77.375,83.542,7.108,166.792,110.083,56.708,196.325,16.004,10.223
Hyderabad,17.385,78.4867,2024-12-22,2024,12,22,23.508,73.0,53.542,8.129,155.375,95.167,60.208,161.625,14.908,7.463
Hyderabad,17.385,78.4867,2024-12-23,2024,12,23,23.217,72.167,31.583,7.783,184.958,130.167,54.792,232.042,17.748,10.305
Hyderabad,17.385,78.4867,2024-12-24,2024,12,24,23.071,68.917,73.875,7.879,130.5,59.75,70.75,109.454,12.52,7.804
Hyderabad,17.385,78.4867,2024-12-25,2024,12,25,21.825,86.75,97.542,9.208,73.792,14.917,58.875,28.471,7.08,1.475
Hyderabad,17.385,78.4867,2024-12-26,2024,12,26,22.317,89.208,93.375,11.575,83.792,27.833,55.958,45.633,8.04,3.42
Hyderabad,17.385,78.4867,2024-12-27,2024,12,27,22.617,81.792,63.167,11.962,91.292,28.875,62.417,64.367,8.752,5.43
Hyderabad,17.385,78.4867,2024-12-28,2024,12,28,22.838,76.5,14.875,11.967,200.042,147.958,52.083,258.708,19.192,10.397
Hyderabad,17.385,78.4867,2024-12-29,2024,12,29,23.079,73.5,3.208,8.117,213.792,168.958,44.833,303.133,20.508,10.622
Hyderabad,17.385,78.4867,2024-12-30,2024,12,30,23.25,68.125,8.958,7.267,215.25,170.625,44.625,304.963,20.648,10.625
Hyderabad,17.385,78.4867,2024-12-31,2024,12,31,22.988,72.583,50.458,7.6,208.208,157.958,50.25,277.521,19.972,10.627
Hyderabad,17.385,78.4867,2025-01-01,2025,1,1,22.796,71.042,75.833,8.263,206.625,148.375,58.25,264.454,19.816,10.482
Hyderabad,17.385,78.4867,2025-01-02,2025,1,2,21.117,61.958,91.375,8.896,212.917,148.5,64.417,257.092,20.42,10.41
Hyderabad,17.385,78.4867,2025-01-03,2025,1,3,20.971,52.292,50.292,9.142,227.833,185.5,42.333,333.317,21.848,10.651
Hyderabad,17.385,78.4867,2025-01-04,2025,1,4,20.917,55.625,44.75,9.088,228.042,184.625,43.417,331.446,21.864,10.646
Hyderabad,17.385,78.4867,2025-01-05,2025,1,5,21.275,64.667,0.0,7.658,227.542,184.375,43.167,329.917,21.816,10.641
Hyderabad,17.385,78.4867,2025-01-06,2025,1,6,20.992,67.917,0.042,7.079,227.625,183.958,43.667,328.017,21.82,10.637
Hyderabad,17.385,78.4867,2025-01-07,2025,1,7,21.554,64.292,4.875,7.758,224.167,180.333,43.833,320.246,21.488,10.565
Hyderabad,17.385,78.4867,2025-01-08,2025,1,8,20.842,60.708,3.042,8.225,226.75,182.292,44.458,324.133,21.732,10.591
Hyderabad,17.385,78.4867,2025-01-09,2025,1,9,19.858,60.833,6.625,9.196,225.125,180.125,45.0,317.321,21.576,10.587
Hyderabad,17.385,78.4867,2025-01-10,2025,1,10,20.854,73.0,24.333,10.033,214.667,162.583,52.083,287.821,20.572,10.362
Hyderabad,17.385,78.4867,2025-01-11,2025,1,11,21.554,71.958,78.042,11.5,213.042,163.042,50.0,280.133,20.42,10.348
Hyderabad,17.385,78.4867,2025-01-12,2025,1,12,21.767,73.875,61.5,10.688,211.25,157.708,53.542,266.904,20.248,10.348
Hyderabad,17.385,78.4867,2025-01-13,2025,1,13,22.238,68.75,36.292,7.717,208.083,155.292,52.792,263.596,19.944,10.23
Hyderabad,17.385,78.4867,2025-01-14,2025,1,14,22.787,70.583,55.208,8.571,193.458,137.167,56.292,231.638,18.54,10.383
Hyderabad,17.385,78.4867,2025-01-15,2025,1,15,22.117,76.083,73.875,10.029,164.833,90.958,73.875,146.033,15.788,7.258
Hyderabad,17.385,78.4867,2025-01-16,2025,1,16,22.354,75.542,32.667,7.938,205.75,148.0,57.75,261.033,19.708,10.402
Hyderabad,17.385,78.4867,2025-01-17,2025,1,17,22.55,70.125,22.042,8.375,215.458,165.958,49.5,284.092,20.632,10.25
Hyderabad,17.385,78.4867,2025-01-18,2025,1,18,21.758,72.292,47.25,7.704,191.458,126.625,64.833,212.083,18.324,9.965
Hyderabad,17.385,78.4867,2025-01-19,2025,1,19,22.0,66.333,24.375,7.325,230.042,185.833,44.208,320.504,22.024,10.599
Hyderabad,17.385,78.4867,2025-01-20,2025,1,20,21.946,58.083,20.25,7.992,237.875,194.042,43.833,334.988,22.768,10.736
Hyderabad,17.385,78.4867,2025-01-21,2025,1,21,21.742,53.208,1.375,8.112,242.375,198.667,43.708,342.988,23.196,10.873
Hyderabad,17.385,78.4867,2025-01-22,2025,1,22,22.671,54.583,0.667,8.492,241.625,197.792,43.833,340.329,23.124,10.865
Hyderabad,17.385,78.4867,2025-01-23,2025,1,23,22.75,63.792,0.083,9.779,238.875,194.333,44.542,332.046,22.856,10.786
Hyderabad,17.385,78.4867,2025-01-24,2025,1,24,23.1,64.333,1.375,9.417,241.875,196.917,44.958,336.346,23.14,10.921
Hyderabad,17.385,78.4867,2025-01-25,2025,1,25,22.858,59.917,25.25,8.133,245.167,200.25,44.917,341.017,23.452,10.913
Hyderabad,17.385,78.4867,2025-01-26,2025,1,26,23.779,55.833,1.708,8.171,242.5,197.083,45.417,334.271,23.196,10.905
Hyderabad,17.385,78.4867,2025-01-27,2025,1,27,23.967,57.25,25.958,5.612,243.0,196.917,46.083,331.746,23.24,10.896
Hyderabad,17.385,78.4867,2025-01-28,2025,1,28,23.838,59.333,10.083,7.025,240.917,194.333,46.583,326.9,23.04,10.959
Hyderabad,17.385,78.4867,2025-01-29,2025,1,29,23.537,63.583,28.458,8.467,240.875,193.542,47.333,322.196,23.032,10.808
Hyderabad,17.385,78.4867,2025-01-30,2025,1,30,23.558,64.792,3.375,8.346,243.625,196.667,46.958,328.671,23.288,11.013
Hyderabad,17.385,78.4867,2025-01-31,2025,1,31,24.467,60.875,42.792,8.204,244.292,197.375,46.917,328.0,23.352,10.933
Hyderabad,17.385,78.4867,2025-02-01,2025,2,1,25.221,56.208,35.875,8.871,246.875,200.083,46.792,331.988,23.596,11.065
Hyderabad,17.385,78.4867,2025-02-02,2025,2,2,25.258,54.708,40.75,9.267,244.375,192.875,51.5,316.963,23.352,10.985
Hyderabad,17.385,78.4867,2025-02-03,2025,2,3,25.483,52.125,0.208,9.054,249.458,202.208,47.25,333.45,23.836,11.186
Hyderabad,17.385,78.4867,2025-02-04,2025,2,4,25.596,52.958,63.333,9.079,248.917,199.292,49.625,326.308,23.784,11.106
Hyderabad,17.385,78.4867,2025-02-05,2025,2,5,26.213,50.458,33.667,7.521,245.958,197.333,48.625,322.033,23.496,11.166
Hyderabad,17.385,78.4867,2025-02-06,2025,2,6,26.017,51.333,0.583,9.221,248.417,200.417,48.0,326.417,23.728,11.226
Hyderabad,17.385,78.4867,2025-02-07,2025,2,7,25.829,56.417,4.958,7.725,245.083,195.042,50.042,314.679,23.416,11.076
Hyderabad,17.385,78.4867,2025-02-08,2025,2,8,25.704,56.5,2.542,8.071,248.792,198.958,49.833,321.1,23.76,11.206
Hyderabad,17.385,78.4867,2025-02-09,2025,2,9,25.517,56.792,0.667,8.954,252.583,203.042,49.542,326.658,24.12,11.265
Hyderabad,17.385,78.4867,2025-02-10,2025,2,10,25.562,61.667,0.958,8.033,252.542,201.833,50.708,324.029,24.112,11.324
Hyderabad,17.385,78.4867,2025-02-11,2025,2,11,25.904,59.292,2.875,7.05,252.417,201.792,50.625,321.821,24.1,11.314
Hyderabad,17.385,78.4867,2025-02-12,2025,2,12,26.762,54.625,2.0,5.942,251.5,200.292,51.208,318.508,24.012,11.373
Hyderabad,17.385,78.4867,2025-02-13,2025,2,13,25.75,53.208,0.042,8.2,259.292,208.917,50.375,332.058,24.744,11.433
Hyderabad,17.385,78.4867,2025-02-14,2025,2,14,24.938,49.542,0.0,7.758,260.875,210.792,50.083,334.204,24.896,11.448
Hyderabad,17.385,78.4867,2025-02-15,2025,2,15,24.708,46.958,0.0,8.604,264.667,214.625,50.042,339.358,25.252,11.463
Hyderabad,17.385,78.4867,2025-02-16,2025,2,16,25.725,42.542,0.0,5.429,266.083,215.958,50.125,340.479,25.388,11.478
Hyderabad,17.385,78.4867,2025-02-17,2025,2,17,26.138,47.667,0.0,6.938,263.0,212.917,50.083,334.217,25.092,11.493
Hyderabad,17.385,78.4867,2025-02-18,2025,2,18,26.713,52.083,0.0,6.6,261.75,211.292,50.458,330.262,24.972,11.508
Hyderabad,17.385,78.4867,2025-02-19,2025,2,19,27.133,54.292,1.833,8.05,257.583,205.292,52.292,316.425,24.58,11.523
Hyderabad,17.385,78.4867,2025-02-20,2025,2,20,26.929,58.75,16.917,5.246,228.625,171.333,57.292,269.783,21.812,11.487
Hyderabad,17.385,78.4867,2025-02-21,2025,2,21,26.733,61.292,9.167,5.629,227.833,168.083,59.75,264.921,21.716,11.555
Hyderabad,17.385,78.4867,2025-02-22,2025,2,22,26.492,58.708,5.25,6.538,230.292,173.875,56.417,275.458,21.948,11.57
Hyderabad,17.385,78.4867,2025-02-23,2025,2,23,26.329,51.292,4.292,8.108,260.958,207.708,53.25,322.138,24.88,11.586
Hyderabad,17.385,78.4867,2025-02-24,2025,2,24,26.238,39.333,0.0,10.004,278.708,227.125,51.583,349.367,26.572,11.602
Hyderabad,17.385,78.4867,2025-02-25,2025,2,25,25.9,51.458,1.125,10.588,272.667,220.417,52.25,337.812,25.996,11.619
Hyderabad,17.385,78.4867,2025-02-26,2025,2,26,25.967,55.708,2.083,8.487,269.792,215.208,54.583,328.108,25.72,11.635
Hyderabad,17.385,78.4867,2025-02-27,2025,2,27,26.042,57.708,0.0,7.875,272.417,219.708,52.708,333.792,25.964,11.651
Hyderabad,17.385,78.4867,2025-02-28,2025,2,28,26.204,59.833,63.5,10.042,273.208,219.667,53.542,332.742,26.04,11.667
Hyderabad,17.385,78.4867,2025-03-01,2025,3,1,26.463,52.625,18.958,9.425,278.833,226.583,52.25,342.833,26.572,11.684
Hyderabad,17.385,78.4867,2025-03-02,2025,3,2,26.725,51.042,54.083,7.808,277.375,216.833,60.542,317.429,26.432,11.261
Hyderabad,17.385,78.4867,2025-03-03,2025,3,3,27.704,48.25,31.583,8.075,275.542,219.458,56.083,329.292,26.264,11.716
Hyderabad,17.385,78.4867,2025-03-04,2025,3,4,28.088,48.333,85.667,5.325,260.167,176.5,83.667,247.888,24.804,11.231
Hyderabad,17.385,78.4867,2025-03-05,2025,3,5,27.229,44.25,48.125,11.196,281.792,220.667,61.125,326.867,26.84,11.749
Hyderabad,17.385,78.4867,2025-03-06,2025,3,6,25.075,33.0,15.292,10.425,300.875,247.458,53.417,371.129,28.66,11.765
Hyderabad,17.385,78.4867,2025-03-07,2025,3,7,25.625,35.167,0.0,7.6,296.667,243.625,53.042,364.588,28.26,11.782
Hyderabad,17.385,78.4867,2025-03-08,2025,3,8,27.204,36.75,0.0,6.138,293.875,241.042,52.833,359.196,27.992,11.798
Hyderabad,17.385,78.4867,2025-03-09,2025,3,9,27.104,48.042,0.0,10.675,288.583,235.833,52.75,349.846,27.492,11.814
Hyderabad,17.385,78.4867,2025-03-10,2025,3,10,26.346,63.667,5.667,13.371,283.417,227.583,55.833,330.654,26.992,11.83
Hyderabad,17.385,78.4867,2025-03-11,2025,3,11,27.138,58.333,0.0,9.938,287.417,233.417,54.0,343.517,27.372,11.847
Hyderabad,17.385,78.4867,2025-03-12,2025,3,12,28.188,51.417,0.875,7.171,291.292,238.0,53.292,350.592,27.74,11.863
Hyderabad,17.385,78.4867,2025-03-13,2025,3,13,29.238,48.542,7.583,8.05,282.917,225.292,57.625,332.142,26.94,11.866
Hyderabad,17.385,78.4867,2025-03-14,2025,3,14,30.15,44.083,3.333,7.758,269.333,209.5,59.833,310.779,25.644,11.87
Hyderabad,17.385,78.4867,2025-03-15,2025,3,15,30.362,42.542,0.458,10.938,294.833,241.875,52.958,352.954,28.072,11.873
Hyderabad,17.385,78.4867,2025-03-16,2025,3,16,30.133,36.125,0.042,11.496,299.208,245.583,53.625,359.158,28.488,11.877
Hyderabad,17.385,78.4867,2025-03-17,2025,3,17,29.267,39.375,60.417,7.696,294.458,233.708,60.75,334.929,28.064,11.7
Hyderabad,17.385,78.4867,2025-03-18,2025,3,18,29.883,44.792,39.708,8.842,293.75,235.75,58.0,338.883,27.976,11.884
Hyderabad,17.385,78.4867,2025-03-19,2025,3,19,29.333,48.292,0.875,13.158,299.167,245.083,54.083,355.85,28.48,11.887
Hyderabad,17.385,78.4867,2025-03-20,2025,3,20,28.312,61.625,12.542,11.858,286.167,227.875,58.292,319.129,27.244,11.89
Hyderabad,17.385,78.4867,2025-03-21,2025,3,21,28.192,60.375,20.667,10.492,273.0,212.167,60.833,302.179,26.032,11.894
Hyderabad,17.385,78.4867,2025-03-22,2025,3,22,27.35,67.625,30.333,10.292,262.458,200.125,62.333,271.283,25.036,11.557
Hyderabad,17.385,78.4867,2025-03-23,2025,3,23,27.267,74.083,29.083,7.875,242.5,167.833,74.667,241.65,23.112,11.9
Hyderabad,17.385,78.4867,2025-03-24,2025,3,24,27.929,67.0,22.292,7.821,245.042,176.75,68.292,254.604,23.332,11.903
Hyderabad,17.385,78.4867,2025-03-25,2025,3,25,28.354,57.167,7.0,5.962,279.333,219.75,59.583,316.583,26.592,11.907
Hyderabad,17.385,78.4867,2025-03-26,2025,3,26,29.138,51.0,6.458,7.617,296.125,237.5,58.625,339.017,28.184,11.91
Hyderabad,17.385,78.4867,2025-03-27,2025,3,27,29.725,47.292,4.542,8.683,294.042,234.833,59.208,332.796,27.988,11.913
Hyderabad,17.385,78.4867,2025-03-28,2025,3,28,30.725,45.292,14.542,7.733,268.0,202.167,65.833,294.383,25.524,11.917
Hyderabad,17.385,78.4867,2025-03-29,2025,3,29,31.0,45.417,18.083,6.275,263.375,199.667,63.708,291.879,25.056,11.92
Hyderabad,17.385,78.4867,2025-03-30,2025,3,30,30.746,42.042,9.875,8.179,254.833,189.75,65.083,272.579,24.256,11.923
Hyderabad,17.385,78.4867,2025-03-31,2025,3,31,29.821,41.458,12.25,9.217,259.667,193.417,66.25,272.062,24.72,11.927
Hyderabad,17.385,78.4867,2025-04-01,2025,4,1,28.908,54.583,6.917,11.008,279.292,218.917,60.375,307.3,26.592,11.93
Hyderabad,17.385,78.4867,2025-04-02,2025,4,2,28.192,57.875,64.125,11.017,267.125,167.083,100.042,231.846,25.452,11.475
Hyderabad,17.385,78.4867,2025-04-03,2025,4,3,27.738,64.5,70.375,7.212,226.083,139.75,86.333,191.179,21.532,11.473
Hyderabad,17.385,78.4867,2025-04-04,2025,4,4,27.546,66.542,46.542,5.804,267.708,203.583,64.125,271.517,25.524,11.94
Hyderabad,17.385,78.4867,2025-04-05,2025,4,5,29.433,58.625,14.333,6.55,273.292,206.125,67.167,289.042,26.236,11.943
Hyderabad,17.385,78.4867,2025-04-06,2025,4,6,30.154,50.583,12.375,6.708,265.542,201.458,64.083,293.079,25.492,11.946
Hyderabad,17.385,78.4867,2025-04-07,2025,4,7,30.904,45.333,9.667,7.383,280.708,216.083,64.625,306.708,26.948,11.949
Hyderabad,17.385,78.4867,2025-04-08,2025,4,8,30.167,52.417,20.875,9.667,287.5,222.917,64.583,301.133,27.6,11.953
Hyderabad,17.385,78.4867,2025-04-09,2025,4,9,29.708,54.792,11.917,8.367,290.958,227.5,63.458,309.821,27.932,11.873
Hyderabad,17.385,78.4867,2025-04-10,2025,4,10,30.125,48.792,19.875,9.754,287.667,221.708,65.958,303.046,27.616,11.94
Hyderabad,17.385,78.4867,2025-04-11,2025,4,11,29.938,48.083,19.833,11.317,283.333,216.042,67.292,299.725,27.2,11.963
Hyderabad,17.385,78.4867,2025-04-12,2025,4,12,30.963,39.292,20.167,11.479,296.125,233.0,63.125,320.804,28.428,11.966
Hyderabad,17.385,78.4867,2025-04-13,2025,4,13,30.838,35.167,13.25,7.133,295.667,230.708,64.958,315.079,28.384,11.97
Hyderabad,17.385,78.4867,2025-04-14,2025,4,14,30.008,46.75,9.208,9.462,293.167,225.958,67.208,309.625,28.144,11.974
Hyderabad,17.385,78.4867,2025-04-15,2025,4,15,30.329,49.375,11.25,10.588,275.667,209.167,66.5,290.008,26.464,11.977
Hyderabad,17.385,78.4867,2025-04-16,2025,4,16,29.733,59.625,30.5,12.871,283.75,218.708,65.042,291.283,27.24,11.981
Hyderabad,17.385,78.4867,2025-04-17,2025,4,17,30.225,59.917,30.917,9.879,281.208,215.792,65.417,287.896,26.996,11.985
Hyderabad,17.385,78.4867,2025-04-18,2025,4,18,30.438,56.375,25.75,8.742,278.25,212.708,65.542,290.25,26.712,11.989
Hyderabad,17.385,78.4867,2025-04-19,2025,4,19,30.875,59.333,62.125,9.033,271.167,200.417,70.75,266.996,26.032,11.663
Hyderabad,17.385,78.4867,2025-04-20,2025,4,20,31.867,51.167,41.667,7.729,270.167,204.375,65.792,268.571,25.936,11.805
Hyderabad,17.385,78.4867,2025-04-21,2025,4,21,31.283,56.292,36.875,8.996,262.833,199.083,63.75,268.037,25.232,12.019
Hyderabad,17.385,78.4867,2025-04-22,2025,4,22,32.462,50.208,15.0,7.4,265.625,202.125,63.5,283.379,25.5,12.014
Hyderabad,17.385,78.4867,2025-04-23,2025,4,23,32.775,46.708,16.333,8.35,272.75,208.583,64.167,288.933,26.184,12.078
Hyderabad,17.385,78.4867,2025-04-24,2025,4,24,32.767,43.958,20.458,8.617,260.667,193.25,67.417,267.2,25.024,12.005
Hyderabad,17.385,78.4867,2025-04-25,2025,4,25,32.321,45.0,42.042,6.946,258.333,188.5,69.833,253.858,24.8,12.0
Hyderabad,17.385,78.4867,2025-04-26,2025,4,26,31.479,49.833,36.417,4.962,284.583,217.75,66.833,282.783,27.32,11.882
Hyderabad,17.385,78.4867,2025-04-27,2025,4,27,29.417,61.583,32.25,9.846,274.875,203.458,71.417,277.854,26.388,12.059
Hyderabad,17.385,78.4867,2025-04-28,2025,4,28,30.542,54.042,14.333,7.796,273.417,208.375,65.042,285.321,26.248,12.193
Hyderabad,17.385,78.4867,2025-04-29,2025,4,29,31.304,51.083,15.875,9.138,289.792,225.875,63.917,304.508,27.82,12.189
Hyderabad,17.385,78.4867,2025-04-30,2025,4,30,31.942,49.542,18.833,11.742,281.292,212.292,69.0,288.108,27.004,12.116
Hyderabad,17.385,78.4867,2025-05-01,2025,5,1,31.312,58.0,17.458,10.95,297.042,233.542,63.5,312.029,28.516,12.112
Hyderabad,17.385,78.4867,2025-05-02,2025,5,2,31.146,57.542,22.667,10.521,266.708,199.458,67.25,270.713,25.604,12.177
Hyderabad,17.385,78.4867,2025-05-03,2025,5,3,31.221,51.708,16.875,10.596,276.167,208.875,67.292,284.7,26.512,12.174
Hyderabad,17.385,78.4867,2025-05-04,2025,5,4,30.271,50.75,13.625,8.096,303.625,239.542,64.083,324.196,29.148,12.24
Hyderabad,17.385,78.4867,2025-05-05,2025,5,5,30.692,49.25,14.667,8.229,308.042,243.75,64.292,331.775,29.572,12.306
Hyderabad,17.385,78.4867,2025-05-06,2025,5,6,29.883,52.917,19.417,6.521,284.792,219.583,65.208,286.963,27.34,12.094
Hyderabad,17.385,78.4867,2025-05-07,2025,5,7,30.412,45.917,14.792,6.325,285.0,218.833,66.167,298.383,27.36,12.231
Hyderabad,17.385,78.4867,2025-05-08,2025,5,8,29.767,49.875,28.333,8.846,269.875,201.417,68.458,276.721,25.908,12.298
Hyderabad,17.385,78.4867,2025-05-09,2025,5,9,30.35,48.417,32.958,7.458,267.917,203.458,64.458,279.975,25.72,12.296
Hyderabad,17.385,78.4867,2025-05-10,2025,5,10,30.7,49.917,30.583,5.7,259.417,194.917,64.5,267.692,24.904,12.293
Hyderabad,17.385,78.4867,2025-05-11,2025,5,11,31.279,51.667,28.542,5.612,261.083,192.708,68.375,257.604,25.064,12.15
Hyderabad,17.385,78.4867,2025-05-12,2025,5,12,31.162,55.625,29.333,8.625,274.125,200.375,73.75,274.054,26.316,12.148
Hyderabad,17.385,78.4867,2025-05-13,2025,5,13,30.446,62.083,40.875,7.267,268.625,195.917,72.708,262.812,25.788,12.146
Hyderabad,17.385,78.4867,2025-05-14,2025,5,14,29.883,63.625,53.75,6.438,269.917,200.542,69.375,269.375,25.912,12.144
Hyderabad,17.385,78.4867,2025-05-15,2025,5,15,29.562,65.292,69.583,6.925,269.208,200.917,68.292,265.433,25.844,12.142
Hyderabad,17.385,78.4867,2025-05-16,2025,5,16,28.992,67.833,80.792,7.488,239.167,142.5,96.667,203.838,22.956,12.14
Hyderabad,17.385,78.4867,2025-05-17,2025,5,17,28.996,72.542,97.125,5.917,243.958,137.167,106.792,184.746,23.416,10.692
Hyderabad,17.385,78.4867,2025-05-18,2025,5,18,29.171,71.583,85.5,6.521,251.208,175.5,75.708,239.654,24.112,12.136
Hyderabad,17.385,78.4867,2025-05-19,2025,5,19,29.112,72.917,95.0,6.196,243.333,150.75,92.583,202.571,23.356,11.287
Hyderabad,17.385,78.4867,2025-05-20,2025,5,20,29.196,71.417,90.792,6.496,231.292,143.292,88.0,189.888,22.2,10.894
Hyderabad,17.385,78.4867,2025-05-21,2025,5,21,25.938,87.792,99.5,5.012,155.833,48.583,107.25,63.092,14.96,5.28
Hyderabad,17.385,78.4867,2025-05-22,2025,5,22,26.458,82.667,95.667,11.567,166.458,66.375,100.083,88.008,15.976,8.049
Hyderabad,17.385,78.4867,2025-05-23,2025,5,23,27.521,75.042,92.125,13.338,146.375,63.167,83.208,97.017,14.048,8.325
Hyderabad,17.385,78.4867,2025-05-24,2025,5,24,27.229,76.292,93.833,12.138,174.708,89.583,85.125,118.008,16.768,7.837
Hyderabad,17.385,78.4867,2025-05-25,2025,5,25,27.104,78.375,92.625,13.054,171.667,82.875,88.792,122.775,16.476,9.585
Hyderabad,17.385,78.4867,2025-05-26,2025,5,26,26.492,83.333,99.417,8.312,119.625,32.958,86.667,47.838,11.48,4.363
Hyderabad,17.385,78.4867,2025-05-27,2025,5,27,26.537,83.375,96.958,16.133,167.5,79.833,87.667,100.983,16.076,6.432
Hyderabad,17.385,78.4867,2025-05-28,2025,5,28,26.342,84.875,100.0,15.746,99.792,13.875,85.917,15.975,9.576,0.265
Hyderabad,17.385,78.4867,2025-05-29,2025,5,29,27.271,79.083,100.0,16.5,144.292,40.75,103.542,53.838,13.848,4.894
Hyderabad,17.385,78.4867,2025-05-30,2025,5,30,28.088,75.333,98.25,18.604,202.708,106.125,96.583,138.025,19.456,10.404
Hyderabad,17.385,78.4867,2025-05-31,2025,5,31,29.15,66.417,94.625,19.429,303.583,230.208,73.375,305.625,29.136,12.054
Hyderabad,17.385,78.4867,2025-06-01,2025,6,1,29.404,64.708,90.375,18.463,283.375,195.292,88.083,258.938,27.196,12.0
Hyderabad,17.385,78.4867,2025-06-02,2025,6,2,28.662,66.917,78.583,18.171,258.0,164.667,93.333,227.754,24.76,12.126
Hyderabad,17.385,78.4867,2025-06-03,2025,6,3,29.054,64.708,40.042,16.717,273.917,195.833,78.083,266.438,26.288,12.199
Hyderabad,17.385,78.4867,2025-06-04,2025,6,4,29.483,64.167,33.042,13.733,272.667,201.042,71.625,273.408,26.168,12.344
Hyderabad,17.385,78.4867,2025-06-05,2025,6,5,28.525,65.458,68.583,8.821,261.958,188.333,73.625,254.017,25.14,12.055
Hyderabad,17.385,78.4867,2025-06-06,2025,6,6,30.325,62.25,27.542,7.104,275.0,204.75,70.25,277.421,26.392,12.419
Hyderabad,17.385,78.4867,2025-06-07,2025,6,7,29.983,64.333,37.333,11.788,264.0,194.458,69.542,258.996,25.336,12.094
Hyderabad,17.385,78.4867,2025-06-08,2025,6,8,29.55,67.917,49.333,12.642,254.333,178.292,76.042,238.025,24.408,11.776
Hyderabad,17.385,78.4867,2025-06-09,2025,6,9,27.425,71.167,77.375,18.062,158.583,76.833,81.75,110.575,15.212,7.044
Hyderabad,17.385,78.4867,2025-06-10,2025,6,10,27.279,72.458,84.417,17.463,246.375,144.583,101.792,196.071,23.644,10.823
Hyderabad,17.385,78.4867,2025-06-11,2025,6,11,26.308,79.667,97.625,12.917,156.458,64.875,91.583,79.008,15.012,6.309
Hyderabad,17.385,78.4867,2025-06-12,2025,6,12,26.3,87.792,91.417,6.133,163.583,80.917,82.667,104.804,15.696,7.119
Hyderabad,17.385,78.4867,2025-06-13,2025,6,13,27.25,82.542,93.958,6.112,220.292,124.917,95.375,169.779,21.136,11.378
Hyderabad,17.385,78.4867,2025-06-14,2025,6,14,27.375,79.708,96.417,11.325,174.708,71.333,103.375,100.946,16.764,8.386
Hyderabad,17.385,78.4867,2025-06-15,2025,6,15,27.062,76.958,91.75,16.875,160.583,47.25,113.333,75.958,15.404,7.005
Hyderabad,17.385,78.4867,2025-06-16,2025,6,16,26.192,81.917,90.458,19.233,122.125,44.625,77.5,62.912,11.72,6.374
Hyderabad,17.385,78.4867,2025-06-17,2025,6,17,28.175,72.542,92.125,19.433,199.917,103.083,96.833,145.333,19.18,11.62
Hyderabad,17.385,78.4867,2025-06-18,2025,6,18,28.408,69.5,99.833,20.904,163.875,34.417,129.458,49.575,15.72,3.918
Hyderabad,17.385,78.4867,2025-06-19,2025,6,19,28.275,69.125,99.792,24.108,196.292,83.0,113.292,105.592,18.836,8.456
Hyderabad,17.385,78.4867,2025-06-20,2025,6,20,27.75,74.0,98.833,20.938,203.25,102.083,101.167,133.067,19.5,10.258
Hyderabad,17.385,78.4867,2025-06-21,2025,6,21,28.283,70.542,84.292,20.654,229.292,135.75,93.542,185.513,22.0,11.835
Hyderabad,17.385,78.4867,2025-06-22,2025,6,22,27.988,70.917,85.0,20.808,237.708,141.417,96.292,198.412,22.804,12.076
Hyderabad,17.385,78.4867,2025-06-23,2025,6,23,26.975,74.708,97.0,22.95,198.083,95.667,102.417,129.929,19.008,10.174
Hyderabad,17.385,78.4867,2025-06-24,2025,6,24,25.592,83.875,99.917,22.292,105.25,11.208,94.042,17.171,10.1,0.218
Hyderabad,17.385,78.4867,2025-06-25,2025,6,25,25.983,81.792,100.0,19.762,162.958,55.75,107.208,68.154,15.636,5.162
Hyderabad,17.385,78.4867,2025-06-26,2025,6,26,26.338,79.292,98.042,19.083,187.958,80.75,107.208,106.804,18.028,6.814
Hyderabad,17.385,78.4867,2025-06-27,2025,6,27,27.204,74.208,88.667,19.867,221.083,121.5,99.583,168.025,21.212,12.0
Hyderabad,17.385,78.4867,2025-06-28,2025,6,28,27.917,70.792,95.333,20.396,210.375,103.583,106.792,145.888,20.18,11.137
Hyderabad,17.385,78.4867,2025-06-29,2025,6,29,26.45,77.5,97.208,21.583,178.5,72.833,105.667,95.383,17.128,7.864
Hyderabad,17.385,78.4867,2025-06-30,2025,6,30,24.671,88.25,99.875,19.217,60.792,2.458,58.333,4.138,5.832,0.0
Hyderabad,17.385,78.4867,2025-07-01,2025,7,1,23.996,91.417,100.0,19.475,62.417,6.625,55.792,9.142,5.988,0.0
Hyderabad,17.385,78.4867,2025-07-02,2025,7,2,24.392,89.0,99.833,19.567,93.667,20.042,73.625,28.021,8.988,0.946
Hyderabad,17.385,78.4867,2025-07-03,2025,7,3,25.821,81.667,99.458,20.675,115.792,30.458,85.333,39.988,11.108,3.262
Hyderabad,17.385,78.4867,2025-07-04,2025,7,4,26.325,79.625,99.458,22.112,145.25,57.083,88.167,73.229,13.932,6.166
Hyderabad,17.385,78.4867,2025-07-05,2025,7,5,26.25,79.708,99.458,23.896,168.833,65.875,102.958,83.775,16.196,7.667
Hyderabad,17.385,78.4867,2025-07-06,2025,7,6,26.558,76.875,99.375,24.183,203.625,105.583,98.042,140.588,19.536,10.156
Hyderabad,17.385,78.4867,2025-07-07,2025,7,7,26.075,77.042,100.0,24.483,143.833,28.625,115.208,42.171,13.788,3.098
Hyderabad,17.385,78.4867,2025-07-08,2025,7,8,25.412,81.375,99.625,20.633,149.333,55.167,94.167,69.233,14.328,5.665
Hyderabad,17.385,78.4867,2025-07-09,2025,7,9,26.233,78.208,99.208,19.433,205.958,103.25,102.708,127.538,19.76,9.235
Hyderabad,17.385,78.4867,2025-07-10,2025,7,10,26.492,77.542,99.083,14.617,213.125,112.542,100.583,143.483,20.444,10.06
Hyderabad,17.385,78.4867,2025-07-11,2025,7,11,27.379,74.458,88.042,13.725,253.708,167.458,86.25,227.117,24.34,11.523
Hyderabad,17.385,78.4867,2025-07-12,2025,7,12,27.729,73.375,69.875,15.237,223.292,140.25,83.042,194.054,21.42,12.0
Hyderabad,17.385,78.4867,2025-07-13,2025,7,13,27.954,70.542,99.417,17.875,227.208,130.542,96.667,173.417,21.796,11.226
Hyderabad,17.385,78.4867,2025-07-14,2025,7,14,28.179,69.167,80.25,19.017,236.292,144.875,91.417,203.508,22.668,12.0
Hyderabad,17.385,78.4867,2025-07-15,2025,7,15,27.633,73.292,99.958,17.35,188.292,70.375,117.917,96.55,18.06,9.19
Hyderabad,17.385,78.4867,2025-07-16,2025,7,16,27.729,76.208,99.708,12.533,201.458,97.0,104.458,125.512,19.328,10.083
Hyderabad,17.385,78.4867,2025-07-17,2025,7,17,27.558,79.792,99.792,8.904,196.458,95.292,101.167,129.871,18.848,10.762
Hyderabad,17.385,78.4867,2025-07-18,2025,7,18,26.483,84.75,98.417,8.217,175.917,81.875,94.042,108.529,16.88,8.198
Hyderabad,17.385,78.4867,2025-07-19,2025,7,19,26.5,84.042,75.958,10.083,167.958,90.708,77.25,125.721,16.112,10.37
Hyderabad,17.385,78.4867,2025-07-20,2025,7,20,26.725,79.458,98.792,12.046,166.75,68.792,97.958,78.667,16.0,6.025
Hyderabad,17.385,78.4867,2025-07-21,2025,7,21,26.25,82.083,99.292,12.95,125.542,37.708,87.833,47.017,12.044,4.177
Hyderabad,17.385,78.4867,2025-07-22,2025,7,22,25.521,87.833,98.875,17.108,83.917,18.208,65.708,24.1,8.048,1.138
Hyderabad,17.385,78.4867,2025-07-23,2025,7,23,24.696,89.292,99.958,20.037,74.75,12.833,61.917,16.204,7.172,0.71
Hyderabad,17.385,78.4867,2025-07-24,2025,7,24,23.733,91.5,100.0,20.492,40.583,0.75,39.833,1.629,3.892,0.0
Hyderabad,17.385,78.4867,2025-07-25,2025,7,25,24.258,91.375,100.0,20.604,44.208,1.25,42.958,1.517,4.24,0.0
Hyderabad,17.385,78.4867,2025-07-26,2025,7,26,23.821,92.375,100.0,23.608,35.625,0.083,35.542,0.142,3.412,0.0
Hyderabad,17.385,78.4867,2025-07-27,2025,7,27,25.867,79.917,97.833,26.183,211.042,106.458,104.583,143.762,20.248,10.846
Hyderabad,17.385,78.4867,2025-07-28,2025,7,28,26.321,75.542,94.0,24.15,184.208,65.125,119.083,97.846,17.672,10.048
Hyderabad,17.385,78.4867,2025-07-29,2025,7,29,26.258,75.875,97.292,25.5,190.25,93.125,97.125,120.133,18.26,10.162
Hyderabad,17.385,78.4867,2025-07-30,2025,7,30,25.646,80.208,98.958,20.558,175.125,80.375,94.75,102.383,16.808,7.764
Hyderabad,17.385,78.4867,2025-07-31,2025,7,31,26.362,79.625,94.625,19.05,153.5,57.792,95.708,75.821,14.728,8.243
Hyderabad,17.385,78.4867,2025-08-01,2025,8,1,27.196,76.375,92.708,16.029,199.0,82.625,116.375,116.433,19.096,11.209
Hyderabad,17.385,78.4867,2025-08-02,2025,8,2,27.542,73.25,87.458,12.558,235.0,135.5,99.5,186.696,22.552,11.852
Hyderabad,17.385,78.4867,2025-08-03,2025,8,3,27.421,78.542,87.292,9.092,243.167,161.417,81.75,216.892,23.336,11.628
Hyderabad,17.385,78.4867,2025-08-04,2025,8,4,27.542,78.667,98.083,6.212,225.875,139.0,86.875,182.812,21.676,11.307
Hyderabad,17.385,78.4867,2025-08-05,2025,8,5,27.346,82.25,78.958,3.846,206.167,124.375,81.792,167.471,19.784,11.242
Hyderabad,17.385,78.4867,2025-08-06,2025,8,6,27.492,82.792,79.667,4.833,233.042,147.292,85.75,192.129,22.364,11.274
Hyderabad,17.385,78.4867,2025-08-07,2025,8,7,26.625,85.542,87.333,4.983,186.083,78.625,107.458,101.425,17.86,7.764
Hyderabad,17.385,78.4867,2025-08-08,2025,8,8,25.154,87.708,99.917,6.946,109.25,20.083,89.167,24.5,10.484,1.177
Hyderabad,17.385,78.4867,2025-08-09,2025,8,9,25.75,85.417,98.625,7.85,161.542,55.25,106.292,64.421,15.504,4.766
Hyderabad,17.385,78.4867,2025-08-10,2025,8,10,25.454,85.083,91.833,9.617,154.667,62.833,91.833,83.067,14.844,6.962
Hyderabad,17.385,78.4867,2025-08-11,2025,8,11,25.271,87.5,80.167,14.229,168.708,86.458,82.25,119.883,16.192,9.642
Hyderabad,17.385,78.4867,2025-08-12,2025,8,12,25.408,86.167,82.958,15.371,166.708,87.0,79.708,118.55,16.0,8.994
Hyderabad,17.385,78.4867,2025-08-13,2025,8,13,24.533,88.458,99.667,14.908,132.208,47.25,84.958,62.571,12.692,5.698
Hyderabad,17.385,78.4867,2025-08-14,2025,8,14,24.625,88.583,99.542,15.579,153.167,65.125,88.042,78.862,14.7,6.161
Hyderabad,17.385,78.4867,2025-08-15,2025,8,15,25.221,86.458,99.125,18.342,108.208,22.125,86.083,29.825,10.388,1.296
Hyderabad,17.385,78.4867,2025-08-16,2025,8,16,24.171,91.0,98.75,18.475,77.833,12.917,64.917,20.158,7.472,0.655
Hyderabad,17.385,78.4867,2025-08-17,2025,8,17,24.575,90.5,99.75,17.196,68.458,5.292,63.167,6.996,6.572,0.0
Hyderabad,17.385,78.4867,2025-08-18,2025,8,18,23.438,92.458,99.958,22.496,39.583,2.042,37.542,2.429,3.8,0.0
Hyderabad,17.385,78.4867,2025-08-19,2025,8,19,23.471,91.542,99.917,25.917,55.75,2.292,53.458,3.133,5.352,0.0
Hyderabad,17.385,78.4867,2025-08-20,2025,8,20,24.867,85.917,95.375,22.583,141.25,44.75,96.5,63.196,13.56,6.356
Hyderabad,17.385,78.4867,2025-08-21,2025,8,21,26.008,79.75,91.833,18.708,174.042,59.583,114.458,95.538,16.708,9.988
Hyderabad,17.385,78.4867,2025-08-22,2025,8,22,26.588,76.583,95.917,19.121,195.542,73.167,122.375,99.904,18.772,8.094
Hyderabad,17.385,78.4867,2025-08-23,2025,8,23,26.379,76.5,97.042,20.446,214.0,101.333,112.667,134.288,20.544,10.383
Hyderabad,17.385,78.4867,2025-08-24,2025,8,24,26.112,75.958,97.667,20.338,182.333,66.5,115.833,95.0,17.504,9.691
Hyderabad,17.385,78.4867,2025-08-25,2025,8,25,26.512,74.167,86.875,19.108,205.125,93.833,111.292,143.162,19.692,10.403
Hyderabad,17.385,78.4867,2025-08-26,2025,8,26,25.067,84.208,90.833,16.783,87.792,12.875,74.917,21.196,8.428,1.389
Hyderabad,17.385,78.4867,2025-08-27,2025,8,27,23.5,93.375,99.958,17.146,27.667,0.583,27.083,0.692,2.656,0.0
Hyderabad,17.385,78.4867,2025-08-28,2025,8,28,23.775,93.667,98.5,16.025,46.333,3.292,43.042,7.867,4.448,0.22
Hyderabad,17.385,78.4867,2025-08-29,2025,8,29,25.213,84.75,86.292,17.912,194.292,115.125,79.167,145.554,18.652,9.507
Hyderabad,17.385,78.4867,2025-08-30,2025,8,30,25.85,82.292,88.583,15.633,188.125,90.125,98.0,124.875,18.06,9.563
Hyderabad,17.385,78.4867,2025-08-31,2025,8,31,26.071,82.083,86.042,16.675,187.0,96.875,90.125,133.492,17.952,10.704
Hyderabad,17.385,78.4867,2025-09-01,2025,9,1,25.225,84.667,99.083,18.029,150.5,47.292,103.208,68.404,14.3,6.126
Hyderabad,17.385,78.4867,2025-09-02,2025,9,2,24.392,90.042,99.792,18.267,93.083,20.708,72.375,26.842,8.86,1.55
Hyderabad,17.385,78.4867,2025-09-03,2025,9,3,25.858,80.958,98.5,17.312,192.125,103.125,89.0,133.408,18.308,9.476
Hyderabad,17.385,78.4867,2025-09-04,2025,9,4,26.292,77.875,98.458,16.85,208.625,95.25,113.375,130.887,19.892,10.556
Hyderabad,17.385,78.4867,2025-09-05,2025,9,5,26.562,77.125,85.333,15.854,214.5,123.125,91.375,175.396,20.428,11.434
Hyderabad,17.385,78.4867,2025-09-06,2025,9,6,27.012,75.125,72.792,13.233,222.042,138.5,83.542,191.167,21.188,11.238
Hyderabad,17.385,78.4867,2025-09-07,2025,9,7,26.6,73.917,85.667,13.396,274.542,202.708,71.833,272.088,26.184,11.513
Hyderabad,17.385,78.4867,2025-09-08,2025,9,8,26.908,75.583,88.208,10.229,207.667,104.958,102.708,148.529,19.796,10.748
Hyderabad,17.385,78.4867,2025-09-09,2025,9,9,27.408,75.125,89.667,6.958,234.917,158.375,76.542,218.729,22.436,11.0
Hyderabad,17.385,78.4867,2025-09-10,2025,9,10,26.204,84.167,90.375,10.229,167.875,73.25,94.625,88.321,16.056,5.761
Hyderabad,17.385,78.4867,2025-09-11,2025,9,11,24.296,91.417,99.583,12.875,49.958,8.167,41.792,11.533,4.744,0.083
Hyderabad,17.385,78.4867,2025-09-12,2025,9,12,24.525,87.583,99.417,13.154,144.708,52.375,92.333,67.708,13.82,4.528
Hyderabad,17.385,78.4867,2025-09-13,2025,9,13,24.233,95.333,99.083,10.242,86.5,15.833,70.667,17.608,8.264,1.283
Hyderabad,17.385,78.4867,2025-09-14,2025,9,14,25.692,88.167,87.292,8.054,166.583,74.583,92.0,99.904,15.92,8.412
Hyderabad,17.385,78.4867,2025-09-15,2025,9,15,26.021,85.792,99.917,12.192,142.833,48.25,94.583,61.875,13.672,6.221
Hyderabad,17.385,78.4867,2025-09-16,2025,9,16,25.629,87.583,99.792,9.242,106.917,22.125,84.792,30.867,10.196,1.914
Hyderabad,17.385,78.4867,2025-09-17,2025,9,17,25.862,86.167,91.875,5.033,132.375,37.917,94.458,48.762,12.632,4.331
Hyderabad,17.385,78.4867,2025-09-18,2025,9,18,26.442,83.875,52.458,6.767,206.208,120.083,86.125,173.004,19.696,11.185
Hyderabad,17.385,78.4867,2025-09-19,2025,9,19,26.683,82.375,56.083,9.667,194.583,97.25,97.333,141.45,18.6,10.985
Hyderabad,17.385,78.4867,2025-09-20,2025,9,20,26.592,83.5,59.708,10.025,217.083,140.542,76.542,198.804,20.748,11.132
Hyderabad,17.385,78.4867,2025-09-21,2025,9,21,25.567,87.042,98.333,10.617,143.792,62.875,80.917,85.0,13.752,5.492
Hyderabad,17.385,78.4867,2025-09-22,2025,9,22,25.412,87.125,99.875,11.496,136.708,51.5,85.208,65.892,13.096,4.816
Hyderabad,17.385,78.4867,2025-09-23,2025,9,23,24.95,90.708,99.75,14.621,100.833,22.708,78.125,29.346,9.64,2.498
Hyderabad,17.385,78.4867,2025-09-24,2025,9,24,25.317,82.958,97.375,17.725,175.292,75.75,99.542,106.471,16.756,9.219
Hyderabad,17.385,78.4867,2025-09-25,2025,9,25,23.85,89.208,99.583,18.779,53.083,1.042,52.042,2.721,5.064,0.0
Hyderabad,17.385,78.4867,2025-09-26,2025,9,26,23.537,93.292,99.542,14.725,71.042,8.125,62.917,11.746,6.8,0.239
Hyderabad,17.385,78.4867,2025-09-27,2025,9,27,23.662,94.833,99.792,15.7,49.042,2.5,46.542,5.325,4.672,0.044
Hyderabad,17.385,78.4867,2025-09-28,2025,9,28,23.738,89.375,88.167,17.213,106.75,39.208,67.542,62.25,10.2,4.957
Hyderabad,17.385,78.4867,2025-09-29,2025,9,29,25.588,80.667,51.417,14.35,201.542,111.833,89.708,171.896,19.296,11.0
Hyderabad,17.385,78.4867,2025-09-30,2025,9,30,25.892,80.5,60.167,16.075,187.167,109.583,77.583,159.442,17.92,10.912
Hyderabad,17.385,78.4867,2025-10-01,2025,10,1,26.1,78.583,95.667,15.388,212.458,116.542,95.917,165.1,20.356,10.062
Hyderabad,17.385,78.4867,2025-10-02,2025,10,2,25.846,80.625,99.875,14.346,150.208,34.333,115.875,47.988,14.388,4.094
Hyderabad,17.385,78.4867,2025-10-03,2025,10,3,26.679,77.625,98.542,15.146,215.292,130.333,84.958,180.129,20.624,10.19
Hyderabad,17.385,78.4867,2025-10-04,2025,10,4,26.846,77.875,98.75,11.708,213.125,135.625,77.5,190.679,20.432,10.368
Hyderabad,17.385,78.4867,2025-10-05,2025,10,5,25.883,82.5,83.25,8.046,184.333,103.583,80.75,150.237,17.668,8.47
Hyderabad,17.385,78.4867,2025-10-06,2025,10,6,25.304,83.917,93.542,9.188,178.375,90.167,88.208,122.071,17.1,6.565
Hyderabad,17.385,78.4867,2025-10-07,2025,10,7,26.146,80.5,61.042,8.083,211.0,141.417,69.583,205.487,20.228,10.769
Hyderabad,17.385,78.4867,2025-10-08,2025,10,8,26.442,78.542,54.708,4.538,206.542,145.5,61.042,214.671,19.8,10.972
Hyderabad,17.385,78.4867,2025-10-09,2025,10,9,26.579,76.625,51.042,6.238,204.167,129.375,74.792,185.596,19.572,10.466
Hyderabad,17.385,78.4867,2025-10-10,2025,10,10,26.067,70.792,61.667,7.671,257.292,198.542,58.75,294.725,24.668,11.0
Hyderabad,17.385,78.4867,2025-10-11,2025,10,11,25.392,71.208,62.875,8.658,256.125,186.75,69.375,275.388,24.556,11.0
Hyderabad,17.385,78.4867,2025-10-12,2025,10,12,25.658,72.792,26.5,7.475,253.458,191.667,61.792,289.058,24.304,11.0
Hyderabad,17.385,78.4867,2025-10-13,2025,10,13,24.929,84.0,82.833,7.721,115.792,47.875,67.917,74.433,11.1,7.6
Hyderabad,17.385,78.4867,2025-10-14,2025,10,14,25.35,85.292,39.125,8.192,192.833,129.667,63.167,195.208,18.496,10.824
Hyderabad,17.385,78.4867,2025-10-15,2025,10,15,25.967,78.208,37.333,9.921,200.792,131.917,68.875,195.171,19.256,10.284
Hyderabad,17.385,78.4867,2025-10-16,2025,10,16,25.75,77.667,16.083,8.646,247.667,188.75,58.917,287.025,23.756,11.0
Hyderabad,17.385,78.4867,2025-10-17,2025,10,17,25.871,77.0,33.833,8.025,208.792,142.0,66.792,216.104,20.028,11.0
Hyderabad,17.385,78.4867,2025-10-18,2025,10,18,25.733,77.833,11.75,7.217,243.375,187.75,55.625,285.483,23.348,11.0
Hyderabad,17.385,78.4867,2025-10-19,2025,10,19,25.463,78.458,33.833,7.892,226.875,168.333,58.542,255.562,21.764,11.0
Hyderabad,17.385,78.4867,2025-10-20,2025,10,20,25.642,81.292,58.042,8.188,180.5,106.542,73.958,163.5,17.316,10.595
Hyderabad,17.385,78.4867,2025-10-21,2025,10,21,25.229,84.5,67.208,9.504,198.583,132.083,66.5,202.317,19.056,11.0
Hyderabad,17.385,78.4867,2025-10-22,2025,10,22,25.258,84.583,91.667,11.292,187.75,117.458,70.292,180.6,18.016,10.673
Hyderabad,17.385,78.4867,2025-10-23,2025,10,23,24.812,89.208,95.917,15.429,101.292,35.667,65.625,51.613,9.724,4.664
Hyderabad,17.385,78.4867,2025-10-24,2025,10,24,23.979,90.667,99.292,9.842,86.75,19.417,67.333,27.667,8.324,1.904
Hyderabad,17.385,78.4867,2025-10-25,2025,10,25,24.567,89.792,90.792,7.221,95.417,23.208,72.208,36.8,9.156,2.997
Hyderabad,17.385,78.4867,2025-10-26,2025,10,26,25.142,84.917,66.042,8.188,183.625,120.792,62.833,182.371,17.62,10.16
Hyderabad,17.385,78.4867,2025-10-27,2025,10,27,25.792,80.417,99.417,5.8,212.458,144.417,68.042,217.8,20.392,10.0
Hyderabad,17.385,78.4867,2025-10-28,2025,10,28,24.396,92.208,100.0,14.5,37.708,2.208,35.5,3.725,3.62,0.0
Hyderabad,17.385,78.4867,2025-10-29,2025,10,29,23.029,95.0,100.0,18.621,24.042,0.875,23.167,2.804,2.304,0.0
Hyderabad,17.385,78.4867,2025-10-30,2025,10,30,24.975,77.167,96.875,17.904,179.667,96.583,83.083,155.929,17.24,9.994
Hyderabad,17.385,78.4867,2025-10-31,2025,10,31,25.317,74.375,51.083,11.838,208.708,142.083,66.625,222.792,20.032,10.884
Hyderabad,17.385,78.4867,2025-11-01,2025,11,1,26.129,80.167,44.583,7.413,190.583,125.708,64.875,195.954,18.292,11.0
Hyderabad,17.385,78.4867,2025-11-02,2025,11,2,26.108,81.125,71.667,10.446,178.417,119.042,59.375,188.038,17.124,11.0
Hyderabad,17.385,78.4867,2025-11-03,2025,11,3,26.433,81.292,50.917,10.138,178.292,118.875,59.417,189.283,17.112,11.0
Hyderabad,17.385,78.4867,2025-11-04,2025,11,4,25.304,85.292,84.833,8.108,153.875,83.583,70.292,132.112,14.768,8.936
Hyderabad,17.385,78.4867,2025-11-05,2025,11,5,25.713,77.5,47.708,7.321,202.917,146.875,56.042,235.4,19.476,11.0
Hyderabad,17.385,78.4867,2025-11-06,2025,11,6,25.117,74.542,34.0,7.442,196.292,136.833,59.458,226.933,18.84,11.0
Hyderabad,17.385,78.4867,2025-11-07,2025,11,7,24.775,70.0,34.042,8.271,219.25,161.625,57.625,264.679,21.044,11.0
Hyderabad,17.385,78.4867,2025-11-08,2025,11,8,23.479,64.667,32.667,8.067,226.125,166.958,59.167,269.767,21.704,10.991
Hyderabad,17.385,78.4867,2025-11-09,2025,11,9,22.171,68.208,18.75,7.667,227.0,171.125,55.875,280.004,21.788,11.0
Hyderabad,17.385,78.4867,2025-11-10,2025,11,10,21.883,67.792,1.417,6.246,235.833,187.0,48.833,310.475,22.636,11.0
Hyderabad,17.385,78.4867,2025-11-11,2025,11,11,22.717,67.667,12.125,6.846,225.0,172.042,52.958,275.708,21.6,10.712
Hyderabad,17.385,78.4867,2025-11-12,2025,11,12,22.333,65.708,0.208,8.204,233.5,184.958,48.542,308.983,22.412,11.0
Hyderabad,17.385,78.4867,2025-11-13,2025,11,13,21.254,62.875,0.0,9.008,241.292,194.125,47.167,326.675,23.16,11.0
Hyderabad,17.385,78.4867,2025-11-14,2025,11,14,20.329,65.875,3.125,8.5,242.417,195.125,47.292,329.888,23.268,11.0
Hyderabad,17.385,78.4867,2025-11-15,2025,11,15,20.346,66.583,0.25,8.071,239.25,191.667,47.583,324.408,22.968,11.0
Hyderabad,17.385,78.4867,2025-11-16,2025,11,16,20.071,64.542,37.333,8.933,233.208,176.0,57.208,293.542,22.388,11.0
Hyderabad,17.385,78.4867,2025-11-17,2025,11,17,19.858,64.042,19.375,9.546,238.292,191.042,47.25,326.175,22.876,11.0
Hyderabad,17.385,78.4867,2025-11-18,2025,11,18,20.162,67.083,17.833,7.946,234.417,185.458,48.958,316.242,22.504,11.0
Hyderabad,17.385,78.4867,2025-11-19,2025,11,19,20.362,68.583,0.0,7.142,235.5,188.5,47.0,323.158,22.608,11.0
Hyderabad,17.385,78.4867,2025-11-20,2025,11,20,20.467,67.958,0.0,8.567,234.958,188.583,46.375,324.929,22.556,11.0
Hyderabad,17.385,78.4867,2025-11-21,2025,11,21,22.0,75.708,21.167,7.825,216.875,162.625,54.25,279.65,20.82,11.0
Hyderabad,17.385,78.4867,2025-11-22,2025,11,22,23.192,77.208,38.083,7.346,221.667,171.458,50.208,293.029,21.28,11.0
Hyderabad,17.385,78.4867,2025-11-23,2025,11,23,23.262,75.25,65.292,7.4,202.458,139.542,62.917,235.221,19.436,10.495
Hyderabad,17.385,78.4867,2025-11-24,2025,11,24,22.792,74.5,45.375,7.429,217.125,167.875,49.25,287.871,20.844,11.0
Hyderabad,17.385,78.4867,2025-11-25,2025,11,25,22.333,77.583,25.458,8.0,210.0,154.25,55.75,267.625,20.16,10.994
Hyderabad,17.385,78.4867,2025-11-26,2025,11,26,22.233,76.125,23.333,7.812,202.167,143.25,58.917,252.167,19.408,10.984
Hyderabad,17.385,78.4867,2025-11-27,2025,11,27,21.804,77.792,47.542,7.596,184.667,119.208,65.458,209.004,17.728,10.758
Hyderabad,17.385,78.4867,2025-11-28,2025,11,28,21.246,66.458,82.458,10.008,220.5,170.917,49.583,298.05,21.168,10.964
Hyderabad,17.385,78.4867,2025-11-29,2025,11,29,20.192,64.167,88.833,8.962,193.958,108.458,85.5,182.688,18.62,10.058
Hyderabad,17.385,78.4867,2025-11-30,2025,11,30,21.092,67.208,90.958,8.442,97.417,16.167,81.25,26.775,9.352,2.148
Hyderabad,17.385,78.4867,2025-12-01,2025,12,1,21.796,71.417,21.125,7.546,189.625,133.375,56.25,234.812,18.204,10.934
Hyderabad,17.385,78.4867,2025-12-02,2025,12,2,22.496,74.167,37.25,7.808,176.667,121.792,54.875,213.521,16.96,10.833
Hyderabad,17.385,78.4867,2025-12-03,2025,12,3,22.667,67.833,29.417,9.038,207.042,158.292,48.75,274.833,19.876,10.913
Hyderabad,17.385,78.4867,2025-12-04,2025,12,4,23.392,67.417,25.458,8.0,176.958,114.458,62.5,201.562,16.988,10.903
Hyderabad,17.385,78.4867,2025-12-05,2025,12,5,22.575,63.667,53.542,8.379,207.042,153.583,53.458,268.588,19.872,10.893
Hyderabad,17.385,78.4867,2025-12-06,2025,12,6,21.471,62.542,49.25,8.129,217.042,170.083,46.958,299.508,20.832,10.883
Hyderabad,17.385,78.4867,2025-12-07,2025,12,7,21.429,60.625,58.875,7.962,206.75,149.667,57.083,259.204,19.844,10.156
Hyderabad,17.385,78.4867,2025-12-08,2025,12,8,20.533,54.833,24.042,8.917,219.125,170.0,49.125,297.842,21.032,10.863
Hyderabad,17.385,78.4867,2025-12-09,2025,12,9,20.946,47.917,0.5,10.608,224.667,181.167,43.5,325.508,21.564,10.853
Hyderabad,17.385,78.4867,2025-12-10,2025,12,10,20.775,47.417,0.0,10.783,226.0,182.583,43.417,329.062,21.692,10.843
Hyderabad,17.385,78.4867,2025-12-11,2025,12,11,19.867,45.375,0.125,9.85,230.083,186.417,43.667,336.871,22.084,10.834
Hyderabad,17.385,78.4867,2025-12-12,2025,12,12,19.188,52.583,0.0,9.217,224.917,181.708,43.208,328.058,21.588,10.825
Hyderabad,17.385,78.4867,2025-12-13,2025,12,13,19.842,54.083,0.0,6.442,222.833,179.708,43.125,324.6,21.388,10.816
Hyderabad,17.385,78.4867,2025-12-14,2025,12,14,19.867,59.75,0.083,7.358,220.333,176.542,43.792,318.642,21.148,10.807
Hyderabad,17.385,78.4867,2025-12-15,2025,12,15,20.0,63.0,0.0,8.154,218.917,174.542,44.375,314.7,21.012,10.798
Hyderabad,17.385,78.4867,2025-12-16,2025,12,16,20.092,65.083,0.0,8.858,220.375,176.375,44.0,318.3,21.152,10.789
Hyderabad,17.385,78.4867,2025-12-17,2025,12,17,20.45,64.708,0.0,7.996,223.0,179.167,43.833,324.083,21.4,10.78
Hyderabad,17.385,78.4867,2025-12-18,2025,12,18,20.183,56.375,0.0,9.683,225.583,182.25,43.333,330.646,21.648,10.771
Hyderabad,17.385,78.4867,2025-12-19,2025,12,19,19.571,50.667,5.375,10.558,226.292,182.875,43.417,331.892,21.716,10.762
Hyderabad,17.385,78.4867,2025-12-20,2025,12,20,19.292,56.0,32.333,9.3,223.333,179.292,44.042,323.85,21.432,10.753
Hyderabad,17.385,78.4867,2025-12-21,2025,12,21,19.079,63.75,28.042,8.308,220.792,176.833,43.958,320.075,21.188,10.744
Hyderabad,17.385,78.4867,2025-12-22,2025,12,22,19.688,62.042,33.5,7.967,220.583,176.583,44.0,319.512,21.168,10.736
Hyderabad,17.385,78.4867,2025-12-23,2025,12,23,19.825,61.708,68.542,7.925,221.0,176.167,44.833,318.121,21.204,10.727
Hyderabad,17.385,78.4867,2025-12-24,2025,12,24,19.879,61.167,15.417,8.479,220.792,176.875,43.917,319.362,21.184,10.719
Hyderabad,17.385,78.4867,2025-12-25,2025,12,25,19.446,60.083,4.292,7.35,219.958,175.0,44.958,317.992,21.104,10.711
Hyderabad,17.385,78.4867,2025-12-26,2025,12,26,19.725,62.625,0.0,7.417,220.792,177.208,43.583,320.004,21.184,10.704
Hyderabad,17.385,78.4867,2025-12-27,2025,12,27,19.75,65.875,0.0,6.025,221.917,178.0,43.917,320.879,21.288,10.696
Hyderabad,17.385,78.4867,2025-12-28,2025,12,28,19.808,63.958,0.0,6.292,221.542,177.542,44.0,320.033,21.252,10.689
Hyderabad,17.385,78.4867,2025-12-29,2025,12,29,19.362,63.958,1.125,7.483,222.125,178.208,43.917,320.65,21.308,10.682
Hyderabad,17.385,78.4867,2025-12-30,2025,12,30,20.238,59.458,13.5,4.908,224.5,181.208,43.292,326.633,21.532,10.676
Hyderabad,17.385,78.4867,2025-12-31,2025,12,31,20.583,65.917,0.042,6.738,220.875,177.25,43.625,318.4,21.184,10.67
Jaipur,26.9124,75.7873,2023-01-01,2023,1,1,12.638,67.792,0.208,5.967,179.333,145.625,33.708,311.567,17.212,10.0
Jaipur,26.9124,75.7873,2023-01-02,2023,1,2,12.004,75.75,0.0,6.788,177.708,143.625,34.083,306.221,17.052,10.0
Jaipur,26.9124,75.7873,2023-01-03,2023,1,3,11.075,77.792,0.5,6.587,176.958,142.458,34.5,302.838,16.98,10.0
Jaipur,26.9124,75.7873,2023-01-04,2023,1,4,9.812,71.375,0.0,7.892,185.292,151.167,34.125,321.612,17.78,10.0
Jaipur,26.9124,75.7873,2023-01-05,2023,1,5,9.013,75.125,8.25,6.504,186.458,152.458,34.0,324.646,17.892,10.0
Jaipur,26.9124,75.7873,2023-01-06,2023,1,6,9.667,73.292,22.958,6.633,182.75,143.042,39.708,297.121,17.532,10.0
Jaipur,26.9124,75.7873,2023-01-07,2023,1,7,11.142,66.417,29.917,4.167,178.583,136.958,41.625,277.658,17.132,10.0
Jaipur,26.9124,75.7873,2023-01-08,2023,1,8,13.675,62.083,0.0,6.462,186.833,153.375,33.458,324.012,17.924,10.0
Jaipur,26.9124,75.7873,2023-01-09,2023,1,9,15.379,69.875,45.875,6.071,177.917,139.833,38.083,288.454,17.068,10.0
Jaipur,26.9124,75.7873,2023-01-10,2023,1,10,15.362,68.125,4.792,5.508,182.208,148.375,33.833,310.354,17.476,10.0
Jaipur,26.9124,75.7873,2023-01-11,2023,1,11,15.758,65.208,4.583,8.342,180.458,146.5,33.958,305.421,17.308,10.0
Jaipur,26.9124,75.7873,2023-01-12,2023,1,12,16.754,62.917,48.667,4.554,164.5,123.958,40.542,247.029,15.776,10.0
Jaipur,26.9124,75.7873,2023-01-13,2023,1,13,15.529,66.292,25.0,8.217,165.542,126.375,39.167,260.488,15.872,10.0
Jaipur,26.9124,75.7873,2023-01-14,2023,1,14,11.929,62.167,0.208,10.042,193.167,158.708,34.458,328.404,18.52,10.0
Jaipur,26.9124,75.7873,2023-01-15,2023,1,15,9.992,50.667,4.667,8.408,198.458,164.167,34.292,339.354,19.024,10.0
Jaipur,26.9124,75.7873,2023-01-16,2023,1,16,9.996,49.917,0.0,5.85,196.333,162.292,34.042,334.812,18.816,10.054
Jaipur,26.9124,75.7873,2023-01-17,2023,1,17,10.621,48.5,0.0,5.562,196.958,162.667,34.292,333.9,18.876,10.048
Jaipur,26.9124,75.7873,2023-01-18,2023,1,18,11.083,48.875,0.0,6.925,194.583,160.25,34.333,327.242,18.644,10.041
Jaipur,26.9124,75.7873,2023-01-19,2023,1,19,12.842,53.208,42.333,7.971,190.542,154.542,36.0,313.708,18.256,10.034
Jaipur,26.9124,75.7873,2023-01-20,2023,1,20,13.975,62.083,20.917,11.029,189.0,152.75,36.25,308.104,18.108,10.027
Jaipur,26.9124,75.7873,2023-01-21,2023,1,21,14.596,67.917,10.0,8.917,189.875,153.083,36.792,306.0,18.192,10.02
Jaipur,26.9124,75.7873,2023-01-22,2023,1,22,15.592,67.25,28.0,10.908,147.375,103.167,44.208,210.417,14.112,10.013
Jaipur,26.9124,75.7873,2023-01-23,2023,1,23,15.208,76.375,22.25,9.192,159.208,118.875,40.333,230.892,15.252,10.006
Jaipur,26.9124,75.7873,2023-01-24,2023,1,24,15.75,84.333,42.125,7.975,144.458,93.667,50.792,193.367,13.824,10.076
Jaipur,26.9124,75.7873,2023-01-25,2023,1,25,14.896,71.292,4.125,9.233,193.875,154.875,39.0,305.071,18.556,10.147
Jaipur,26.9124,75.7873,2023-01-26,2023,1,26,14.375,57.333,12.417,10.642,196.833,156.625,40.208,301.092,18.836,10.216
Jaipur,26.9124,75.7873,2023-01-27,2023,1,27,12.492,51.667,0.0,8.763,209.25,171.875,37.375,337.367,20.02,10.286
Jaipur,26.9124,75.7873,2023-01-28,2023,1,28,13.321,49.167,2.667,7.021,210.458,172.917,37.542,337.704,20.136,10.355
Jaipur,26.9124,75.7873,2023-01-29,2023,1,29,14.142,80.667,80.25,7.883,100.542,34.417,66.125,79.267,9.624,6.813
Jaipur,26.9124,75.7873,2023-01-30,2023,1,30,14.862,87.333,60.083,8.071,150.375,90.875,59.5,173.246,14.38,10.186
Jaipur,26.9124,75.7873,2023-01-31,2023,1,31,14.896,79.083,26.375,8.65,197.417,153.542,43.875,289.312,18.872,10.409
Jaipur,26.9124,75.7873,2023-02-01,2023,2,1,13.742,70.708,0.0,9.471,213.083,173.833,39.25,332.129,20.372,10.477
Jaipur,26.9124,75.7873,2023-02-02,2023,2,2,15.433,62.875,0.0,8.446,212.583,173.667,38.917,330.338,20.32,10.469
Jaipur,26.9124,75.7873,2023-02-03,2023,2,3,16.475,56.25,0.0,5.933,213.458,174.5,38.958,330.825,20.4,10.537
Jaipur,26.9124,75.7873,2023-02-04,2023,2,4,16.975,58.542,0.0,7.758,210.5,171.458,39.042,322.971,20.112,10.529
Jaipur,26.9124,75.7873,2023-02-05,2023,2,5,18.125,59.083,0.0,7.258,210.375,170.958,39.417,319.812,20.1,10.522
Jaipur,26.9124,75.7873,2023-02-06,2023,2,6,19.412,62.5,0.0,9.067,210.75,170.833,39.917,317.621,20.128,10.59
Jaipur,26.9124,75.7873,2023-02-07,2023,2,7,18.125,56.917,0.0,12.658,217.542,176.917,40.625,328.375,20.772,10.65
Jaipur,26.9124,75.7873,2023-02-08,2023,2,8,18.138,49.917,0.0,7.096,217.042,176.708,40.333,326.154,20.72,10.663
Jaipur,26.9124,75.7873,2023-02-09,2023,2,9,19.667,55.0,0.0,10.196,215.333,174.792,40.542,320.55,20.556,10.675
Jaipur,26.9124,75.7873,2023-02-10,2023,2,10,20.838,50.333,4.75,11.4,219.75,178.75,41.0,326.117,20.972,10.687
Jaipur,26.9124,75.7873,2023-02-11,2023,2,11,20.338,53.333,0.0,10.617,222.667,181.083,41.583,328.225,21.244,10.699
Jaipur,26.9124,75.7873,2023-02-12,2023,2,12,17.904,37.583,0.0,12.538,228.833,186.542,42.292,338.362,21.824,10.711
Jaipur,26.9124,75.7873,2023-02-13,2023,2,13,15.987,34.708,0.0,13.013,229.708,187.167,42.542,337.412,21.908,10.723
Jaipur,26.9124,75.7873,2023-02-14,2023,2,14,18.221,35.75,0.0,9.508,226.042,183.708,42.333,328.662,21.556,10.734
Jaipur,26.9124,75.7873,2023-02-15,2023,2,15,20.458,39.458,0.0,11.283,229.083,186.333,42.75,331.588,21.84,10.746
Jaipur,26.9124,75.7873,2023-02-16,2023,2,16,21.867,47.708,7.208,7.342,231.708,188.625,43.083,333.933,22.088,10.757
Jaipur,26.9124,75.7873,2023-02-17,2023,2,17,22.142,57.167,5.625,5.413,232.208,188.708,43.5,331.683,22.128,10.769
Jaipur,26.9124,75.7873,2023-02-18,2023,2,18,21.167,61.625,0.0,5.933,234.375,190.667,43.708,334.196,22.332,10.795
Jaipur,26.9124,75.7873,2023-02-19,2023,2,19,22.529,58.542,4.542,7.071,235.792,192.0,43.792,334.804,22.464,10.799
Jaipur,26.9124,75.7873,2023-02-20,2023,2,20,23.15,47.875,23.75,9.933,238.792,194.75,44.042,337.967,22.744,10.876
Jaipur,26.9124,75.7873,2023-02-21,2023,2,21,23.862,37.958,19.125,11.179,235.5,191.667,43.833,330.746,22.428,10.879
Jaipur,26.9124,75.7873,2023-02-22,2023,2,22,22.512,52.833,36.917,7.167,223.042,157.125,65.917,262.008,21.228,10.882
Jaipur,26.9124,75.7873,2023-02-23,2023,2,23,22.367,50.875,7.625,6.238,236.708,192.417,44.292,329.033,22.532,10.959
Jaipur,26.9124,75.7873,2023-02-24,2023,2,24,22.154,47.083,87.583,6.962,212.042,124.958,87.083,205.621,20.176,10.605
Jaipur,26.9124,75.7873,2023-02-25,2023,2,25,22.567,52.792,3.292,5.842,239.625,193.875,45.75,328.421,22.808,11.037
Jaipur,26.9124,75.7873,2023-02-26,2023,2,26,23.062,51.958,24.917,6.358,229.125,181.333,47.792,304.433,21.808,11.039
Jaipur,26.9124,75.7873,2023-02-27,2023,2,27,23.717,47.958,15.292,5.908,238.167,189.208,48.958,313.179,22.664,10.968
Jaipur,26.9124,75.7873,2023-02-28,2023,2,28,23.4,45.667,6.375,9.033,235.375,186.667,48.708,314.35,22.376,11.188
Jaipur,26.9124,75.7873,2023-03-01,2023,3,1,23.383,51.667,11.125,11.542,233.042,182.75,50.292,294.542,22.188,11.158
Jaipur,26.9124,75.7873,2023-03-02,2023,3,2,23.975,51.708,12.625,8.062,242.75,195.792,46.958,321.817,23.1,11.263
Jaipur,26.9124,75.7873,2023-03-03,2023,3,3,24.367,52.625,15.458,6.879,245.25,197.292,47.958,323.3,23.336,11.264
Jaipur,26.9124,75.7873,2023-03-04,2023,3,4,22.65,56.333,27.958,8.671,232.25,175.125,57.125,280.146,22.116,10.893
Jaipur,26.9124,75.7873,2023-03-05,2023,3,5,23.604,52.625,20.917,5.567,245.375,196.583,48.792,316.588,23.332,11.41
Jaipur,26.9124,75.7873,2023-03-06,2023,3,6,23.554,49.667,20.083,7.729,244.167,194.792,49.375,318.633,23.44,11.555
Jaipur,26.9124,75.7873,2023-03-07,2023,3,7,23.617,45.458,64.333,5.904,245.125,189.25,55.875,306.758,23.532,11.482
Jaipur,26.9124,75.7873,2023-03-08,2023,3,8,21.775,55.167,54.625,6.417,230.25,160.583,69.667,254.575,22.104,10.906
Jaipur,26.9124,75.7873,2023-03-09,2023,3,9,21.638,62.583,12.5,6.296,243.417,190.875,52.542,303.521,23.368,11.687
Jaipur,26.9124,75.7873,2023-03-10,2023,3,10,23.213,52.833,0.25,5.783,262.292,213.958,48.333,342.904,25.18,11.714
Jaipur,26.9124,75.7873,2023-03-11,2023,3,11,24.054,46.958,0.0,6.587,263.792,215.5,48.292,344.571,25.324,11.741
Jaipur,26.9124,75.7873,2023-03-12,2023,3,12,25.192,42.583,34.042,6.092,260.833,206.208,54.625,323.612,25.04,11.768
Jaipur,26.9124,75.7873,2023-03-13,2023,3,13,25.938,42.75,71.833,5.062,229.667,147.042,82.625,220.692,22.048,10.39
Jaipur,26.9124,75.7873,2023-03-14,2023,3,14,25.954,39.625,17.292,8.221,248.333,189.875,58.458,293.396,23.84,11.804
Jaipur,26.9124,75.7873,2023-03-15,2023,3,15,25.458,43.333,85.625,7.633,227.917,153.167,74.75,234.688,21.88,10.267
Jaipur,26.9124,75.7873,2023-03-16,2023,3,16,24.867,42.542,69.833,6.783,187.292,101.833,85.458,158.721,17.98,10.267
Jaipur,26.9124,75.7873,2023-03-17,2023,3,17,22.312,60.542,41.333,5.408,243.875,189.583,54.292,285.213,23.412,11.858
Jaipur,26.9124,75.7873,2023-03-18,2023,3,18,21.792,68.875,29.875,6.842,251.292,195.5,55.792,300.692,24.124,11.876
Jaipur,26.9124,75.7873,2023-03-19,2023,3,19,21.662,70.125,39.875,7.567,235.333,177.333,58.0,272.638,22.592,11.802
Jaipur,26.9124,75.7873,2023-03-20,2023,3,20,19.9,78.875,66.792,5.45,211.958,135.208,76.75,197.004,20.348,10.754
Jaipur,26.9124,75.7873,2023-03-21,2023,3,21,21.458,66.333,19.208,8.217,251.625,191.458,60.167,281.604,24.156,11.215
Jaipur,26.9124,75.7873,2023-03-22,2023,3,22,21.921,65.75,30.25,5.104,266.25,209.208,57.042,321.329,25.56,11.947
Jaipur,26.9124,75.7873,2023-03-23,2023,3,23,24.021,55.208,40.542,5.479,247.875,193.208,54.667,292.146,23.796,11.491
Jaipur,26.9124,75.7873,2023-03-24,2023,3,24,24.037,59.583,33.875,8.888,241.208,178.333,62.875,264.017,23.156,11.657
Jaipur,26.9124,75.7873,2023-03-25,2023,3,25,23.725,51.875,22.042,6.046,245.333,179.125,66.208,274.779,23.552,12.0
Jaipur,26.9124,75.7873,2023-03-26,2023,3,26,24.529,50.625,24.625,7.279,222.125,154.875,67.25,248.654,21.32,12.0
Jaipur,26.9124,75.7873,2023-03-27,2023,3,27,24.475,45.167,17.75,9.421,277.917,221.625,56.292,339.463,26.676,12.0
Jaipur,26.9124,75.7873,2023-03-28,2023,3,28,25.112,40.458,19.917,7.0,291.125,238.042,53.083,359.004,27.944,12.0
Jaipur,26.9124,75.7873,2023-03-29,2023,3,29,26.292,38.625,31.542,10.062,252.5,167.583,84.917,268.025,24.236,12.0
Jaipur,26.9124,75.7873,2023-03-30,2023,3,30,23.446,54.625,47.667,9.333,220.958,144.917,76.042,215.692,21.208,10.259
Jaipur,26.9124,75.7873,2023-03-31,2023,3,31,20.354,77.5,39.458,5.617,237.833,167.292,70.542,257.071,22.828,12.0
Jaipur,26.9124,75.7873,2023-04-01,2023,4,1,21.779,69.208,12.292,6.775,257.042,196.125,60.917,286.796,24.672,12.0
Jaipur,26.9124,75.7873,2023-04-02,2023,4,2,24.392,55.458,20.75,6.438,260.75,197.75,63.0,292.296,25.028,12.0
Jaipur,26.9124,75.7873,2023-04-03,2023,4,3,25.888,43.958,13.875,11.854,274.333,213.292,61.042,319.85,26.328,12.0
Jaipur,26.9124,75.7873,2023-04-04,2023,4,4,25.792,46.375,14.125,7.233,281.958,221.208,60.75,325.238,27.06,12.0
Jaipur,26.9124,75.7873,2023-04-05,2023,4,5,26.604,42.0,7.5,6.254,284.917,223.125,61.792,327.833,27.344,12.0
Jaipur,26.9124,75.7873,2023-04-06,2023,4,6,26.208,36.708,9.917,10.125,280.625,216.458,64.167,323.325,26.932,12.0
Jaipur,26.9124,75.7873,2023-04-07,2023,4,7,27.475,29.333,10.208,9.783,297.833,236.583,61.25,346.021,28.584,12.0
Jaipur,26.9124,75.7873,2023-04-08,2023,4,8,27.496,26.333,18.417,7.988,286.417,219.625,66.792,319.458,27.488,12.0
Jaipur,26.9124,75.7873,2023-04-09,2023,4,9,27.525,24.417,0.5,8.567,309.708,252.792,56.917,370.408,29.72,12.0
Jaipur,26.9124,75.7873,2023-04-10,2023,4,10,28.633,23.625,56.833,10.608,301.125,231.042,70.083,330.512,28.896,12.0
Jaipur,26.9124,75.7873,2023-04-11,2023,4,11,29.404,28.917,32.792,7.246,280.708,218.917,61.792,307.104,26.94,11.8
Jaipur,26.9124,75.7873,2023-04-12,2023,4,12,30.2,29.042,22.0,7.663,280.333,216.042,64.292,309.729,26.9,12.0
Jaipur,26.9124,75.7873,2023-04-13,2023,4,13,30.142,32.583,52.0,5.292,299.583,240.708,58.875,343.371,28.748,12.0
Jaipur,26.9124,75.7873,2023-04-14,2023,4,14,31.008,30.208,51.333,8.117,284.25,215.125,69.125,293.192,27.276,11.378
Jaipur,26.9124,75.7873,2023-04-15,2023,4,15,31.304,27.958,21.75,8.379,283.042,214.25,68.792,302.85,27.16,12.0
Jaipur,26.9124,75.7873,2023-04-16,2023,4,16,31.704,29.125,23.208,9.117,295.417,230.792,64.625,332.183,28.344,12.0
Jaipur,26.9124,75.7873,2023-04-17,2023,4,17,31.85,30.333,18.292,10.442,296.708,235.875,60.833,330.642,28.468,12.0
Jaipur,26.9124,75.7873,2023-04-18,2023,4,18,32.438,28.583,29.292,12.379,307.917,248.375,59.542,352.121,29.54,12.0
Jaipur,26.9124,75.7873,2023-04-19,2023,4,19,31.8,29.708,65.25,14.467,290.708,214.292,76.417,285.442,27.892,10.847
Jaipur,26.9124,75.7873,2023-04-20,2023,4,20,30.088,32.708,65.875,10.775,286.292,217.125,69.167,293.142,27.468,10.83
Jaipur,26.9124,75.7873,2023-04-21,2023,4,21,29.325,22.792,12.958,10.421,321.5,261.042,60.458,373.012,30.84,12.0
Jaipur,26.9124,75.7873,2023-04-22,2023,4,22,29.546,23.667,13.167,8.054,309.0,240.625,68.375,337.867,29.644,12.048
Jaipur,26.9124,75.7873,2023-04-23,2023,4,23,26.904,29.375,30.833,14.808,248.958,165.083,83.875,235.204,23.876,11.833
Jaipur,26.9124,75.7873,2023-04-24,2023,4,24,25.775,37.833,8.375,10.383,293.708,227.25,66.458,322.146,28.172,12.034
Jaipur,26.9124,75.7873,2023-04-25,2023,4,25,27.162,37.833,61.792,10.021,296.333,200.875,95.458,289.458,28.42,12.027
Jaipur,26.9124,75.7873,2023-04-26,2023,4,26,28.704,32.917,76.833,7.146,275.792,157.292,118.5,226.962,26.448,12.0
Jaipur,26.9124,75.7873,2023-04-27,2023,4,27,27.746,37.417,38.75,7.238,266.0,178.625,87.375,236.917,25.512,11.755
Jaipur,26.9124,75.7873,2023-04-28,2023,4,28,27.417,47.0,73.167,6.542,237.167,146.625,90.542,173.225,22.748,7.668
Jaipur,26.9124,75.7873,2023-04-29,2023,4,29,24.929,60.75,70.333,9.088,250.0,168.167,81.833,214.246,23.988,10.637
Jaipur,26.9124,75.7873,2023-04-30,2023,4,30,22.992,73.875,82.042,3.629,230.25,125.0,105.25,165.921,22.08,10.704
Jaipur,26.9124,75.7873,2023-05-01,2023,5,1,23.108,74.542,68.292,3.613,218.417,134.875,83.542,184.771,20.94,11.697
Jaipur,26.9124,75.7873,2023-05-02,2023,5,2,24.7,70.667,37.292,7.862,271.5,195.042,76.458,268.246,26.032,12.057
Jaipur,26.9124,75.7873,2023-05-03,2023,5,3,24.967,71.208,24.0,7.092,283.958,212.0,71.958,290.721,27.228,12.125
Jaipur,26.9124,75.7873,2023-05-04,2023,5,4,25.783,64.875,33.667,5.7,271.542,198.917,72.625,281.558,26.032,12.195
Jaipur,26.9124,75.7873,2023-05-05,2023,5,5,28.183,52.792,18.833,5.938,269.583,204.333,65.25,288.921,25.844,12.339
Jaipur,26.9124,75.7873,2023-05-06,2023,5,6,29.846,43.625,17.042,6.938,298.333,231.375,66.958,317.846,28.604,12.334
Jaipur,26.9124,75.7873,2023-05-07,2023,5,7,30.638,40.458,18.0,8.4,302.583,230.167,72.417,322.65,29.004,12.404
Jaipur,26.9124,75.7873,2023-05-08,2023,5,8,31.454,29.125,7.458,12.062,334.083,270.875,63.208,374.971,32.02,12.324
Jaipur,26.9124,75.7873,2023-05-09,2023,5,9,31.971,20.583,0.0,11.408,339.958,276.083,63.875,385.862,32.584,12.595
Jaipur,26.9124,75.7873,2023-05-10,2023,5,10,31.233,23.625,0.0,10.625,337.167,273.333,63.833,381.463,32.312,12.587
Jaipur,26.9124,75.7873,2023-05-11,2023,5,11,31.921,23.125,0.0,8.158,336.417,272.667,63.75,379.95,32.24,12.655
Jaipur,26.9124,75.7873,2023-05-12,2023,5,12,33.133,23.5,2.667,11.763,327.375,257.292,70.083,358.646,31.372,12.647
Jaipur,26.9124,75.7873,2023-05-13,2023,5,13,34.871,22.125,13.75,11.317,320.083,246.875,73.208,343.35,30.668,12.64
Jaipur,26.9124,75.7873,2023-05-14,2023,5,14,34.342,25.625,44.833,11.058,299.333,220.458,78.875,296.233,28.68,12.603
Jaipur,26.9124,75.7873,2023-05-15,2023,5,15,33.504,32.958,9.958,16.775,326.583,256.583,70.0,352.875,31.292,12.625
Jaipur,26.9124,75.7873,2023-05-16,2023,5,16,32.962,38.25,21.0,15.017,301.708,232.792,68.917,314.683,28.92,12.521
Jaipur,26.9124,75.7873,2023-05-17,2023,5,17,33.646,39.083,21.5,12.692,301.083,226.375,74.708,314.362,28.868,12.671
Jaipur,26.9124,75.7873,2023-05-18,2023,5,18,31.579,41.208,18.25,10.067,305.75,234.125,71.625,313.304,29.292,12.592
Jaipur,26.9124,75.7873,2023-05-19,2023,5,19,32.408,36.917,1.208,9.638,328.833,262.917,65.917,363.2,31.496,12.828
Jaipur,26.9124,75.7873,2023-05-20,2023,5,20,33.854,30.208,6.292,10.1,324.625,256.625,68.0,356.375,31.092,12.822
Jaipur,26.9124,75.7873,2023-05-21,2023,5,21,36.392,25.083,9.25,18.046,312.25,241.25,71.0,329.454,29.924,12.739
Jaipur,26.9124,75.7873,2023-05-22,2023,5,22,36.438,27.125,19.625,17.65,311.0,235.375,75.625,310.454,29.796,11.954
Jaipur,26.9124,75.7873,2023-05-23,2023,5,23,36.008,28.208,29.0,16.496,308.375,234.667,73.708,308.95,29.544,12.21
Jaipur,26.9124,75.7873,2023-05-24,2023,5,24,30.088,52.333,60.042,11.513,221.875,138.667,83.208,210.954,21.24,10.637
Jaipur,26.9124,75.7873,2023-05-25,2023,5,25,27.367,63.708,48.833,11.192,274.458,192.458,82.0,260.392,26.284,12.197
Jaipur,26.9124,75.7873,2023-05-26,2023,5,26,26.862,67.167,32.333,8.696,294.958,211.208,83.75,291.354,28.248,12.481
Jaipur,26.9124,75.7873,2023-05-27,2023,5,27,28.671,60.875,28.458,6.475,291.292,210.75,80.542,286.312,27.9,12.432
Jaipur,26.9124,75.7873,2023-05-28,2023,5,28,28.171,64.667,73.375,9.329,254.833,163.708,91.125,209.508,24.408,10.1
Jaipur,26.9124,75.7873,2023-05-29,2023,5,29,26.754,62.125,64.042,9.05,174.625,82.667,91.958,113.7,16.696,8.599
Jaipur,26.9124,75.7873,2023-05-30,2023,5,30,26.508,64.208,20.708,7.65,292.667,212.417,80.25,284.962,28.032,12.574
Jaipur,26.9124,75.7873,2023-05-31,2023,5,31,26.096,67.583,14.625,10.867,278.833,192.958,85.875,264.638,26.688,12.534
Jaipur,26.9124,75.7873,2023-06-01,2023,6,1,27.683,61.708,24.875,9.312,297.917,225.042,72.875,296.4,28.528,12.495
Jaipur,26.9124,75.7873,2023-06-02,2023,6,2,28.454,67.542,21.083,8.321,270.083,189.083,81.0,240.763,25.86,11.81
Jaipur,26.9124,75.7873,2023-06-03,2023,6,3,30.754,59.292,31.292,5.837,277.708,196.042,81.667,260.925,26.608,11.66
Jaipur,26.9124,75.7873,2023-06-04,2023,6,4,28.708,57.25,31.292,7.254,290.417,211.375,79.042,280.783,27.792,12.519
Jaipur,26.9124,75.7873,2023-06-05,2023,6,5,30.367,53.333,0.5,7.971,316.167,241.0,75.167,326.792,30.252,12.75
Jaipur,26.9124,75.7873,2023-06-06,2023,6,6,31.058,48.042,11.25,9.458,304.542,226.958,77.583,309.117,29.136,12.669
Jaipur,26.9124,75.7873,2023-06-07,2023,6,7,31.617,42.708,6.375,7.525,284.375,203.833,80.542,276.6,27.208,12.588
Jaipur,26.9124,75.7873,2023-06-08,2023,6,8,32.892,45.792,23.542,10.625,257.917,173.542,84.375,238.662,24.7,12.494
Jaipur,26.9124,75.7873,2023-06-09,2023,6,9,32.946,48.042,10.833,14.496,290.917,214.083,76.833,286.625,27.836,12.504
Jaipur,26.9124,75.7873,2023-06-10,2023,6,10,33.521,43.458,8.667,16.75,290.583,214.542,76.042,292.317,27.788,12.58
Jaipur,26.9124,75.7873,2023-06-11,2023,6,11,33.496,46.875,13.208,16.275,291.25,207.958,83.292,275.083,27.872,12.342
Jaipur,26.9124,75.7873,2023-06-12,2023,6,12,34.6,40.875,5.375,15.825,297.167,221.208,75.958,297.546,28.416,12.576
Jaipur,26.9124,75.7873,2023-06-13,2023,6,13,34.517,42.583,13.542,16.196,266.5,188.625,77.875,254.558,25.488,12.496
Jaipur,26.9124,75.7873,2023-06-14,2023,6,14,34.233,44.417,17.875,19.058,287.75,211.458,76.292,275.654,27.54,12.342
Jaipur,26.9124,75.7873,2023-06-15,2023,6,15,32.954,48.708,23.375,14.8,273.375,195.042,78.333,255.254,26.164,11.948
Jaipur,26.9124,75.7873,2023-06-16,2023,6,16,31.304,57.042,38.167,11.496,214.875,127.625,87.25,178.504,20.54,12.035
Jaipur,26.9124,75.7873,2023-06-17,2023,6,17,30.05,64.625,79.0,13.362,212.0,123.583,88.417,155.912,20.308,9.0
Jaipur,26.9124,75.7873,2023-06-18,2023,6,18,27.679,75.917,86.917,21.871,118.083,41.25,76.833,55.238,11.324,5.345
Jaipur,26.9124,75.7873,2023-06-19,2023,6,19,26.388,89.917,87.625,15.121,60.375,13.583,46.792,18.129,5.76,0.279
Jaipur,26.9124,75.7873,2023-06-20,2023,6,20,29.158,77.75,49.917,13.304,225.667,128.833,96.833,166.104,21.58,11.249
Jaipur,26.9124,75.7873,2023-06-21,2023,6,21,30.904,68.0,68.375,14.154,264.917,175.083,89.833,233.263,25.348,12.195
Jaipur,26.9124,75.7873,2023-06-22,2023,6,22,31.375,66.125,72.958,14.604,220.458,134.542,85.917,182.992,21.072,11.553
Jaipur,26.9124,75.7873,2023-06-23,2023,6,23,32.533,60.792,65.667,14.246,222.583,135.542,87.042,176.763,21.264,12.0
Jaipur,26.9124,75.7873,2023-06-24,2023,6,24,32.592,61.083,76.042,11.996,266.792,182.792,84.0,238.346,25.512,12.122
Jaipur,26.9124,75.7873,2023-06-25,2023,6,25,28.108,76.625,98.375,9.079,126.083,42.917,83.167,62.742,11.992,4.396
Jaipur,26.9124,75.7873,2023-06-26,2023,6,26,27.254,84.333,82.042,5.35,167.792,80.208,87.583,107.25,16.02,10.044
Jaipur,26.9124,75.7873,2023-06-27,2023,6,27,29.046,80.333,63.958,7.029,211.083,128.333,82.75,177.267,20.184,12.0
Jaipur,26.9124,75.7873,2023-06-28,2023,6,28,28.742,81.292,92.208,7.129,222.0,122.042,99.958,166.883,21.208,11.949
Jaipur,26.9124,75.7873,2023-06-29,2023,6,29,28.012,85.833,97.0,5.925,189.208,89.208,100.0,105.117,18.1,7.707
Jaipur,26.9124,75.7873,2023-06-30,2023,6,30,28.592,81.333,92.208,4.654,200.542,104.375,96.167,139.8,19.184,10.404
Jaipur,26.9124,75.7873,2023-07-01,2023,7,1,29.208,80.542,93.125,7.821,199.208,101.0,98.208,128.412,19.048,10.544
Jaipur,26.9124,75.7873,2023-07-02,2023,7,2,29.787,77.542,63.708,11.538,268.958,184.042,84.917,238.571,25.724,12.0
Jaipur,26.9124,75.7873,2023-07-03,2023,7,3,31.058,71.75,56.833,9.321,253.5,169.875,83.625,226.525,24.228,12.046
Jaipur,26.9124,75.7873,2023-07-04,2023,7,4,31.096,71.417,41.958,8.8,255.167,173.792,81.375,234.042,24.392,12.046
Jaipur,26.9124,75.7873,2023-07-05,2023,7,5,29.612,80.792,73.708,8.288,230.708,148.833,81.875,194.425,22.052,12.046
Jaipur,26.9124,75.7873,2023-07-06,2023,7,6,29.092,81.417,75.375,6.283,209.208,114.542,94.667,156.679,19.98,11.318
Jaipur,26.9124,75.7873,2023-07-07,2023,7,7,28.3,84.292,97.375,6.021,167.25,69.167,98.083,87.246,15.968,6.114
Jaipur,26.9124,75.7873,2023-07-08,2023,7,8,27.817,86.833,98.0,5.779,124.917,48.667,76.25,62.825,11.936,5.882
Jaipur,26.9124,75.7873,2023-07-09,2023,7,9,27.575,88.958,99.208,5.246,147.583,50.542,97.042,61.742,14.092,5.251
Jaipur,26.9124,75.7873,2023-07-10,2023,7,10,27.65,88.708,96.583,6.587,139.083,41.417,97.667,57.254,13.28,5.333
Jaipur,26.9124,75.7873,2023-07-11,2023,7,11,29.442,76.208,80.667,7.362,227.292,135.167,92.125,172.975,21.736,10.932
Jaipur,26.9124,75.7873,2023-07-12,2023,7,12,30.933,72.0,99.458,7.767,227.083,111.083,116.0,150.6,21.704,11.139
Jaipur,26.9124,75.7873,2023-07-13,2023,7,13,29.8,78.958,87.958,9.325,229.083,127.958,101.125,171.217,21.92,11.591
Jaipur,26.9124,75.7873,2023-07-14,2023,7,14,29.046,81.333,96.167,9.258,163.292,65.792,97.5,92.633,15.6,8.807
Jaipur,26.9124,75.7873,2023-07-15,2023,7,15,29.325,79.417,94.625,10.446,222.083,113.042,109.042,139.7,21.276,9.858
Jaipur,26.9124,75.7873,2023-07-16,2023,7,16,27.583,88.5,98.417,5.329,66.0,9.708,56.292,16.213,6.276,0.337
Jaipur,26.9124,75.7873,2023-07-17,2023,7,17,28.392,84.958,98.958,6.087,140.125,60.625,79.5,91.279,13.368,8.714
Jaipur,26.9124,75.7873,2023-07-18,2023,7,18,27.65,91.458,99.25,5.325,129.0,33.667,95.333,40.879,12.32,3.552
Jaipur,26.9124,75.7873,2023-07-19,2023,7,19,29.0,85.542,87.917,7.146,204.875,104.25,100.625,128.95,19.584,9.735
Jaipur,26.9124,75.7873,2023-07-20,2023,7,20,30.883,77.5,36.583,8.367,245.958,162.375,83.583,221.475,23.516,12.0
Jaipur,26.9124,75.7873,2023-07-21,2023,7,21,31.942,72.25,81.375,8.483,248.708,158.625,90.083,210.688,23.776,11.546
Jaipur,26.9124,75.7873,2023-07-22,2023,7,22,30.842,76.208,83.542,13.567,251.667,168.0,83.667,220.9,24.068,12.0
Jaipur,26.9124,75.7873,2023-07-23,2023,7,23,29.867,78.75,88.75,16.246,183.833,80.458,103.375,100.6,17.568,7.218
Jaipur,26.9124,75.7873,2023-07-24,2023,7,24,30.642,76.958,80.208,9.642,206.292,110.75,95.542,147.575,19.736,10.942
Jaipur,26.9124,75.7873,2023-07-25,2023,7,25,29.55,82.458,99.5,4.104,192.083,82.542,109.542,103.867,18.388,8.177
Jaipur,26.9124,75.7873,2023-07-26,2023,7,26,28.767,83.25,99.583,3.583,165.292,57.625,107.667,73.913,15.796,7.459
Jaipur,26.9124,75.7873,2023-07-27,2023,7,27,27.929,85.583,97.458,3.529,160.583,66.042,94.542,82.758,15.36,5.993
Jaipur,26.9124,75.7873,2023-07-28,2023,7,28,27.758,87.083,99.5,8.737,156.917,60.833,96.083,81.538,14.996,7.314
Jaipur,26.9124,75.7873,2023-07-29,2023,7,29,27.1,86.417,99.375,12.283,75.583,14.583,61.0,18.646,7.204,0.662
Jaipur,26.9124,75.7873,2023-07-30,2023,7,30,27.762,85.583,68.792,11.188,136.333,67.833,68.5,90.379,13.02,7.072
Jaipur,26.9124,75.7873,2023-07-31,2023,7,31,28.783,80.75,42.333,12.162,222.625,130.583,92.042,171.758,21.308,11.659
Jaipur,26.9124,75.7873,2023-08-01,2023,8,1,29.221,79.167,39.542,13.833,210.375,113.875,96.5,150.288,20.132,11.468
Jaipur,26.9124,75.7873,2023-08-02,2023,8,2,29.308,76.167,88.083,15.033,207.208,109.75,97.458,137.112,19.84,9.191
Jaipur,26.9124,75.7873,2023-08-03,2023,8,3,29.05,74.25,94.75,13.646,182.542,71.417,111.125,96.408,17.472,9.731
Jaipur,26.9124,75.7873,2023-08-04,2023,8,4,28.383,78.708,99.542,12.038,142.875,42.625,100.25,56.712,13.676,5.079
Jaipur,26.9124,75.7873,2023-08-05,2023,8,5,29.475,74.917,90.75,11.783,193.875,99.042,94.833,132.25,18.568,10.284
Jaipur,26.9124,75.7873,2023-08-06,2023,8,6,28.829,75.125,64.375,17.196,209.708,98.375,111.333,132.2,20.096,10.699
Jaipur,26.9124,75.7873,2023-08-07,2023,8,7,27.917,75.75,91.417,18.8,158.0,40.25,117.75,55.446,15.128,5.038
Jaipur,26.9124,75.7873,2023-08-08,2023,8,8,27.967,75.375,94.125,18.154,193.875,74.875,119.0,95.417,18.576,7.35
Jaipur,26.9124,75.7873,2023-08-09,2023,8,9,28.075,75.458,76.625,14.029,187.375,81.667,105.708,116.062,17.956,9.847
Jaipur,26.9124,75.7873,2023-08-10,2023,8,10,28.433,74.792,80.833,12.729,189.833,83.875,105.958,115.275,18.172,10.038
Jaipur,26.9124,75.7873,2023-08-11,2023,8,11,28.908,71.042,72.583,13.342,225.125,121.25,103.875,163.067,21.576,10.925
Jaipur,26.9124,75.7873,2023-08-12,2023,8,12,28.496,72.458,85.625,14.854,198.333,91.167,107.167,119.733,19.004,9.051
Jaipur,26.9124,75.7873,2023-08-13,2023,8,13,27.779,77.292,99.708,14.325,141.958,30.208,111.75,38.767,13.592,2.708
Jaipur,26.9124,75.7873,2023-08-14,2023,8,14,28.171,76.625,99.25,8.321,118.0,23.917,94.083,29.879,11.308,2.149
Jaipur,26.9124,75.7873,2023-08-15,2023,8,15,28.883,76.167,69.333,7.504,214.333,118.458,95.875,159.742,20.54,11.726
Jaipur,26.9124,75.7873,2023-08-16,2023,8,16,29.5,70.958,33.333,12.092,224.958,146.292,78.667,201.412,21.56,11.835
Jaipur,26.9124,75.7873,2023-08-17,2023,8,17,29.612,69.708,31.042,13.483,252.5,177.708,74.792,242.804,24.204,12.0
Jaipur,26.9124,75.7873,2023-08-18,2023,8,18,29.875,70.667,53.5,10.417,259.333,185.5,73.833,250.2,24.864,12.0
Jaipur,26.9124,75.7873,2023-08-19,2023,8,19,29.492,74.25,79.125,8.175,206.208,122.708,83.5,168.763,19.768,11.367
Jaipur,26.9124,75.7873,2023-08-20,2023,8,20,29.971,80.417,67.083,7.154,226.042,148.5,77.542,199.55,21.676,11.167
Jaipur,26.9124,75.7873,2023-08-21,2023,8,21,30.525,78.792,80.708,3.633,221.625,133.083,88.542,182.288,21.256,11.859
Jaipur,26.9124,75.7873,2023-08-22,2023,8,22,30.688,75.625,93.458,11.35,221.25,131.5,89.75,169.304,21.224,10.222
Jaipur,26.9124,75.7873,2023-08-23,2023,8,23,27.467,77.458,99.958,13.862,102.708,7.75,94.958,10.392,9.848,0.025
Jaipur,26.9124,75.7873,2023-08-24,2023,8,24,27.479,73.417,94.167,14.438,185.083,87.25,97.833,121.0,17.76,7.323
Jaipur,26.9124,75.7873,2023-08-25,2023,8,25,27.796,72.667,67.75,13.971,191.125,89.5,101.625,132.638,18.332,10.907
Jaipur,26.9124,75.7873,2023-08-26,2023,8,26,28.588,67.875,22.083,14.846,241.875,158.583,83.292,222.7,23.2,11.952
Jaipur,26.9124,75.7873,2023-08-27,2023,8,27,28.588,65.042,15.458,15.317,245.958,171.75,74.208,235.708,23.596,11.796
Jaipur,26.9124,75.7873,2023-08-28,2023,8,28,28.783,66.042,5.75,15.029,266.458,194.042,72.417,270.046,25.564,12.0
Jaipur,26.9124,75.7873,2023-08-29,2023,8,29,29.125,65.667,6.792,11.462,257.458,185.833,71.625,264.167,24.704,12.0
Jaipur,26.9124,75.7873,2023-08-30,2023,8,30,29.771,64.583,12.25,10.196,246.792,175.583,71.208,244.246,23.684,12.0
Jaipur,26.9124,75.7873,2023-08-31,2023,8,31,30.446,59.375,13.625,11.237,236.708,160.708,76.0,232.638,22.716,12.0
Jaipur,26.9124,75.7873,2023-09-01,2023,9,1,31.15,56.417,8.833,11.812,247.917,174.833,73.083,249.229,23.792,12.0
Jaipur,26.9124,75.7873,2023-09-02,2023,9,2,31.1,54.042,0.667,14.154,271.042,204.125,66.917,288.858,26.012,12.0
Jaipur,26.9124,75.7873,2023-09-03,2023,9,3,30.938,54.333,0.167,14.079,274.208,208.042,66.167,296.021,26.316,12.0
Jaipur,26.9124,75.7873,2023-09-04,2023,9,4,31.179,56.25,3.417,13.183,271.667,205.625,66.042,292.958,26.076,12.0
Jaipur,26.9124,75.7873,2023-09-05,2023,9,5,31.279,53.083,16.792,13.042,247.5,181.75,65.75,259.696,23.756,12.0
Jaipur,26.9124,75.7873,2023-09-06,2023,9,6,29.308,71.792,25.833,9.525,246.375,176.083,70.292,252.508,23.648,12.0
Jaipur,26.9124,75.7873,2023-09-07,2023,9,7,29.421,71.292,53.75,8.475,225.333,152.917,72.417,221.233,21.632,11.83
Jaipur,26.9124,75.7873,2023-09-08,2023,9,8,29.525,72.917,81.042,10.35,219.833,146.167,73.667,206.05,21.104,11.334
Jaipur,26.9124,75.7873,2023-09-09,2023,9,9,27.312,84.625,78.208,13.917,124.708,62.25,62.458,86.646,11.972,5.96
Jaipur,26.9124,75.7873,2023-09-10,2023,9,10,27.108,85.417,52.208,10.712,154.0,78.625,75.375,122.571,14.784,10.608
Jaipur,26.9124,75.7873,2023-09-11,2023,9,11,28.279,82.458,54.125,7.971,216.75,142.333,74.417,196.188,20.808,10.317
Jaipur,26.9124,75.7873,2023-09-12,2023,9,12,28.804,78.875,29.083,5.283,210.333,138.333,72.0,205.421,20.192,11.722
Jaipur,26.9124,75.7873,2023-09-13,2023,9,13,29.546,76.417,52.375,7.317,214.333,146.5,67.833,212.013,20.576,11.485
Jaipur,26.9124,75.7873,2023-09-14,2023,9,14,29.804,73.458,88.792,6.8,201.708,120.792,80.917,170.95,19.364,9.833
Jaipur,26.9124,75.7873,2023-09-15,2023,9,15,28.996,80.25,81.333,7.379,206.583,125.0,81.583,191.571,19.832,11.823
Jaipur,26.9124,75.7873,2023-09-16,2023,9,16,27.425,87.083,96.542,18.758,123.958,47.542,76.417,72.75,11.9,5.888
Jaipur,26.9124,75.7873,2023-09-17,2023,9,17,26.037,87.25,89.042,19.558,147.167,75.5,71.667,105.433,14.128,7.667
Jaipur,26.9124,75.7873,2023-09-18,2023,9,18,25.408,84.333,90.375,17.883,79.125,20.708,58.417,38.788,7.448,3.602
Jaipur,26.9124,75.7873,2023-09-19,2023,9,19,28.092,77.5,30.458,12.0,207.542,140.042,67.5,205.562,19.78,11.209
Jaipur,26.9124,75.7873,2023-09-20,2023,9,20,29.308,76.042,20.208,5.075,219.167,151.708,67.458,224.329,20.9,11.565
Jaipur,26.9124,75.7873,2023-09-21,2023,9,21,29.708,72.375,28.75,5.808,223.292,160.208,63.083,236.529,21.336,11.144
Jaipur,26.9124,75.7873,2023-09-22,2023,9,22,28.846,77.5,44.042,5.483,196.5,132.25,64.25,186.954,18.776,10.194
Jaipur,26.9124,75.7873,2023-09-23,2023,9,23,28.796,76.333,25.542,8.079,201.708,140.417,61.292,211.788,19.232,11.45
Jaipur,26.9124,75.7873,2023-09-24,2023,9,24,28.15,75.5,32.417,7.621,207.083,147.083,60.0,216.796,19.76,10.84
Jaipur,26.9124,75.7873,2023-09-25,2023,9,25,27.746,78.75,36.625,5.012,194.917,128.083,66.833,194.088,18.608,11.183
Jaipur,26.9124,75.7873,2023-09-26,2023,9,26,28.767,71.917,24.875,5.188,220.625,159.208,61.417,237.433,21.092,11.193
Jaipur,26.9124,75.7873,2023-09-27,2023,9,27,28.804,71.125,25.292,6.012,211.208,149.333,61.875,232.771,20.168,11.346
Jaipur,26.9124,75.7873,2023-09-28,2023,9,28,28.4,55.292,13.667,7.067,252.583,196.792,55.792,303.108,24.124,11.499
Jaipur,26.9124,75.7873,2023-09-29,2023,9,29,28.175,55.708,2.083,5.271,254.333,199.5,54.833,310.871,24.296,11.437
Jaipur,26.9124,75.7873,2023-09-30,2023,9,30,28.612,53.042,8.458,8.783,254.542,199.958,54.583,311.858,24.324,11.375
Jaipur,26.9124,75.7873,2023-10-01,2023,10,1,27.733,52.542,49.625,8.112,254.208,199.708,54.5,312.612,24.3,11.313
Jaipur,26.9124,75.7873,2023-10-02,2023,10,2,27.846,49.708,15.833,6.404,249.125,193.875,55.25,303.442,23.824,11.179
Jaipur,26.9124,75.7873,2023-10-03,2023,10,3,27.921,46.667,0.125,7.738,252.125,198.75,53.375,314.037,24.112,11.26
Jaipur,26.9124,75.7873,2023-10-04,2023,10,4,27.379,41.333,0.0,9.3,254.792,201.583,53.208,320.579,24.372,11.269
Jaipur,26.9124,75.7873,2023-10-05,2023,10,5,27.692,46.208,0.0,11.104,250.292,197.917,52.375,315.596,23.948,11.206
Jaipur,26.9124,75.7873,2023-10-06,2023,10,6,29.075,46.542,0.0,14.358,245.25,193.083,52.167,309.075,23.468,11.144
Jaipur,26.9124,75.7873,2023-10-07,2023,10,7,28.808,50.75,0.0,12.108,241.75,189.667,52.083,304.671,23.14,11.153
Jaipur,26.9124,75.7873,2023-10-08,2023,10,8,28.912,54.917,0.0,13.129,237.917,185.958,51.958,299.854,22.776,11.09
Jaipur,26.9124,75.7873,2023-10-09,2023,10,9,28.979,55.75,0.0,13.817,235.875,183.875,52.0,297.892,22.584,11.099
Jaipur,26.9124,75.7873,2023-10-10,2023,10,10,28.742,56.125,3.958,11.446,218.333,162.875,55.458,266.504,20.908,11.036
Jaipur,26.9124,75.7873,2023-10-11,2023,10,11,28.533,51.583,1.833,10.425,235.292,183.083,52.208,300.0,22.536,11.045
Jaipur,26.9124,75.7873,2023-10-12,2023,10,12,28.012,47.042,0.25,7.946,235.583,183.875,51.708,302.133,22.568,11.0
Jaipur,26.9124,75.7873,2023-10-13,2023,10,13,28.383,49.542,3.542,8.475,231.417,180.625,50.792,298.646,22.172,11.0
Jaipur,26.9124,75.7873,2023-10-14,2023,10,14,28.908,46.083,15.667,8.117,198.875,138.75,60.125,227.425,19.06,11.0
Jaipur,26.9124,75.7873,2023-10-15,2023,10,15,28.0,50.458,17.458,9.487,209.625,157.125,52.5,264.35,20.096,10.998
Jaipur,26.9124,75.7873,2023-10-16,2023,10,16,26.308,54.208,52.083,11.617,207.125,148.25,58.875,241.338,19.856,10.989
Jaipur,26.9124,75.7873,2023-10-17,2023,10,17,23.208,71.0,40.708,8.517,201.292,144.375,56.917,238.217,19.304,10.979
Jaipur,26.9124,75.7873,2023-10-18,2023,10,18,24.604,62.458,6.167,7.229,208.333,154.75,53.583,263.992,19.972,10.97
Jaipur,26.9124,75.7873,2023-10-19,2023,10,19,24.383,57.0,0.0,7.35,226.333,178.542,47.792,303.629,21.704,10.961
Jaipur,26.9124,75.7873,2023-10-20,2023,10,20,24.963,54.208,2.417,7.587,220.458,172.125,48.333,291.167,21.144,10.951
Jaipur,26.9124,75.7873,2023-10-21,2023,10,21,25.071,56.667,7.167,6.279,203.667,154.542,49.125,261.258,19.536,10.941
Jaipur,26.9124,75.7873,2023-10-22,2023,10,22,24.829,58.583,18.083,8.208,205.583,156.125,49.458,262.562,19.72,10.771
Jaipur,26.9124,75.7873,2023-10-23,2023,10,23,24.3,55.167,6.5,7.35,207.208,159.75,47.458,276.821,19.876,10.921
Jaipur,26.9124,75.7873,2023-10-24,2023,10,24,24.1,54.292,4.583,7.696,208.958,161.333,47.625,278.354,20.044,10.911
Jaipur,26.9124,75.7873,2023-10-25,2023,10,25,24.183,54.083,6.833,7.608,198.917,149.542,49.375,265.421,19.084,10.901
Jaipur,26.9124,75.7873,2023-10-26,2023,10,26,23.75,51.292,0.0,8.092,221.833,176.958,44.875,311.762,21.284,10.891
Jaipur,26.9124,75.7873,2023-10-27,2023,10,27,23.654,50.125,28.917,6.775,218.917,173.583,45.333,305.604,21.004,10.88
Jaipur,26.9124,75.7873,2023-10-28,2023,10,28,24.188,50.75,78.667,6.337,163.375,66.542,96.833,120.617,15.676,9.896
Jaipur,26.9124,75.7873,2023-10-29,2023,10,29,25.338,49.25,13.0,7.038,212.875,169.25,43.625,301.65,20.428,10.859
Jaipur,26.9124,75.7873,2023-10-30,2023,10,30,25.521,49.125,17.583,7.425,205.542,160.583,44.958,288.05,19.724,10.848
Jaipur,26.9124,75.7873,2023-10-31,2023,10,31,25.9,49.375,23.958,7.329,207.292,162.5,44.792,292.408,19.896,10.837
Jaipur,26.9124,75.7873,2023-11-01,2023,11,1,24.904,54.583,3.958,7.008,200.125,156.542,43.583,283.221,19.208,10.825
Jaipur,26.9124,75.7873,2023-11-02,2023,11,2,24.167,55.5,5.75,6.754,199.75,155.417,44.333,284.6,19.172,10.814
Jaipur,26.9124,75.7873,2023-11-03,2023,11,3,24.404,49.792,3.625,7.046,197.458,153.917,43.542,286.396,18.952,10.803
Jaipur,26.9124,75.7873,2023-11-04,2023,11,4,23.683,56.542,51.25,6.421,169.042,107.958,61.083,209.938,16.224,10.791
Jaipur,26.9124,75.7873,2023-11-05,2023,11,5,24.579,50.958,13.208,8.483,182.042,135.458,46.583,253.671,17.472,10.779
Jaipur,26.9124,75.7873,2023-11-06,2023,11,6,24.567,55.458,7.167,7.396,188.333,146.042,42.292,270.404,18.076,10.768
Jaipur,26.9124,75.7873,2023-11-07,2023,11,7,24.071,55.708,7.542,7.188,193.917,152.708,41.208,282.846,18.616,10.756
Jaipur,26.9124,75.7873,2023-11-08,2023,11,8,23.45,56.208,26.25,6.408,182.958,136.333,46.625,258.796,17.564,10.744
Jaipur,26.9124,75.7873,2023-11-09,2023,11,9,23.321,52.792,21.75,6.362,168.875,125.458,43.417,243.075,16.212,10.732
Jaipur,26.9124,75.7873,2023-11-10,2023,11,10,22.758,57.292,28.833,9.517,146.875,97.167,49.708,188.525,14.1,10.56
Jaipur,26.9124,75.7873,2023-11-11,2023,11,11,20.425,72.333,18.042,8.013,194.292,151.583,42.708,286.292,18.652,10.644
Jaipur,26.9124,75.7873,2023-11-12,2023,11,12,20.117,65.5,0.0,6.117,198.083,158.083,40.0,302.787,19.016,10.696
Jaipur,26.9124,75.7873,2023-11-13,2023,11,13,20.279,63.875,59.625,5.404,190.708,141.625,49.083,261.067,18.308,9.747
Jaipur,26.9124,75.7873,2023-11-14,2023,11,14,20.312,65.625,90.417,5.629,150.5,68.542,81.958,121.4,14.448,8.212
Jaipur,26.9124,75.7873,2023-11-15,2023,11,15,19.379,65.75,0.292,5.479,194.458,155.417,39.042,301.746,18.668,10.598
Jaipur,26.9124,75.7873,2023-11-16,2023,11,16,18.662,63.625,0.0,6.663,195.167,156.583,38.583,305.875,18.736,10.606
Jaipur,26.9124,75.7873,2023-11-17,2023,11,17,18.329,65.792,6.042,6.246,193.875,155.292,38.583,304.683,18.612,10.537
Jaipur,26.9124,75.7873,2023-11-18,2023,11,18,18.983,59.583,19.417,4.408,191.25,150.958,40.292,296.508,18.36,10.389
Jaipur,26.9124,75.7873,2023-11-19,2023,11,19,19.012,63.75,0.042,6.388,188.625,150.708,37.917,297.796,18.108,10.474
Jaipur,26.9124,75.7873,2023-11-20,2023,11,20,19.537,65.75,0.0,5.75,186.375,148.667,37.708,295.071,17.892,10.404
Jaipur,26.9124,75.7873,2023-11-21,2023,11,21,19.425,63.042,0.708,7.675,186.583,148.958,37.625,297.233,17.912,10.412
Jaipur,26.9124,75.7873,2023-11-22,2023,11,22,17.829,63.583,0.0,6.204,191.083,153.958,37.125,309.246,18.344,10.419
Jaipur,26.9124,75.7873,2023-11-23,2023,11,23,18.542,60.167,0.0,5.979,189.375,152.75,36.625,307.721,18.18,10.346
Jaipur,26.9124,75.7873,2023-11-24,2023,11,24,18.713,64.375,0.542,6.413,183.958,147.25,36.708,297.208,17.66,10.271
Jaipur,26.9124,75.7873,2023-11-25,2023,11,25,18.479,67.583,56.25,7.021,159.792,94.25,65.542,205.104,15.34,10.197
Jaipur,26.9124,75.7873,2023-11-26,2023,11,26,18.929,63.917,96.75,11.117,139.333,60.75,78.583,113.35,13.376,6.963
Jaipur,26.9124,75.7873,2023-11-27,2023,11,27,17.867,77.75,72.292,6.587,109.875,53.5,56.375,106.858,10.548,8.671
Jaipur,26.9124,75.7873,2023-11-28,2023,11,28,17.296,83.75,51.458,7.492,89.458,34.667,54.792,86.5,8.588,7.318
Jaipur,26.9124,75.7873,2023-11-29,2023,11,29,18.158,78.792,34.167,7.396,128.333,80.542,47.792,165.279,12.32,9.983
Jaipur,26.9124,75.7873,2023-11-30,2023,11,30,18.871,79.292,15.5,6.396,151.958,109.458,42.5,233.05,14.588,10.065
Jaipur,26.9124,75.7873,2023-12-01,2023,12,1,18.475,82.542,27.75,8.125,152.75,104.167,48.583,220.312,14.664,9.992
Jaipur,26.9124,75.7873,2023-12-02,2023,12,2,18.963,74.417,12.625,8.633,162.25,120.292,41.958,244.083,15.576,9.998
Jaipur,26.9124,75.7873,2023-12-03,2023,12,3,18.0,79.0,55.458,8.312,92.792,53.75,39.042,112.271,8.908,7.624
Jaipur,26.9124,75.7873,2023-12-04,2023,12,4,17.879,78.792,27.125,8.308,128.625,82.792,45.833,174.6,12.348,9.983
Jaipur,26.9124,75.7873,2023-12-05,2023,12,5,17.467,67.167,1.25,8.129,176.625,141.25,35.375,295.292,16.956,10.019
Jaipur,26.9124,75.7873,2023-12-06,2023,12,6,16.604,62.0,0.417,7.354,178.75,144.0,34.75,302.442,17.16,10.027
Jaipur,26.9124,75.7873,2023-12-07,2023,12,7,17.083,65.167,8.458,6.504,168.917,129.833,39.083,273.254,16.216,9.988
Jaipur,26.9124,75.7873,2023-12-08,2023,12,8,17.338,64.542,22.208,6.808,158.083,113.875,44.208,234.504,15.176,9.991
Jaipur,26.9124,75.7873,2023-12-09,2023,12,9,17.617,62.5,0.0,5.367,175.208,140.667,34.542,297.458,16.82,9.995
Jaipur,26.9124,75.7873,2023-12-10,2023,12,10,16.258,63.917,9.708,6.587,176.833,141.792,35.042,299.287,16.976,9.999
Jaipur,26.9124,75.7873,2023-12-11,2023,12,11,16.833,62.167,0.0,6.837,175.0,140.583,34.417,299.196,16.8,10.0
Jaipur,26.9124,75.7873,2023-12-12,2023,12,12,16.883,67.958,6.875,7.171,172.458,138.042,34.417,293.667,16.556,10.0
Jaipur,26.9124,75.7873,2023-12-13,2023,12,13,16.892,64.083,11.417,6.608,174.333,140.333,34.0,299.012,16.736,10.0
Jaipur,26.9124,75.7873,2023-12-14,2023,12,14,16.446,62.208,25.458,5.862,174.625,140.208,34.417,299.588,16.764,10.0
Jaipur,26.9124,75.7873,2023-12-15,2023,12,15,16.896,59.333,3.917,5.633,175.625,141.667,33.958,302.842,16.86,10.0
Jaipur,26.9124,75.7873,2023-12-16,2023,12,16,17.329,62.583,7.333,5.004,165.167,125.5,39.667,267.65,15.856,10.0
Jaipur,26.9124,75.7873,2023-12-17,2023,12,17,16.625,63.417,8.583,6.5,169.417,134.833,34.583,287.883,16.264,10.0
Jaipur,26.9124,75.7873,2023-12-18,2023,12,18,16.071,55.083,9.167,9.975,176.708,142.625,34.083,305.162,16.964,10.0
Jaipur,26.9124,75.7873,2023-12-19,2023,12,19,14.912,57.25,14.375,7.742,179.5,145.792,33.708,313.792,17.232,10.0
Jaipur,26.9124,75.7873,2023-12-20,2023,12,20,14.6,57.375,96.917,5.8,142.375,65.583,76.792,133.042,13.668,9.0
Jaipur,26.9124,75.7873,2023-12-21,2023,12,21,15.454,56.25,98.708,5.221,153.292,86.083,67.208,168.021,14.716,9.099
Jaipur,26.9124,75.7873,2023-12-22,2023,12,22,15.588,58.792,48.792,6.675,172.292,131.833,40.458,282.446,16.54,10.0
Jaipur,26.9124,75.7873,2023-12-23,2023,12,23,16.733,64.375,15.708,7.288,171.125,136.75,34.375,291.842,16.428,10.0
Jaipur,26.9124,75.7873,2023-12-24,2023,12,24,15.404,75.167,15.167,6.779,172.833,136.958,35.875,292.267,16.592,10.0
Jaipur,26.9124,75.7873,2023-12-25,2023,12,25,16.062,69.542,11.25,5.729,173.917,140.25,33.667,301.862,16.696,10.0
Jaipur,26.9124,75.7873,2023-12-26,2023,12,26,16.742,64.333,39.542,6.583,175.292,141.042,34.25,302.358,16.824,10.0
Jaipur,26.9124,75.7873,2023-12-27,2023,12,27,15.417,70.25,37.417,7.25,174.542,140.042,34.5,301.067,16.752,10.0
Jaipur,26.9124,75.7873,2023-12-28,2023,12,28,14.842,70.708,0.0,6.417,178.458,144.958,33.5,311.704,17.128,10.0
Jaipur,26.9124,75.7873,2023-12-29,2023,12,29,14.05,76.375,30.875,8.542,177.458,143.25,34.208,307.062,17.032,10.0
Jaipur,26.9124,75.7873,2023-12-30,2023,12,30,13.296,79.708,63.667,7.2,155.375,103.583,51.792,206.429,14.912,8.616
Jaipur,26.9124,75.7873,2023-12-31,2023,12,31,13.429,78.708,22.583,8.412,164.792,124.542,40.25,252.617,15.816,9.359
Jaipur,26.9124,75.7873,2024-01-01,2024,1,1,12.658,77.75,4.542,6.196,176.417,141.667,34.75,302.554,16.932,10.0
Jaipur,26.9124,75.7873,2024-01-02,2024,1,2,11.121,81.625,2.5,6.733,174.625,138.167,36.458,293.904,16.756,10.0
Jaipur,26.9124,75.7873,2024-01-03,2024,1,3,10.638,83.583,33.292,6.125,165.208,121.083,44.125,265.517,15.852,10.0
Jaipur,26.9124,75.7873,2024-01-04,2024,1,4,9.571,85.292,27.375,5.808,165.375,119.917,45.458,246.529,15.868,9.943
Jaipur,26.9124,75.7873,2024-01-05,2024,1,5,9.9,83.75,6.25,6.517,176.375,139.208,37.167,295.192,16.924,10.0
Jaipur,26.9124,75.7873,2024-01-06,2024,1,6,10.246,85.625,15.167,6.608,176.167,140.375,35.792,296.117,16.904,10.0
Jaipur,26.9124,75.7873,2024-01-07,2024,1,7,10.954,85.125,7.875,6.212,178.75,143.5,35.25,302.287,17.148,10.0
Jaipur,26.9124,75.7873,2024-01-08,2024,1,8,12.092,87.875,5.625,8.171,167.208,128.0,39.208,272.375,16.04,10.0
Jaipur,26.9124,75.7873,2024-01-09,2024,1,9,12.804,85.25,20.167,7.262,139.375,90.167,49.208,190.425,13.364,9.296
Jaipur,26.9124,75.7873,2024-01-10,2024,1,10,11.433,75.125,0.458,7.587,185.833,150.542,35.292,314.542,17.824,10.0
Jaipur,26.9124,75.7873,2024-01-11,2024,1,11,12.017,66.125,7.0,4.471,189.292,154.375,34.917,321.542,18.152,10.0
Jaipur,26.9124,75.7873,2024-01-12,2024,1,12,13.237,63.833,0.792,4.862,189.25,155.042,34.208,323.829,18.148,10.005
Jaipur,26.9124,75.7873,2024-01-13,2024,1,13,14.442,69.583,68.208,6.008,158.125,85.708,72.417,172.217,15.16,9.74
Jaipur,26.9124,75.7873,2024-01-14,2024,1,14,15.108,70.75,4.25,5.746,185.583,150.917,34.667,311.683,17.792,10.0
Jaipur,26.9124,75.7873,2024-01-15,2024,1,15,14.946,69.208,27.958,5.633,188.875,153.667,35.208,315.713,18.108,10.0
Jaipur,26.9124,75.7873,2024-01-16,2024,1,16,13.7,79.875,83.708,7.517,175.042,117.208,57.833,238.617,16.78,10.0
Jaipur,26.9124,75.7873,2024-01-17,2024,1,17,13.167,77.583,16.667,8.429,183.75,147.208,36.542,298.321,17.612,10.0
Jaipur,26.9124,75.7873,2024-01-18,2024,1,18,12.3,76.167,15.75,6.417,188.75,153.708,35.042,313.004,18.088,10.043
Jaipur,26.9124,75.7873,2024-01-19,2024,1,19,11.696,79.875,17.333,7.954,190.708,154.958,35.75,312.921,18.272,10.036
Jaipur,26.9124,75.7873,2024-01-20,2024,1,20,10.5,81.333,37.958,6.712,170.375,116.625,53.75,220.3,16.316,7.736
Jaipur,26.9124,75.7873,2024-01-21,2024,1,21,11.938,76.208,45.0,6.675,195.458,159.375,36.083,319.833,18.724,10.1
Jaipur,26.9124,75.7873,2024-01-22,2024,1,22,12.533,74.792,36.458,8.183,193.875,153.792,40.083,307.725,18.568,10.092
Jaipur,26.9124,75.7873,2024-01-23,2024,1,23,12.867,77.292,30.792,7.333,159.292,99.583,59.708,196.763,15.252,10.085
Jaipur,26.9124,75.7873,2024-01-24,2024,1,24,13.542,68.542,0.333,5.579,196.375,158.75,37.625,313.596,18.8,10.155
Jaipur,26.9124,75.7873,2024-01-25,2024,1,25,13.2,75.042,48.333,7.888,192.417,148.958,43.458,286.429,18.424,10.0
Jaipur,26.9124,75.7873,2024-01-26,2024,1,26,13.9,75.0,58.25,7.212,194.042,152.583,41.458,300.596,18.572,10.063
Jaipur,26.9124,75.7873,2024-01-27,2024,1,27,15.717,68.25,28.625,7.375,198.125,160.875,37.25,314.25,18.96,10.21
Jaipur,26.9124,75.7873,2024-01-28,2024,1,28,16.588,68.125,91.083,9.292,181.042,118.042,63.0,217.192,17.328,9.513
Jaipur,26.9124,75.7873,2024-01-29,2024,1,29,15.954,71.958,42.458,7.1,200.0,161.833,38.167,310.921,19.136,10.041
Jaipur,26.9124,75.7873,2024-01-30,2024,1,30,16.183,78.5,97.333,5.288,163.75,80.833,82.917,151.796,15.668,8.72
Jaipur,26.9124,75.7873,2024-01-31,2024,1,31,17.258,77.833,48.75,8.275,160.958,114.417,46.542,209.054,15.404,10.104
Jaipur,26.9124,75.7873,2024-02-01,2024,2,1,17.688,70.917,9.125,9.992,201.792,162.583,39.208,309.496,19.292,10.402
Jaipur,26.9124,75.7873,2024-02-02,2024,2,2,16.158,72.042,23.0,10.05,191.083,143.292,47.792,254.646,18.26,9.263
Jaipur,26.9124,75.7873,2024-02-03,2024,2,3,16.304,67.375,62.583,7.425,164.833,95.208,69.625,187.229,15.76,9.259
Jaipur,26.9124,75.7873,2024-02-04,2024,2,4,17.592,80.542,69.667,9.754,131.833,78.167,53.667,138.817,12.596,8.704
Jaipur,26.9124,75.7873,2024-02-05,2024,2,5,16.425,73.625,22.042,9.071,192.458,141.583,50.875,256.058,18.38,10.524
Jaipur,26.9124,75.7873,2024-02-06,2024,2,6,15.267,59.375,53.292,8.188,209.625,167.542,42.083,308.021,20.024,10.516
Jaipur,26.9124,75.7873,2024-02-07,2024,2,7,15.212,56.5,51.708,8.263,188.458,135.792,52.667,234.467,18.02,9.351
Jaipur,26.9124,75.7873,2024-02-08,2024,2,8,14.188,58.292,10.417,12.237,213.167,166.167,47.0,306.054,20.344,10.659
Jaipur,26.9124,75.7873,2024-02-09,2024,2,9,14.296,55.0,0.0,6.904,225.792,184.125,41.667,339.162,21.552,10.672
Jaipur,26.9124,75.7873,2024-02-10,2024,2,10,14.912,54.458,0.0,7.317,226.667,184.833,41.833,338.396,21.632,10.684
Jaipur,26.9124,75.7873,2024-02-11,2024,2,11,15.062,62.083,0.0,6.404,226.125,183.667,42.458,333.808,21.576,10.696
Jaipur,26.9124,75.7873,2024-02-12,2024,2,12,14.788,63.417,45.833,6.033,197.875,119.208,78.667,210.792,18.872,10.269
Jaipur,26.9124,75.7873,2024-02-13,2024,2,13,16.362,63.208,36.792,6.746,213.5,158.667,54.833,277.004,20.392,10.0
Jaipur,26.9124,75.7873,2024-02-14,2024,2,14,17.779,58.417,21.375,7.821,222.042,176.583,45.458,316.046,21.172,10.732
Jaipur,26.9124,75.7873,2024-02-15,2024,2,15,17.296,61.333,0.0,6.029,228.917,185.458,43.458,329.692,21.824,10.744
Jaipur,26.9124,75.7873,2024-02-16,2024,2,16,18.179,58.458,0.0,5.154,231.208,187.458,43.75,331.783,22.04,10.755
Jaipur,26.9124,75.7873,2024-02-17,2024,2,17,19.392,48.708,0.0,6.046,234.083,190.5,43.583,336.283,22.308,10.791
Jaipur,26.9124,75.7873,2024-02-18,2024,2,18,20.421,46.417,50.208,8.808,225.708,169.542,56.167,295.596,21.508,10.795
Jaipur,26.9124,75.7873,2024-02-19,2024,2,19,21.396,52.292,4.542,13.146,230.583,187.167,43.417,326.521,21.968,10.799
Jaipur,26.9124,75.7873,2024-02-20,2024,2,20,22.567,60.708,7.167,13.513,222.0,177.208,44.792,306.525,21.156,10.803
Jaipur,26.9124,75.7873,2024-02-21,2024,2,21,19.858,44.958,24.083,8.033,222.833,173.792,49.042,296.254,21.212,10.811
Jaipur,26.9124,75.7873,2024-02-22,2024,2,22,18.729,44.833,18.375,10.867,230.25,178.458,51.792,310.262,21.916,10.883
Jaipur,26.9124,75.7873,2024-02-23,2024,2,23,17.904,42.583,0.792,8.021,243.458,197.833,45.625,338.679,23.176,10.959
Jaipur,26.9124,75.7873,2024-02-24,2024,2,24,17.787,45.917,17.5,12.875,222.417,165.5,56.917,281.975,21.208,10.799
Jaipur,26.9124,75.7873,2024-02-25,2024,2,25,18.088,44.958,27.0,12.6,228.667,170.625,58.042,283.771,21.764,11.037
Jaipur,26.9124,75.7873,2024-02-26,2024,2,26,17.7,45.333,82.333,12.438,136.625,32.667,103.958,53.621,12.984,4.813
Jaipur,26.9124,75.7873,2024-02-27,2024,2,27,18.471,48.958,17.583,10.592,232.667,181.667,51.0,303.392,22.128,11.041
Jaipur,26.9124,75.7873,2024-02-28,2024,2,28,18.671,53.792,0.167,7.608,245.5,199.458,46.042,333.2,23.36,11.115
Jaipur,26.9124,75.7873,2024-02-29,2024,2,29,20.262,52.292,0.333,6.292,247.667,201.667,46.0,336.033,23.552,11.189
Jaipur,26.9124,75.7873,2024-03-01,2024,3,1,21.254,63.875,37.375,14.038,223.458,171.375,52.083,265.85,21.336,9.645
Jaipur,26.9124,75.7873,2024-03-02,2024,3,2,20.85,73.25,70.792,14.237,161.667,75.583,86.083,121.104,15.356,9.702
Jaipur,26.9124,75.7873,2024-03-03,2024,3,3,18.067,58.542,2.083,9.146,259.125,211.0,48.125,347.829,24.62,11.337
Jaipur,26.9124,75.7873,2024-03-04,2024,3,4,16.917,36.208,1.583,8.071,267.125,219.375,47.75,361.05,25.376,11.554
Jaipur,26.9124,75.7873,2024-03-05,2024,3,5,17.029,41.625,24.208,9.683,263.792,213.5,50.292,350.867,25.324,11.554
Jaipur,26.9124,75.7873,2024-03-06,2024,3,6,17.7,40.417,31.292,7.483,233.125,165.208,67.917,265.196,22.38,10.924
Jaipur,26.9124,75.7873,2024-03-07,2024,3,7,19.079,44.292,5.25,5.438,259.542,210.625,48.917,341.008,24.916,11.655
Jaipur,26.9124,75.7873,2024-03-08,2024,3,8,20.562,48.167,0.708,8.554,262.75,213.917,48.833,345.346,25.224,11.682
Jaipur,26.9124,75.7873,2024-03-09,2024,3,9,20.108,46.333,27.0,9.321,267.25,215.917,51.333,347.842,25.656,11.708
Jaipur,26.9124,75.7873,2024-03-10,2024,3,10,21.254,43.958,40.542,7.238,262.917,208.042,54.875,330.371,25.24,11.735
Jaipur,26.9124,75.7873,2024-03-11,2024,3,11,23.633,47.417,15.875,8.633,257.333,208.875,48.458,326.638,24.704,11.762
Jaipur,26.9124,75.7873,2024-03-12,2024,3,12,23.729,50.333,2.667,8.25,261.625,210.542,51.083,337.45,25.116,11.781
Jaipur,26.9124,75.7873,2024-03-13,2024,3,13,23.512,46.083,8.292,13.471,237.458,178.25,59.208,290.296,22.796,11.798
Jaipur,26.9124,75.7873,2024-03-14,2024,3,14,23.225,49.792,0.708,8.479,273.208,223.292,49.917,352.221,26.228,11.816
Jaipur,26.9124,75.7873,2024-03-15,2024,3,15,22.438,41.167,0.0,11.8,279.0,229.125,49.875,360.858,26.784,11.833
Jaipur,26.9124,75.7873,2024-03-16,2024,3,16,22.125,35.0,47.958,8.858,270.125,201.292,68.833,306.912,25.932,11.365
Jaipur,26.9124,75.7873,2024-03-17,2024,3,17,22.467,35.75,36.25,7.679,266.708,194.583,72.125,311.125,25.604,11.869
Jaipur,26.9124,75.7873,2024-03-18,2024,3,18,22.412,39.25,0.583,8.279,284.5,233.833,50.667,364.608,27.312,11.888
Jaipur,26.9124,75.7873,2024-03-19,2024,3,19,23.592,40.25,8.333,10.042,268.458,213.583,54.875,322.671,25.772,11.861
Jaipur,26.9124,75.7873,2024-03-20,2024,3,20,23.925,40.333,16.958,7.004,287.417,236.208,51.208,365.646,27.592,11.925
Jaipur,26.9124,75.7873,2024-03-21,2024,3,21,24.854,38.875,52.083,9.617,265.625,186.708,78.917,287.338,25.5,11.533
Jaipur,26.9124,75.7873,2024-03-22,2024,3,22,25.917,37.792,0.542,9.912,283.958,233.0,50.958,358.054,27.26,11.962
Jaipur,26.9124,75.7873,2024-03-23,2024,3,23,27.379,37.5,18.417,7.462,284.833,233.042,51.792,356.488,27.344,11.981
Jaipur,26.9124,75.7873,2024-03-24,2024,3,24,26.617,41.625,55.167,9.112,242.875,166.5,76.375,254.558,23.312,11.999
Jaipur,26.9124,75.7873,2024-03-25,2024,3,25,26.642,44.083,7.542,7.546,283.375,231.208,52.167,349.971,27.2,12.0
Jaipur,26.9124,75.7873,2024-03-26,2024,3,26,28.192,43.333,76.25,7.292,249.875,164.042,85.833,228.763,23.988,10.868
Jaipur,26.9124,75.7873,2024-03-27,2024,3,27,29.796,39.208,30.25,4.562,276.792,219.458,57.333,323.883,26.568,12.0
Jaipur,26.9124,75.7873,2024-03-28,2024,3,28,30.037,40.5,93.458,8.658,263.5,188.333,75.167,285.512,25.292,12.0
Jaipur,26.9124,75.7873,2024-03-29,2024,3,29,29.879,39.875,74.708,6.996,265.75,176.5,89.25,260.354,25.508,12.0
Jaipur,26.9124,75.7873,2024-03-30,2024,3,30,29.425,30.833,9.833,15.383,290.958,235.083,55.875,351.883,27.928,12.0
Jaipur,26.9124,75.7873,2024-03-31,2024,3,31,28.367,27.958,11.875,13.1,298.25,244.417,53.833,365.854,28.628,12.0
Jaipur,26.9124,75.7873,2024-04-01,2024,4,1,26.975,37.25,58.5,12.842,287.375,218.75,68.625,330.104,27.584,12.0
Jaipur,26.9124,75.7873,2024-04-02,2024,4,2,27.183,31.333,32.375,7.617,289.0,231.042,57.958,339.438,27.736,12.0
Jaipur,26.9124,75.7873,2024-04-03,2024,4,3,28.533,32.625,67.417,9.096,272.958,183.833,89.125,264.592,26.196,11.0
Jaipur,26.9124,75.7873,2024-04-04,2024,4,4,28.596,34.875,71.917,6.558,263.208,171.125,92.083,246.013,25.264,11.0
Jaipur,26.9124,75.7873,2024-04-05,2024,4,5,28.779,33.833,90.958,11.112,225.458,107.042,118.417,149.596,21.636,10.23
Jaipur,26.9124,75.7873,2024-04-06,2024,4,6,28.262,33.083,35.25,7.042,270.667,205.167,65.5,295.662,25.976,12.0
Jaipur,26.9124,75.7873,2024-04-07,2024,4,7,28.583,24.583,1.042,10.583,310.5,254.583,55.917,373.738,29.8,12.0
Jaipur,26.9124,75.7873,2024-04-08,2024,4,8,29.25,23.792,5.208,9.996,306.542,248.125,58.417,356.067,29.416,12.0
Jaipur,26.9124,75.7873,2024-04-09,2024,4,9,30.213,22.25,74.458,9.596,264.917,160.458,104.458,216.475,25.424,10.599
Jaipur,26.9124,75.7873,2024-04-10,2024,4,10,29.787,27.417,60.792,13.192,264.792,176.417,88.375,231.425,25.412,10.401
Jaipur,26.9124,75.7873,2024-04-11,2024,4,11,29.571,32.875,31.0,8.458,287.917,225.583,62.333,319.379,27.628,12.0
Jaipur,26.9124,75.7873,2024-04-12,2024,4,12,30.25,29.5,42.708,7.45,294.208,221.333,72.875,323.925,28.232,12.0
Jaipur,26.9124,75.7873,2024-04-13,2024,4,13,27.946,49.5,68.25,9.096,249.042,143.292,105.75,199.388,23.9,11.285
Jaipur,26.9124,75.7873,2024-04-14,2024,4,14,27.25,52.417,68.458,7.942,270.125,192.083,78.042,249.679,25.924,10.791
Jaipur,26.9124,75.7873,2024-04-15,2024,4,15,29.4,46.833,77.458,9.304,202.625,110.833,91.792,170.583,19.436,10.589
Jaipur,26.9124,75.7873,2024-04-16,2024,4,16,29.817,36.417,32.042,11.733,304.375,244.292,60.083,350.025,29.204,12.0
Jaipur,26.9124,75.7873,2024-04-17,2024,4,17,29.708,30.75,56.583,13.221,289.083,218.458,70.625,308.096,27.74,12.0
Jaipur,26.9124,75.7873,2024-04-18,2024,4,18,30.654,28.417,42.958,12.579,277.208,212.792,64.417,281.304,26.6,10.0
Jaipur,26.9124,75.7873,2024-04-19,2024,4,19,31.575,31.75,18.458,13.958,305.25,243.0,62.25,343.012,29.284,12.0
Jaipur,26.9124,75.7873,2024-04-20,2024,4,20,29.754,29.792,53.958,11.658,302.958,221.542,81.417,301.8,29.064,11.725
Jaipur,26.9124,75.7873,2024-04-21,2024,4,21,29.479,35.458,53.25,7.521,266.458,158.958,107.5,224.671,25.556,10.857
Jaipur,26.9124,75.7873,2024-04-22,2024,4,22,30.121,33.875,23.542,7.246,300.875,234.708,66.167,328.938,28.868,12.043
Jaipur,26.9124,75.7873,2024-04-23,2024,4,23,30.304,30.042,12.458,9.104,299.792,228.792,71.0,328.279,28.756,12.036
Jaipur,26.9124,75.7873,2024-04-24,2024,4,24,30.379,31.167,3.292,8.538,312.292,246.833,65.458,347.767,29.952,12.103
Jaipur,26.9124,75.7873,2024-04-25,2024,4,25,32.212,26.417,17.375,7.521,313.25,248.0,65.25,349.867,30.044,12.096
Jaipur,26.9124,75.7873,2024-04-26,2024,4,26,31.408,32.333,33.167,10.621,284.833,211.792,73.042,304.067,27.32,12.09
Jaipur,26.9124,75.7873,2024-04-27,2024,4,27,30.2,32.042,26.167,13.825,322.958,261.625,61.333,363.808,30.972,12.0
Jaipur,26.9124,75.7873,2024-04-28,2024,4,28,30.883,30.042,37.0,7.308,301.083,218.958,82.125,297.946,28.876,12.151
Jaipur,26.9124,75.7873,2024-04-29,2024,4,29,30.929,31.5,2.5,13.642,318.042,254.917,63.125,357.15,30.5,12.219
Jaipur,26.9124,75.7873,2024-04-30,2024,4,30,29.812,24.708,0.0,13.321,334.167,272.292,61.875,383.458,32.044,12.287
Jaipur,26.9124,75.7873,2024-05-01,2024,5,1,28.375,22.875,0.0,15.575,334.208,272.25,61.958,382.317,32.044,12.281
Jaipur,26.9124,75.7873,2024-05-02,2024,5,2,28.079,25.25,15.792,9.825,329.125,253.0,76.125,360.408,31.556,12.351
Jaipur,26.9124,75.7873,2024-05-03,2024,5,3,29.512,25.458,72.917,8.062,289.833,206.042,83.792,266.629,27.788,9.185
Jaipur,26.9124,75.7873,2024-05-04,2024,5,4,31.571,26.875,75.417,9.562,241.375,102.875,138.5,136.871,23.132,10.749
Jaipur,26.9124,75.7873,2024-05-05,2024,5,5,33.229,26.667,22.667,15.083,324.75,260.0,64.75,364.858,31.132,12.409
Jaipur,26.9124,75.7873,2024-05-06,2024,5,6,33.121,29.0,4.667,8.504,311.375,247.5,63.875,342.867,29.848,12.405
Jaipur,26.9124,75.7873,2024-05-07,2024,5,7,34.408,28.042,11.208,7.971,298.875,226.542,72.333,316.654,28.644,12.4
Jaipur,26.9124,75.7873,2024-05-08,2024,5,8,34.792,30.917,3.042,12.092,325.083,262.167,62.917,365.579,31.156,12.471
Jaipur,26.9124,75.7873,2024-05-09,2024,5,9,34.088,38.333,5.958,12.808,318.875,252.333,66.542,352.179,30.56,12.467
Jaipur,26.9124,75.7873,2024-05-10,2024,5,10,34.625,34.125,25.167,9.592,312.542,243.417,69.125,333.367,29.952,12.538
Jaipur,26.9124,75.7873,2024-05-11,2024,5,11,32.067,38.833,31.917,6.467,305.625,233.75,71.875,320.537,29.292,12.535
Jaipur,26.9124,75.7873,2024-05-12,2024,5,12,32.321,36.917,27.833,10.388,300.292,231.667,68.625,322.062,28.772,12.531
Jaipur,26.9124,75.7873,2024-05-13,2024,5,13,33.108,37.333,30.0,9.229,285.667,212.167,73.5,285.542,27.372,12.089
Jaipur,26.9124,75.7873,2024-05-14,2024,5,14,32.896,34.208,45.042,8.054,319.042,249.292,69.75,343.5,30.572,12.601
Jaipur,26.9124,75.7873,2024-05-15,2024,5,15,33.283,29.5,2.458,7.496,329.792,265.167,64.625,366.85,31.596,12.773
Jaipur,26.9124,75.7873,2024-05-16,2024,5,16,35.279,25.125,13.208,6.408,323.917,256.167,67.75,350.65,31.028,12.766
Jaipur,26.9124,75.7873,2024-05-17,2024,5,17,36.071,24.917,22.708,8.504,304.5,229.417,75.083,314.917,29.168,12.759
Jaipur,26.9124,75.7873,2024-05-18,2024,5,18,36.45,25.125,26.5,10.108,295.708,216.167,79.542,299.683,28.32,12.753
Jaipur,26.9124,75.7873,2024-05-19,2024,5,19,37.292,23.292,30.542,9.958,305.958,228.792,77.167,312.542,29.3,12.824
Jaipur,26.9124,75.7873,2024-05-20,2024,5,20,37.446,22.917,22.625,13.142,296.083,213.0,83.083,299.767,28.352,12.741
Jaipur,26.9124,75.7873,2024-05-21,2024,5,21,38.35,22.292,35.042,13.358,306.167,229.208,76.958,314.696,29.316,12.735
Jaipur,26.9124,75.7873,2024-05-22,2024,5,22,37.396,27.792,28.0,8.142,289.5,208.5,81.0,291.946,27.716,12.73
Jaipur,26.9124,75.7873,2024-05-23,2024,5,23,37.092,31.5,5.25,13.496,298.917,228.417,70.5,316.775,28.616,12.647
Jaipur,26.9124,75.7873,2024-05-24,2024,5,24,36.783,35.708,9.75,12.604,296.833,220.5,76.333,306.517,28.424,12.719
Jaipur,26.9124,75.7873,2024-05-25,2024,5,25,37.375,33.708,10.5,9.796,295.958,225.5,70.458,312.917,28.332,12.791
Jaipur,26.9124,75.7873,2024-05-26,2024,5,26,38.379,26.208,6.042,10.938,313.292,242.833,70.458,333.229,29.996,12.786
Jaipur,26.9124,75.7873,2024-05-27,2024,5,27,38.708,20.625,0.25,12.987,329.333,260.0,69.333,355.75,31.528,12.859
Jaipur,26.9124,75.7873,2024-05-28,2024,5,28,38.758,25.958,8.125,18.254,300.875,226.125,74.75,309.238,28.8,12.854
Jaipur,26.9124,75.7873,2024-05-29,2024,5,29,38.821,29.917,4.958,18.642,311.75,239.25,72.5,327.571,29.836,12.85
Jaipur,26.9124,75.7873,2024-05-30,2024,5,30,37.733,32.833,1.542,17.604,318.042,246.792,71.25,337.046,30.44,12.846
Jaipur,26.9124,75.7873,2024-05-31,2024,5,31,38.225,29.417,10.458,17.179,304.833,229.292,75.542,309.542,29.188,12.65
Jaipur,26.9124,75.7873,2024-06-01,2024,6,1,35.838,35.042,30.75,14.712,276.25,199.958,76.292,260.308,26.476,11.73
Jaipur,26.9124,75.7873,2024-06-02,2024,6,2,34.404,36.708,30.125,10.033,266.125,191.375,74.75,257.267,25.472,12.445
Jaipur,26.9124,75.7873,2024-06-03,2024,6,3,36.071,33.083,7.208,11.9,292.542,215.25,77.292,296.646,27.988,12.676
Jaipur,26.9124,75.7873,2024-06-04,2024,6,4,37.258,30.125,7.458,16.529,304.583,227.292,77.292,304.283,29.152,12.673
Jaipur,26.9124,75.7873,2024-06-05,2024,6,5,36.988,29.958,5.458,16.55,310.875,236.458,74.417,319.438,29.744,12.748
Jaipur,26.9124,75.7873,2024-06-06,2024,6,6,35.538,32.958,3.75,9.254,313.0,239.542,73.458,320.946,29.952,12.667
Jaipur,26.9124,75.7873,2024-06-07,2024,6,7,34.854,33.583,14.958,12.062,300.292,223.625,76.667,290.862,28.752,11.923
Jaipur,26.9124,75.7873,2024-06-08,2024,6,8,34.004,34.708,15.167,10.862,294.042,217.625,76.417,296.362,28.132,12.583
Jaipur,26.9124,75.7873,2024-06-09,2024,6,9,35.596,27.833,13.875,6.971,295.542,216.958,78.583,291.088,28.284,12.581
Jaipur,26.9124,75.7873,2024-06-10,2024,6,10,35.892,27.125,34.167,8.062,274.583,189.292,85.292,254.167,26.268,12.421
Jaipur,26.9124,75.7873,2024-06-11,2024,6,11,36.025,31.75,42.042,12.5,249.625,163.0,86.625,217.742,23.86,11.78
Jaipur,26.9124,75.7873,2024-06-12,2024,6,12,36.696,32.167,56.75,15.621,258.083,172.792,85.292,219.054,24.68,11.851
Jaipur,26.9124,75.7873,2024-06-13,2024,6,13,36.017,36.792,42.042,17.129,263.125,177.25,85.875,228.404,25.16,11.335
Jaipur,26.9124,75.7873,2024-06-14,2024,6,14,34.858,38.542,31.208,17.35,238.417,151.958,86.458,203.833,22.792,12.257
Jaipur,26.9124,75.7873,2024-06-15,2024,6,15,36.121,36.292,16.0,16.338,273.833,194.5,79.333,261.667,26.2,12.344
Jaipur,26.9124,75.7873,2024-06-16,2024,6,16,37.008,36.75,15.167,16.158,276.958,199.75,77.208,268.133,26.5,12.346
Jaipur,26.9124,75.7873,2024-06-17,2024,6,17,37.354,37.333,22.375,16.692,248.792,164.708,84.083,223.242,23.784,12.254
Jaipur,26.9124,75.7873,2024-06-18,2024,6,18,37.075,39.0,11.5,20.167,286.667,211.375,75.292,274.946,27.432,11.838
Jaipur,26.9124,75.7873,2024-06-19,2024,6,19,36.067,42.75,9.0,17.9,296.083,219.375,76.708,292.821,28.336,12.331
Jaipur,26.9124,75.7873,2024-06-20,2024,6,20,33.754,49.833,18.792,11.017,275.958,194.875,81.083,258.042,26.4,11.628
Jaipur,26.9124,75.7873,2024-06-21,2024,6,21,31.15,58.083,55.708,8.758,256.0,175.75,80.25,229.554,24.512,11.97
Jaipur,26.9124,75.7873,2024-06-22,2024,6,22,32.562,51.708,34.792,5.604,250.833,168.5,82.333,225.408,24.0,12.197
Jaipur,26.9124,75.7873,2024-06-23,2024,6,23,33.738,50.5,56.0,7.771,244.25,162.542,81.708,214.675,23.352,11.489
Jaipur,26.9124,75.7873,2024-06-24,2024,6,24,33.404,54.875,61.375,9.004,251.708,154.708,97.0,197.487,24.076,10.905
Jaipur,26.9124,75.7873,2024-06-25,2024,6,25,31.8,65.792,73.917,6.292,194.083,95.542,98.542,132.45,18.532,11.229
Jaipur,26.9124,75.7873,2024-06-26,2024,6,26,30.492,77.125,97.25,6.171,170.333,78.583,91.75,90.087,16.272,5.466
Jaipur,26.9124,75.7873,2024-06-27,2024,6,27,29.488,81.208,99.042,11.633,91.875,15.75,76.125,23.754,8.728,1.568
Jaipur,26.9124,75.7873,2024-06-28,2024,6,28,29.171,82.625,96.792,6.575,171.333,70.417,100.917,92.962,16.356,8.306
Jaipur,26.9124,75.7873,2024-06-29,2024,6,29,29.463,83.542,97.958,7.738,108.333,18.208,90.125,27.012,10.308,0.449
Jaipur,26.9124,75.7873,2024-06-30,2024,6,30,31.1,76.5,68.417,11.958,218.917,115.292,103.625,156.779,20.928,11.456
Jaipur,26.9124,75.7873,2024-07-01,2024,7,1,31.233,70.375,80.875,10.538,224.292,128.375,95.917,178.2,21.424,12.046
Jaipur,26.9124,75.7873,2024-07-02,2024,7,2,31.779,68.292,97.542,12.617,204.958,86.333,118.625,112.508,19.58,9.712
Jaipur,26.9124,75.7873,2024-07-03,2024,7,3,31.425,68.625,99.708,11.571,206.0,99.083,106.917,123.467,19.704,9.976
Jaipur,26.9124,75.7873,2024-07-04,2024,7,4,27.358,91.75,99.75,6.525,60.042,4.75,55.292,6.454,5.724,0.138
Jaipur,26.9124,75.7873,2024-07-05,2024,7,5,28.287,87.542,96.708,8.075,146.083,61.958,84.125,84.275,13.972,7.618
Jaipur,26.9124,75.7873,2024-07-06,2024,7,6,29.062,83.708,97.625,12.412,158.5,52.083,106.417,63.808,15.156,5.962
Jaipur,26.9124,75.7873,2024-07-07,2024,7,7,29.15,79.833,61.0,9.204,235.5,146.583,88.917,195.846,22.548,11.224
Jaipur,26.9124,75.7873,2024-07-08,2024,7,8,28.625,82.625,84.875,5.996,237.417,150.625,86.792,190.204,22.712,11.275
Jaipur,26.9124,75.7873,2024-07-09,2024,7,9,29.388,84.167,54.5,6.933,189.792,105.417,84.375,129.488,18.14,6.721
Jaipur,26.9124,75.7873,2024-07-10,2024,7,10,30.833,78.292,75.125,6.167,230.833,140.667,90.167,183.758,22.076,11.141
Jaipur,26.9124,75.7873,2024-07-11,2024,7,11,31.421,73.083,90.667,15.138,223.667,126.917,96.75,173.696,21.364,11.866
Jaipur,26.9124,75.7873,2024-07-12,2024,7,12,29.396,75.292,66.958,12.954,205.542,111.958,93.583,151.104,19.632,10.77
Jaipur,26.9124,75.7873,2024-07-13,2024,7,13,28.996,80.0,42.583,8.971,236.042,144.25,91.792,196.458,22.56,12.0
Jaipur,26.9124,75.7873,2024-07-14,2024,7,14,30.088,76.833,38.0,9.029,253.25,170.958,82.292,222.846,24.208,12.054
Jaipur,26.9124,75.7873,2024-07-15,2024,7,15,30.458,80.292,57.167,7.225,224.583,140.208,84.375,183.167,21.468,11.584
Jaipur,26.9124,75.7873,2024-07-16,2024,7,16,30.838,78.333,43.458,11.492,188.083,110.875,77.208,141.954,17.952,8.058
Jaipur,26.9124,75.7873,2024-07-17,2024,7,17,31.875,75.375,42.292,10.817,247.0,163.167,83.833,221.717,23.608,12.06
Jaipur,26.9124,75.7873,2024-07-18,2024,7,18,30.512,81.292,76.375,6.529,227.917,138.708,89.208,182.671,21.8,11.742
Jaipur,26.9124,75.7873,2024-07-19,2024,7,19,30.629,80.417,71.292,7.004,234.875,141.333,93.542,184.908,22.476,10.589
Jaipur,26.9124,75.7873,2024-07-20,2024,7,20,31.354,79.417,58.667,6.867,229.25,134.125,95.125,173.188,21.92,10.686
Jaipur,26.9124,75.7873,2024-07-21,2024,7,21,31.558,79.125,59.125,6.496,237.958,157.042,80.917,210.421,22.764,11.94
Jaipur,26.9124,75.7873,2024-07-22,2024,7,22,31.308,78.375,67.0,6.337,236.958,148.542,88.417,202.662,22.672,12.0
Jaipur,26.9124,75.7873,2024-07-23,2024,7,23,30.421,81.25,87.125,7.654,222.542,138.125,84.417,176.633,21.3,10.712
Jaipur,26.9124,75.7873,2024-07-24,2024,7,24,28.171,89.417,95.208,8.308,125.542,44.333,81.208,48.842,12.024,4.0
Jaipur,26.9124,75.7873,2024-07-25,2024,7,25,28.917,85.208,96.833,10.825,154.167,61.542,92.625,80.779,14.74,7.743
Jaipur,26.9124,75.7873,2024-07-26,2024,7,26,29.142,85.5,98.75,10.092,125.917,40.083,85.833,55.621,12.02,5.411
Jaipur,26.9124,75.7873,2024-07-27,2024,7,27,29.725,85.0,98.917,8.221,177.25,91.333,85.917,108.788,16.976,6.849
Jaipur,26.9124,75.7873,2024-07-28,2024,7,28,30.571,83.333,89.208,8.654,195.583,93.417,102.167,122.817,18.712,9.479
Jaipur,26.9124,75.7873,2024-07-29,2024,7,29,31.425,76.417,50.667,12.712,226.292,136.625,89.667,185.271,21.656,12.0
Jaipur,26.9124,75.7873,2024-07-30,2024,7,30,31.554,78.833,45.458,8.729,215.083,126.917,88.167,169.817,20.58,11.458
Jaipur,26.9124,75.7873,2024-07-31,2024,7,31,30.412,82.542,92.833,11.938,138.458,34.167,104.292,44.838,13.26,3.882
Jaipur,26.9124,75.7873,2024-08-01,2024,8,1,26.417,90.625,100.0,10.508,42.958,2.875,40.083,4.308,4.12,0.0
Jaipur,26.9124,75.7873,2024-08-02,2024,8,2,26.858,90.792,99.25,8.904,132.75,51.542,81.208,68.087,12.7,5.213
Jaipur,26.9124,75.7873,2024-08-03,2024,8,3,27.004,92.417,95.833,9.312,87.167,24.75,62.417,36.571,8.324,3.17
Jaipur,26.9124,75.7873,2024-08-04,2024,8,4,28.883,82.75,74.375,9.4,201.542,112.208,89.333,156.554,19.292,11.5
Jaipur,26.9124,75.7873,2024-08-05,2024,8,5,26.3,93.083,97.792,20.975,52.875,5.208,47.667,6.762,5.06,0.0
Jaipur,26.9124,75.7873,2024-08-06,2024,8,6,25.725,94.833,98.792,17.133,53.25,4.917,48.333,8.737,5.1,0.042
Jaipur,26.9124,75.7873,2024-08-07,2024,8,7,25.938,94.667,100.0,12.858,42.417,4.583,37.833,6.217,4.064,0.0
Jaipur,26.9124,75.7873,2024-08-08,2024,8,8,25.896,94.208,99.625,11.237,37.917,2.458,35.458,3.679,3.624,0.0
Jaipur,26.9124,75.7873,2024-08-09,2024,8,9,26.492,92.292,98.625,10.021,68.917,9.0,59.917,12.958,6.592,0.0
Jaipur,26.9124,75.7873,2024-08-10,2024,8,10,26.512,94.708,100.0,11.45,37.833,2.0,35.833,2.258,3.616,0.0
Jaipur,26.9124,75.7873,2024-08-11,2024,8,11,26.496,94.667,100.0,8.933,55.333,4.75,50.583,5.342,5.3,0.0
Jaipur,26.9124,75.7873,2024-08-12,2024,8,12,26.442,94.583,99.625,11.196,66.917,10.75,56.167,13.796,6.4,0.165
Jaipur,26.9124,75.7873,2024-08-13,2024,8,13,27.279,91.708,98.375,10.104,110.5,35.875,74.625,48.658,10.572,3.962
Jaipur,26.9124,75.7873,2024-08-14,2024,8,14,27.475,90.167,99.333,9.817,116.917,40.75,76.167,50.762,11.208,3.94
Jaipur,26.9124,75.7873,2024-08-15,2024,8,15,26.588,96.208,99.792,8.742,66.25,8.167,58.083,9.0,6.348,0.134
Jaipur,26.9124,75.7873,2024-08-16,2024,8,16,26.879,93.167,99.917,7.742,56.292,9.25,47.042,11.775,5.388,0.248
Jaipur,26.9124,75.7873,2024-08-17,2024,8,17,28.271,86.0,97.458,7.242,205.333,95.542,109.792,125.417,19.68,9.819
Jaipur,26.9124,75.7873,2024-08-18,2024,8,18,29.367,81.125,84.292,7.971,210.875,121.75,89.125,165.737,20.216,11.06
Jaipur,26.9124,75.7873,2024-08-19,2024,8,19,29.208,79.042,95.458,8.763,207.458,115.917,91.542,153.95,19.888,10.545
Jaipur,26.9124,75.7873,2024-08-20,2024,8,20,28.896,78.083,94.75,5.958,212.458,124.292,88.167,163.767,20.376,10.019
Jaipur,26.9124,75.7873,2024-08-21,2024,8,21,28.042,85.125,91.792,4.654,166.375,81.75,84.625,97.296,15.96,6.436
Jaipur,26.9124,75.7873,2024-08-22,2024,8,22,27.562,88.0,88.583,6.154,134.5,59.292,75.208,76.338,12.9,7.099
Jaipur,26.9124,75.7873,2024-08-23,2024,8,23,27.213,89.208,74.375,4.525,156.625,90.375,66.25,112.208,15.024,5.945
Jaipur,26.9124,75.7873,2024-08-24,2024,8,24,28.404,85.167,68.917,7.083,196.833,108.375,88.458,144.938,18.88,9.774
Jaipur,26.9124,75.7873,2024-08-25,2024,8,25,27.217,88.208,91.542,15.971,146.958,57.833,89.125,76.733,14.096,6.505
Jaipur,26.9124,75.7873,2024-08-26,2024,8,26,27.029,88.375,84.208,17.312,141.708,64.417,77.292,88.425,13.596,8.379
Jaipur,26.9124,75.7873,2024-08-27,2024,8,27,26.783,87.75,90.083,13.325,120.125,41.833,78.292,56.258,11.524,4.533
Jaipur,26.9124,75.7873,2024-08-28,2024,8,28,28.042,78.958,57.333,9.6,238.583,153.917,84.667,210.413,22.892,11.822
Jaipur,26.9124,75.7873,2024-08-29,2024,8,29,27.142,83.625,72.208,11.533,131.625,51.25,80.375,71.65,12.628,5.963
Jaipur,26.9124,75.7873,2024-08-30,2024,8,30,28.108,83.667,47.375,5.75,230.0,151.667,78.333,210.438,22.072,10.907
Jaipur,26.9124,75.7873,2024-08-31,2024,8,31,28.267,85.417,39.542,5.533,221.5,141.125,80.375,194.888,21.256,11.139
Jaipur,26.9124,75.7873,2024-09-01,2024,9,1,29.292,82.083,43.125,6.642,211.5,137.625,73.875,192.996,20.296,11.456
Jaipur,26.9124,75.7873,2024-09-02,2024,9,2,28.233,86.833,85.458,6.771,165.958,70.958,95.0,93.75,15.928,6.549
Jaipur,26.9124,75.7873,2024-09-03,2024,9,3,27.625,88.375,87.333,8.158,127.333,36.708,90.625,47.379,12.22,3.857
Jaipur,26.9124,75.7873,2024-09-04,2024,9,4,26.196,92.208,99.458,4.517,110.542,26.292,84.25,32.0,10.612,1.986
Jaipur,26.9124,75.7873,2024-09-05,2024,9,5,26.346,91.083,91.917,5.183,84.5,23.083,61.417,35.35,8.108,1.819
Jaipur,26.9124,75.7873,2024-09-06,2024,9,6,26.467,90.333,92.542,3.725,104.875,30.875,74.0,52.2,10.068,4.675
Jaipur,26.9124,75.7873,2024-09-07,2024,9,7,26.417,90.167,94.917,4.892,147.25,61.042,86.208,82.996,14.136,6.795
Jaipur,26.9124,75.7873,2024-09-08,2024,9,8,26.729,88.958,81.958,4.829,116.542,51.208,65.333,78.846,11.188,5.923
Jaipur,26.9124,75.7873,2024-09-09,2024,9,9,27.804,86.542,90.583,3.821,143.0,67.667,75.333,87.604,13.728,6.812
Jaipur,26.9124,75.7873,2024-09-10,2024,9,10,27.583,87.583,79.125,4.571,156.958,73.167,83.792,105.15,15.068,8.708
Jaipur,26.9124,75.7873,2024-09-11,2024,9,11,26.525,90.917,93.75,9.846,153.458,70.375,83.083,101.458,14.732,7.92
Jaipur,26.9124,75.7873,2024-09-12,2024,9,12,26.825,90.917,99.125,11.821,86.708,25.042,61.667,42.137,8.324,3.767
Jaipur,26.9124,75.7873,2024-09-13,2024,9,13,27.083,83.333,82.667,18.792,173.583,98.667,74.917,137.183,16.664,7.12
Jaipur,26.9124,75.7873,2024-09-14,2024,9,14,26.496,82.333,40.292,10.688,198.125,106.208,91.917,173.358,19.02,11.938
Jaipur,26.9124,75.7873,2024-09-15,2024,9,15,27.075,78.333,6.375,10.671,245.083,176.083,69.0,260.192,23.528,11.96
Jaipur,26.9124,75.7873,2024-09-16,2024,9,16,27.442,75.708,6.417,10.629,240.542,175.583,64.958,258.537,23.092,11.893
Jaipur,26.9124,75.7873,2024-09-17,2024,9,17,27.0,79.375,59.292,10.258,143.833,68.125,75.708,103.058,13.664,9.809
Jaipur,26.9124,75.7873,2024-09-18,2024,9,18,26.471,77.208,75.792,10.567,180.0,95.5,84.5,143.692,17.152,10.424
Jaipur,26.9124,75.7873,2024-09-19,2024,9,19,24.875,85.167,77.042,5.054,97.417,27.708,69.708,40.308,9.272,2.895
Jaipur,26.9124,75.7873,2024-09-20,2024,9,20,27.046,83.625,63.167,3.271,127.208,51.958,75.25,81.5,12.136,6.84
Jaipur,26.9124,75.7873,2024-09-21,2024,9,21,28.738,79.792,41.792,3.583,166.583,92.667,73.917,127.275,15.872,7.741
Jaipur,26.9124,75.7873,2024-09-22,2024,9,22,29.742,74.792,43.083,4.421,202.625,117.5,85.125,173.779,19.344,9.879
Jaipur,26.9124,75.7873,2024-09-23,2024,9,23,29.779,77.375,18.708,5.217,214.833,134.208,80.625,211.833,20.496,11.387
Jaipur,26.9124,75.7873,2024-09-24,2024,9,24,30.271,75.917,6.042,5.583,237.417,176.25,61.167,262.854,22.676,11.253
Jaipur,26.9124,75.7873,2024-09-25,2024,9,25,30.279,75.958,18.958,7.583,212.875,149.75,63.125,231.467,20.312,11.334
Jaipur,26.9124,75.7873,2024-09-26,2024,9,26,28.858,83.333,31.083,9.658,208.625,135.833,72.792,208.333,19.932,11.128
Jaipur,26.9124,75.7873,2024-09-27,2024,9,27,28.208,79.542,41.042,9.492,200.542,126.208,74.333,196.758,19.152,11.173
Jaipur,26.9124,75.7873,2024-09-28,2024,9,28,26.992,81.583,73.917,8.617,181.875,87.917,93.958,134.608,17.364,10.487
Jaipur,26.9124,75.7873,2024-09-29,2024,9,29,27.529,79.167,58.708,6.492,214.0,139.083,74.917,216.0,20.452,11.013
Jaipur,26.9124,75.7873,2024-09-30,2024,9,30,28.754,76.417,23.417,6.021,222.5,161.75,60.75,253.508,21.276,11.166
Jaipur,26.9124,75.7873,2024-10-01,2024,10,1,29.575,72.125,6.417,10.217,236.208,180.708,55.5,278.008,22.592,11.175
Jaipur,26.9124,75.7873,2024-10-02,2024,10,2,30.346,61.708,2.083,16.538,242.208,188.083,54.125,293.842,23.172,11.113
Jaipur,26.9124,75.7873,2024-10-03,2024,10,3,29.817,61.792,2.125,15.971,240.25,185.417,54.833,288.425,22.988,11.122
Jaipur,26.9124,75.7873,2024-10-04,2024,10,4,28.612,66.417,5.625,11.871,223.917,164.583,59.333,258.604,21.42,11.132
Jaipur,26.9124,75.7873,2024-10-05,2024,10,5,27.838,70.917,1.0,9.733,236.625,181.292,55.333,286.371,22.644,11.141
Jaipur,26.9124,75.7873,2024-10-06,2024,10,6,27.971,69.333,11.667,7.696,215.125,156.958,58.167,254.558,20.6,11.006
Jaipur,26.9124,75.7873,2024-10-07,2024,10,7,28.5,62.958,6.167,4.846,220.0,166.292,53.708,263.738,21.064,11.016
Jaipur,26.9124,75.7873,2024-10-08,2024,10,8,28.267,62.333,8.958,5.425,225.458,172.5,52.958,273.717,21.592,11.025
Jaipur,26.9124,75.7873,2024-10-09,2024,10,9,27.896,63.917,11.0,6.25,226.375,173.208,53.167,277.396,21.688,11.0
Jaipur,26.9124,75.7873,2024-10-10,2024,10,10,27.075,67.75,29.792,6.225,204.458,143.0,61.458,225.338,19.588,11.0
Jaipur,26.9124,75.7873,2024-10-11,2024,10,11,27.075,64.917,25.667,5.05,232.75,180.917,51.833,294.267,22.296,11.0
Jaipur,26.9124,75.7873,2024-10-12,2024,10,12,27.046,62.0,38.292,6.663,222.25,164.083,58.167,270.125,21.296,11.0
Jaipur,26.9124,75.7873,2024-10-13,2024,10,13,25.617,74.375,54.458,8.638,170.792,100.458,70.333,153.042,16.368,9.308
Jaipur,26.9124,75.7873,2024-10-14,2024,10,14,26.375,65.0,43.542,4.413,223.292,168.417,54.875,277.071,21.4,11.0
Jaipur,26.9124,75.7873,2024-10-15,2024,10,15,26.121,55.083,17.083,6.175,231.583,179.5,52.083,299.158,22.196,10.991
Jaipur,26.9124,75.7873,2024-10-16,2024,10,16,26.208,54.417,37.542,6.479,225.75,174.0,51.75,284.083,21.644,10.982
Jaipur,26.9124,75.7873,2024-10-17,2024,10,17,27.204,52.958,29.292,5.571,217.833,165.917,51.917,276.967,20.888,10.973
Jaipur,26.9124,75.7873,2024-10-18,2024,10,18,27.196,54.958,5.0,5.179,221.458,172.875,48.583,292.033,21.236,10.963
Jaipur,26.9124,75.7873,2024-10-19,2024,10,19,27.638,51.875,3.125,7.304,217.417,169.625,47.792,289.617,20.852,10.954
Jaipur,26.9124,75.7873,2024-10-20,2024,10,20,27.404,53.833,21.792,6.846,193.333,142.958,50.375,242.038,18.54,10.944
Jaipur,26.9124,75.7873,2024-10-21,2024,10,21,26.854,58.458,18.625,6.671,202.25,152.875,49.375,259.721,19.4,10.934
Jaipur,26.9124,75.7873,2024-10-22,2024,10,22,26.512,56.75,19.583,4.921,204.375,155.958,48.417,265.504,19.604,10.924
Jaipur,26.9124,75.7873,2024-10-23,2024,10,23,26.083,59.833,13.542,6.712,183.5,132.375,51.125,232.362,17.604,10.914
Jaipur,26.9124,75.7873,2024-10-24,2024,10,24,25.6,58.458,0.0,11.046,220.292,174.75,45.542,305.258,21.136,10.903
Jaipur,26.9124,75.7873,2024-10-25,2024,10,25,25.471,58.667,0.0,8.612,217.625,172.458,45.167,302.717,20.88,10.893
Jaipur,26.9124,75.7873,2024-10-26,2024,10,26,25.917,60.25,0.0,7.7,215.667,170.958,44.708,301.283,20.692,10.883
Jaipur,26.9124,75.7873,2024-10-27,2024,10,27,26.483,63.25,0.0,5.442,212.292,167.625,44.667,296.925,20.372,10.872
Jaipur,26.9124,75.7873,2024-10-28,2024,10,28,26.75,64.25,0.0,8.446,209.083,164.292,44.792,292.029,20.064,10.861
Jaipur,26.9124,75.7873,2024-10-29,2024,10,29,26.888,62.042,0.0,7.483,209.375,165.375,44.0,296.15,20.092,10.85
Jaipur,26.9124,75.7873,2024-10-30,2024,10,30,27.008,53.292,0.042,9.571,211.792,169.042,42.75,305.021,20.324,10.839
Jaipur,26.9124,75.7873,2024-10-31,2024,10,31,26.954,50.667,0.042,8.704,208.5,165.917,42.583,300.713,20.012,10.828
Jaipur,26.9124,75.7873,2024-11-01,2024,11,1,25.554,54.75,0.0,7.879,206.75,164.167,42.583,299.058,19.844,10.817
Jaipur,26.9124,75.7873,2024-11-02,2024,11,2,26.062,51.875,0.042,6.442,206.75,164.667,42.083,301.475,19.844,10.805
Jaipur,26.9124,75.7873,2024-11-03,2024,11,3,24.688,58.167,0.0,6.758,205.208,163.208,42.0,299.942,19.696,10.794
Jaipur,26.9124,75.7873,2024-11-04,2024,11,4,24.492,57.25,0.0,6.054,203.292,161.75,41.542,299.021,19.512,10.783
Jaipur,26.9124,75.7873,2024-11-05,2024,11,5,24.45,58.042,0.0,6.575,199.833,158.125,41.708,293.083,19.18,10.771
Jaipur,26.9124,75.7873,2024-11-06,2024,11,6,24.554,60.875,0.0,6.779,199.958,158.625,41.333,295.787,19.196,10.759
Jaipur,26.9124,75.7873,2024-11-07,2024,11,7,24.304,65.875,0.0,4.888,199.583,158.792,40.792,297.558,19.16,10.748
Jaipur,26.9124,75.7873,2024-11-08,2024,11,8,24.879,66.0,0.083,5.913,197.708,156.792,40.917,295.058,18.98,10.736
Jaipur,26.9124,75.7873,2024-11-09,2024,11,9,24.942,61.833,0.0,7.012,196.958,156.75,40.208,296.708,18.908,10.724
Jaipur,26.9124,75.7873,2024-11-10,2024,11,10,23.796,62.958,0.0,7.5,196.125,156.333,39.792,297.638,18.828,10.712
Jaipur,26.9124,75.7873,2024-11-11,2024,11,11,24.029,62.875,0.417,5.133,194.083,154.292,39.792,295.142,18.632,10.7
Jaipur,26.9124,75.7873,2024-11-12,2024,11,12,23.312,53.0,0.708,5.546,196.292,157.667,38.625,303.342,18.844,10.687
Jaipur,26.9124,75.7873,2024-11-13,2024,11,13,22.383,58.958,2.75,6.442,193.875,154.958,38.917,299.333,18.612,10.666
Jaipur,26.9124,75.7873,2024-11-14,2024,11,14,22.625,59.75,6.667,7.104,182.5,136.625,45.875,259.983,17.52,10.519
Jaipur,26.9124,75.7873,2024-11-15,2024,11,15,22.379,57.583,8.25,5.438,183.75,141.708,42.042,275.688,17.64,10.527
Jaipur,26.9124,75.7873,2024-11-16,2024,11,16,22.004,56.208,11.542,5.083,189.125,150.875,38.25,295.008,18.156,10.535
Jaipur,26.9124,75.7873,2024-11-17,2024,11,17,20.733,56.167,4.083,9.292,189.833,151.792,38.042,297.25,18.224,10.388
Jaipur,26.9124,75.7873,2024-11-18,2024,11,18,17.921,68.917,0.0,7.442,193.833,155.917,37.917,308.267,18.608,10.473
Jaipur,26.9124,75.7873,2024-11-19,2024,11,19,17.438,65.583,0.0,5.342,192.208,154.458,37.75,307.092,18.452,10.481
Jaipur,26.9124,75.7873,2024-11-20,2024,11,20,17.096,63.833,0.0,5.533,190.458,152.917,37.542,305.138,18.284,10.411
Jaipur,26.9124,75.7873,2024-11-21,2024,11,21,17.158,62.375,0.0,4.875,190.125,153.0,37.125,306.858,18.252,10.418
Jaipur,26.9124,75.7873,2024-11-22,2024,11,22,18.333,59.75,0.0,4.988,187.333,150.458,36.875,302.713,17.984,10.345
Jaipur,26.9124,75.7873,2024-11-23,2024,11,23,18.742,60.417,0.0,6.067,185.042,148.25,36.792,299.188,17.764,10.27
Jaipur,26.9124,75.7873,2024-11-24,2024,11,24,19.117,59.333,0.0,6.358,183.0,146.5,36.5,296.6,17.568,10.274
Jaipur,26.9124,75.7873,2024-11-25,2024,11,25,18.379,57.458,0.0,8.825,183.25,146.958,36.292,298.875,17.592,10.2
Jaipur,26.9124,75.7873,2024-11-26,2024,11,26,18.138,63.958,0.0,5.846,181.25,145.042,36.208,295.754,17.4,10.204
Jaipur,26.9124,75.7873,2024-11-27,2024,11,27,19.517,63.667,5.458,5.633,178.292,141.083,37.208,286.908,17.116,10.13
Jaipur,26.9124,75.7873,2024-11-28,2024,11,28,18.758,61.375,0.0,7.167,181.25,144.958,36.292,297.871,17.4,10.135
Jaipur,26.9124,75.7873,2024-11-29,2024,11,29,16.725,63.125,0.0,7.121,182.75,146.833,35.917,302.783,17.544,10.141
Jaipur,26.9124,75.7873,2024-11-30,2024,11,30,16.808,68.375,0.0,7.192,178.792,142.958,35.833,295.238,17.164,10.068
Jaipur,26.9124,75.7873,2024-12-01,2024,12,1,17.612,69.333,0.0,6.496,174.25,138.458,35.792,286.508,16.728,10.075
Jaipur,26.9124,75.7873,2024-12-02,2024,12,2,17.954,68.792,0.333,7.279,175.0,139.75,35.25,289.767,16.8,10.002
Jaipur,26.9124,75.7873,2024-12-03,2024,12,3,18.258,62.458,0.042,6.988,177.417,142.333,35.083,296.858,17.032,10.01
Jaipur,26.9124,75.7873,2024-12-04,2024,12,4,18.225,61.708,0.0,8.204,176.875,141.833,35.042,296.571,16.98,10.018
Jaipur,26.9124,75.7873,2024-12-05,2024,12,5,16.912,56.208,0.0,7.871,180.417,145.625,34.792,306.108,17.32,10.026
Jaipur,26.9124,75.7873,2024-12-06,2024,12,6,16.446,55.708,0.0,7.012,178.625,143.917,34.708,303.467,17.148,10.035
Jaipur,26.9124,75.7873,2024-12-07,2024,12,7,16.833,55.833,0.0,6.125,177.292,142.75,34.542,301.588,17.02,10.044
Jaipur,26.9124,75.7873,2024-12-08,2024,12,8,16.488,50.583,0.208,11.296,175.0,139.792,35.208,294.917,16.8,9.995
Jaipur,26.9124,75.7873,2024-12-09,2024,12,9,14.5,54.833,0.0,11.4,179.083,144.375,34.708,306.583,17.192,9.999
Jaipur,26.9124,75.7873,2024-12-10,2024,12,10,13.8,62.042,0.0,8.125,179.0,144.625,34.375,307.842,17.184,10.0
Jaipur,26.9124,75.7873,2024-12-11,2024,12,11,13.067,52.208,0.0,5.138,180.75,146.583,34.167,313.133,17.352,10.0
Jaipur,26.9124,75.7873,2024-12-12,2024,12,12,12.896,48.458,6.042,6.112,180.25,146.417,33.833,313.529,17.304,10.002
Jaipur,26.9124,75.7873,2024-12-13,2024,12,13,14.054,48.542,10.625,10.767,181.167,147.042,34.125,314.417,17.392,10.0
Jaipur,26.9124,75.7873,2024-12-14,2024,12,14,13.733,50.208,0.0,8.321,181.542,147.458,34.083,316.45,17.428,10.0
Jaipur,26.9124,75.7873,2024-12-15,2024,12,15,13.254,52.625,0.0,6.233,182.792,148.792,34.0,319.867,17.548,10.0
Jaipur,26.9124,75.7873,2024-12-16,2024,12,16,13.138,60.958,0.0,6.592,180.792,146.958,33.833,316.204,17.356,10.0
Jaipur,26.9124,75.7873,2024-12-17,2024,12,17,13.496,65.792,0.0,6.279,175.5,141.833,33.667,305.275,16.848,10.0
Jaipur,26.9124,75.7873,2024-12-18,2024,12,18,13.4,66.542,10.833,5.837,177.5,143.167,34.333,308.092,17.04,10.0
Jaipur,26.9124,75.7873,2024-12-19,2024,12,19,13.896,71.5,0.0,11.671,170.958,136.917,34.042,294.046,16.412,10.0
Jaipur,26.9124,75.7873,2024-12-20,2024,12,20,15.154,72.292,4.833,10.396,159.292,122.958,36.333,263.338,15.292,10.0
Jaipur,26.9124,75.7873,2024-12-21,2024,12,21,14.554,70.583,4.542,6.583,173.375,139.458,33.917,300.554,16.644,10.0
Jaipur,26.9124,75.7873,2024-12-22,2024,12,22,15.242,66.167,23.292,10.675,172.375,138.417,33.958,294.567,16.548,10.0
Jaipur,26.9124,75.7873,2024-12-23,2024,12,23,15.429,69.292,51.375,12.679,92.667,51.042,41.625,111.158,8.896,9.689
Jaipur,26.9124,75.7873,2024-12-24,2024,12,24,14.904,79.917,29.417,8.462,133.167,92.208,40.958,197.008,12.784,9.877
Jaipur,26.9124,75.7873,2024-12-25,2024,12,25,14.904,78.5,32.917,8.979,137.708,91.25,46.458,193.95,13.22,10.0
Jaipur,26.9124,75.7873,2024-12-26,2024,12,26,15.642,73.5,39.0,10.588,139.875,97.583,42.292,212.525,13.428,10.0
Jaipur,26.9124,75.7873,2024-12-27,2024,12,27,16.05,91.708,79.417,9.429,51.5,11.958,39.542,24.746,4.944,1.224
Jaipur,26.9124,75.7873,2024-12-28,2024,12,28,15.583,84.208,54.417,8.396,126.208,79.333,46.875,163.167,12.112,8.0
Jaipur,26.9124,75.7873,2024-12-29,2024,12,29,11.771,80.708,1.167,8.25,178.875,145.542,33.333,311.662,17.168,10.0
Jaipur,26.9124,75.7873,2024-12-30,2024,12,30,11.229,82.667,20.792,5.7,177.292,142.333,34.958,296.1,17.016,10.0
Jaipur,26.9124,75.7873,2024-12-31,2024,12,31,10.796,84.208,31.25,6.183,154.333,103.25,51.083,212.658,14.812,9.109
Jaipur,26.9124,75.7873,2025-01-01,2025,1,1,10.917,81.625,62.708,4.471,166.5,123.125,43.375,244.396,15.98,9.404
Jaipur,26.9124,75.7873,2025-01-02,2025,1,2,13.567,73.833,89.583,5.425,156.042,97.792,58.25,200.312,14.972,9.75
Jaipur,26.9124,75.7873,2025-01-03,2025,1,3,14.958,75.25,54.875,6.392,170.583,120.5,50.083,255.938,16.368,10.0
Jaipur,26.9124,75.7873,2025-01-04,2025,1,4,15.458,79.583,0.0,7.696,179.667,145.917,33.75,309.612,17.24,10.0
Jaipur,26.9124,75.7873,2025-01-05,2025,1,5,14.95,83.833,0.625,9.858,175.833,141.625,34.208,298.65,16.872,10.0
Jaipur,26.9124,75.7873,2025-01-06,2025,1,6,14.688,83.875,19.083,8.654,162.75,122.083,40.667,254.754,15.612,10.0
Jaipur,26.9124,75.7873,2025-01-07,2025,1,7,12.05,81.458,16.958,8.596,183.208,147.667,35.542,310.104,17.576,10.0
Jaipur,26.9124,75.7873,2025-01-08,2025,1,8,12.312,72.708,0.0,6.625,185.25,151.292,33.958,318.612,17.768,10.0
Jaipur,26.9124,75.7873,2025-01-09,2025,1,9,13.562,69.083,0.0,7.004,185.042,151.042,34.0,317.2,17.748,10.0
Jaipur,26.9124,75.7873,2025-01-10,2025,1,10,13.55,75.417,0.0,11.662,184.625,150.417,34.208,314.154,17.708,10.0
Jaipur,26.9124,75.7873,2025-01-11,2025,1,11,12.421,91.292,33.667,10.167,128.125,79.25,48.875,167.917,12.292,10.0
Jaipur,26.9124,75.7873,2025-01-12,2025,1,12,11.783,91.75,61.208,7.079,121.375,48.667,72.708,96.658,11.632,7.269
Jaipur,26.9124,75.7873,2025-01-13,2025,1,13,12.475,85.75,63.292,8.05,156.458,96.708,59.75,201.904,15.0,10.0
Jaipur,26.9124,75.7873,2025-01-14,2025,1,14,12.412,83.25,24.667,7.15,181.083,141.542,39.542,292.804,17.36,10.0
Jaipur,26.9124,75.7873,2025-01-15,2025,1,15,12.338,81.875,52.0,10.183,150.292,107.125,43.167,217.263,14.416,10.0
Jaipur,26.9124,75.7873,2025-01-16,2025,1,16,13.229,83.833,44.958,7.125,153.958,103.5,50.458,205.212,14.752,9.0
Jaipur,26.9124,75.7873,2025-01-17,2025,1,17,11.008,85.375,20.042,6.817,183.417,137.0,46.417,274.708,17.576,10.044
Jaipur,26.9124,75.7873,2025-01-18,2025,1,18,12.696,85.0,25.0,7.279,187.417,149.667,37.75,304.604,17.96,10.037
Jaipur,26.9124,75.7873,2025-01-19,2025,1,19,17.287,78.583,20.083,7.821,172.625,133.333,39.292,263.592,16.54,10.03
Jaipur,26.9124,75.7873,2025-01-20,2025,1,20,18.496,78.833,18.375,4.571,184.833,147.958,36.875,294.9,17.708,10.023
Jaipur,26.9124,75.7873,2025-01-21,2025,1,21,18.133,76.167,2.958,5.721,185.458,148.917,36.542,295.558,17.764,10.093
Jaipur,26.9124,75.7873,2025-01-22,2025,1,22,17.738,73.167,18.417,9.425,163.458,121.375,42.083,236.838,15.652,10.008
Jaipur,26.9124,75.7873,2025-01-23,2025,1,23,17.062,71.667,21.708,9.538,172.708,130.833,41.875,256.717,16.532,10.079
Jaipur,26.9124,75.7873,2025-01-24,2025,1,24,14.912,61.875,0.0,9.625,201.958,165.5,36.458,328.35,19.332,10.227
Jaipur,26.9124,75.7873,2025-01-25,2025,1,25,13.758,57.375,0.0,8.629,207.875,171.0,36.875,338.362,19.896,10.297
Jaipur,26.9124,75.7873,2025-01-26,2025,1,26,13.996,54.667,0.0,6.712,208.542,171.458,37.083,337.512,19.956,10.289
Jaipur,26.9124,75.7873,2025-01-27,2025,1,27,14.062,59.958,0.0,5.667,209.917,172.5,37.417,337.971,20.084,10.282
Jaipur,26.9124,75.7873,2025-01-28,2025,1,28,14.729,58.625,1.375,5.488,208.583,171.042,37.542,333.287,19.952,10.351
Jaipur,26.9124,75.7873,2025-01-29,2025,1,29,17.058,66.667,13.042,9.617,200.375,162.375,38.0,311.183,19.164,10.344
Jaipur,26.9124,75.7873,2025-01-30,2025,1,30,17.583,64.417,5.792,7.858,206.25,168.208,38.042,324.025,19.724,10.413
Jaipur,26.9124,75.7873,2025-01-31,2025,1,31,17.262,56.708,0.0,6.413,207.042,168.708,38.333,323.062,19.796,10.405
Jaipur,26.9124,75.7873,2025-02-01,2025,2,1,17.092,72.542,2.917,6.85,200.25,159.792,40.458,301.537,19.144,10.321
Jaipur,26.9124,75.7873,2025-02-02,2025,2,2,17.179,73.375,8.25,9.729,196.125,152.958,43.167,286.867,18.748,10.237
Jaipur,26.9124,75.7873,2025-02-03,2025,2,3,17.562,63.375,19.458,10.304,199.458,155.458,44.0,293.575,19.072,10.306
Jaipur,26.9124,75.7873,2025-02-04,2025,2,4,18.45,69.917,33.458,8.842,161.708,110.5,51.208,210.838,15.432,10.45
Jaipur,26.9124,75.7873,2025-02-05,2025,2,5,16.317,57.042,0.0,10.538,217.75,177.583,40.167,331.667,20.8,10.594
Jaipur,26.9124,75.7873,2025-02-06,2025,2,6,15.025,56.625,0.0,7.429,218.5,177.958,40.542,331.229,20.864,10.644
Jaipur,26.9124,75.7873,2025-02-07,2025,2,7,15.4,48.625,17.208,9.638,221.417,180.625,40.792,334.338,21.14,10.656
Jaipur,26.9124,75.7873,2025-02-08,2025,2,8,16.738,49.708,51.875,6.875,213.75,158.417,55.333,287.9,20.416,10.118
Jaipur,26.9124,75.7873,2025-02-09,2025,2,9,17.7,54.417,11.75,5.492,217.667,170.75,46.917,313.3,20.772,10.681
Jaipur,26.9124,75.7873,2025-02-10,2025,2,10,19.142,55.833,41.375,7.358,213.667,165.583,48.083,301.192,20.388,10.694
Jaipur,26.9124,75.7873,2025-02-11,2025,2,11,19.812,55.292,8.208,7.808,221.583,180.0,41.583,325.346,21.14,10.706
Jaipur,26.9124,75.7873,2025-02-12,2025,2,12,18.475,49.417,5.833,12.121,226.792,184.5,42.292,331.821,21.632,10.718
Jaipur,26.9124,75.7873,2025-02-13,2025,2,13,17.233,51.292,0.0,9.117,227.208,184.583,42.625,330.8,21.668,10.729
Jaipur,26.9124,75.7873,2025-02-14,2025,2,14,19.196,47.417,12.458,6.554,222.917,180.125,42.792,319.046,21.256,10.741
Jaipur,26.9124,75.7873,2025-02-15,2025,2,15,21.304,53.958,16.042,8.258,223.25,180.042,43.208,315.483,21.284,10.753
Jaipur,26.9124,75.7873,2025-02-16,2025,2,16,20.779,58.958,16.625,7.692,225.625,180.417,45.208,314.354,21.528,10.658
Jaipur,26.9124,75.7873,2025-02-17,2025,2,17,21.596,57.0,39.5,10.392,200.0,150.708,49.292,258.175,19.064,10.725
Jaipur,26.9124,75.7873,2025-02-18,2025,2,18,21.046,62.292,36.958,8.208,197.458,146.75,50.708,257.704,18.816,10.786
Jaipur,26.9124,75.7873,2025-02-19,2025,2,19,20.358,67.708,49.417,7.587,188.167,111.208,76.958,200.304,17.928,10.563
Jaipur,26.9124,75.7873,2025-02-20,2025,2,20,21.067,60.042,8.667,12.0,222.333,175.458,46.875,305.096,21.168,10.808
Jaipur,26.9124,75.7873,2025-02-21,2025,2,21,19.767,49.375,4.083,11.758,239.667,194.167,45.5,333.129,22.816,10.882
Jaipur,26.9124,75.7873,2025-02-22,2025,2,22,18.821,56.292,0.25,8.05,234.542,189.667,44.875,324.608,22.328,10.885
Jaipur,26.9124,75.7873,2025-02-23,2025,2,23,19.533,56.0,0.0,6.058,239.417,194.083,45.333,330.612,22.788,10.961
Jaipur,26.9124,75.7873,2025-02-24,2025,2,24,20.821,55.042,0.417,6.317,239.417,194.292,45.125,329.471,22.784,10.963
Jaipur,26.9124,75.7873,2025-02-25,2025,2,25,21.388,54.875,60.292,8.1,227.0,166.125,60.875,273.742,21.604,11.038
Jaipur,26.9124,75.7873,2025-02-26,2025,2,26,23.492,52.208,42.5,8.108,218.042,148.75,69.292,244.233,20.724,10.872
Jaipur,26.9124,75.7873,2025-02-27,2025,2,27,23.021,58.833,89.917,9.542,145.958,51.25,94.708,83.433,13.912,8.007
Jaipur,26.9124,75.7873,2025-02-28,2025,2,28,21.967,66.25,69.208,8.712,125.667,40.167,85.5,68.417,11.924,5.569
Jaipur,26.9124,75.7873,2025-03-01,2025,3,1,21.812,69.375,26.917,8.033,223.042,174.0,49.042,284.646,21.212,11.116
Jaipur,26.9124,75.7873,2025-03-02,2025,3,2,21.358,64.292,10.25,10.25,221.542,166.917,54.625,284.121,21.036,11.19
Jaipur,26.9124,75.7873,2025-03-03,2025,3,3,22.296,42.417,2.458,10.688,241.792,194.333,47.458,321.554,22.972,11.336
Jaipur,26.9124,75.7873,2025-03-04,2025,3,4,20.183,37.667,0.083,16.675,266.208,218.542,47.667,360.221,25.284,11.481
Jaipur,26.9124,75.7873,2025-03-05,2025,3,5,18.45,38.542,0.0,16.592,268.375,220.375,48.0,361.108,25.764,11.554
Jaipur,26.9124,75.7873,2025-03-06,2025,3,6,20.292,33.042,0.0,12.429,265.792,218.0,47.792,355.529,25.516,11.622
Jaipur,26.9124,75.7873,2025-03-07,2025,3,7,22.242,36.75,0.0,9.362,262.292,214.875,47.417,348.942,25.18,11.648
Jaipur,26.9124,75.7873,2025-03-08,2025,3,8,22.15,44.083,0.0,5.9,267.667,219.667,48.0,355.2,25.696,11.674
Jaipur,26.9124,75.7873,2025-03-09,2025,3,9,24.246,37.792,6.708,10.621,262.833,215.083,47.75,346.2,25.232,11.701
Jaipur,26.9124,75.7873,2025-03-10,2025,3,10,25.175,43.667,24.75,10.138,262.708,215.083,47.625,343.779,25.22,11.727
Jaipur,26.9124,75.7873,2025-03-11,2025,3,11,26.6,43.583,17.417,9.962,259.5,206.25,53.25,326.525,24.912,11.754
Jaipur,26.9124,75.7873,2025-03-12,2025,3,12,25.95,52.917,20.958,8.388,258.875,208.833,50.042,325.762,24.852,11.775
Jaipur,26.9124,75.7873,2025-03-13,2025,3,13,26.833,47.125,40.292,7.504,252.667,201.917,50.75,308.171,24.256,11.683
Jaipur,26.9124,75.7873,2025-03-14,2025,3,14,25.892,54.667,47.583,8.179,244.25,175.458,68.792,273.296,23.448,11.811
Jaipur,26.9124,75.7873,2025-03-15,2025,3,15,25.521,46.792,36.417,12.117,254.375,178.458,75.917,283.938,24.42,11.829
Jaipur,26.9124,75.7873,2025-03-16,2025,3,16,24.121,50.333,11.292,12.288,235.583,181.542,54.042,291.675,22.616,11.848
Jaipur,26.9124,75.7873,2025-03-17,2025,3,17,23.071,44.708,7.875,9.258,275.833,225.417,50.417,351.804,26.48,11.866
Jaipur,26.9124,75.7873,2025-03-18,2025,3,18,22.671,47.708,4.458,6.667,281.542,230.667,50.875,359.95,27.028,11.885
Jaipur,26.9124,75.7873,2025-03-19,2025,3,19,24.175,40.042,6.417,7.283,280.667,230.25,50.417,357.033,26.944,11.903
Jaipur,26.9124,75.7873,2025-03-20,2025,3,20,25.3,38.875,24.75,10.233,236.417,165.958,70.458,256.992,22.696,11.922
Jaipur,26.9124,75.7873,2025-03-21,2025,3,21,25.154,39.333,8.167,8.671,261.917,202.667,59.25,319.992,25.144,11.94
Jaipur,26.9124,75.7873,2025-03-22,2025,3,22,24.762,39.667,1.667,9.312,281.667,227.792,53.875,351.892,27.04,11.959
Jaipur,26.9124,75.7873,2025-03-23,2025,3,23,25.037,39.542,0.0,7.779,289.417,237.625,51.792,364.492,27.784,11.978
Jaipur,26.9124,75.7873,2025-03-24,2025,3,24,26.129,39.5,0.0,8.925,287.417,235.708,51.708,359.967,27.588,11.996
Jaipur,26.9124,75.7873,2025-03-25,2025,3,25,27.7,33.542,0.0,9.029,290.667,238.542,52.125,363.504,27.9,12.0
Jaipur,26.9124,75.7873,2025-03-26,2025,3,26,28.317,34.625,0.0,6.163,290.875,238.458,52.417,362.154,27.92,12.0
Jaipur,26.9124,75.7873,2025-03-27,2025,3,27,28.492,34.333,2.042,11.671,284.0,229.583,54.417,344.771,27.26,12.0
Jaipur,26.9124,75.7873,2025-03-28,2025,3,28,25.017,22.542,1.25,14.842,311.625,257.083,54.542,388.667,29.912,12.0
Jaipur,26.9124,75.7873,2025-03-29,2025,3,29,23.317,25.042,69.042,14.175,285.0,200.667,84.333,292.217,27.356,11.385
Jaipur,26.9124,75.7873,2025-03-30,2025,3,30,24.362,29.042,25.583,9.254,299.125,238.542,60.583,360.325,28.712,12.0
Jaipur,26.9124,75.7873,2025-03-31,2025,3,31,25.279,30.5,0.0,6.808,304.583,250.292,54.292,375.646,29.236,12.0
Jaipur,26.9124,75.7873,2025-04-01,2025,4,1,26.588,28.542,0.0,8.2,303.417,249.083,54.333,372.546,29.124,12.0
Jaipur,26.9124,75.7873,2025-04-02,2025,4,2,27.346,25.875,0.042,8.633,304.792,249.958,54.833,372.65,29.252,12.0
Jaipur,26.9124,75.7873,2025-04-03,2025,4,3,28.404,28.042,19.625,11.146,269.208,194.75,74.458,289.525,25.836,12.0
Jaipur,26.9124,75.7873,2025-04-04,2025,4,4,29.312,31.25,2.25,9.8,295.042,237.917,57.125,355.233,28.316,12.0
Jaipur,26.9124,75.7873,2025-04-05,2025,4,5,29.258,31.167,0.0,10.1,300.083,245.333,54.75,362.592,28.8,12.0
Jaipur,26.9124,75.7873,2025-04-06,2025,4,6,30.267,33.708,0.0,8.275,301.833,246.917,54.917,363.775,28.968,12.0
Jaipur,26.9124,75.7873,2025-04-07,2025,4,7,32.258,31.458,0.0,9.804,304.125,248.792,55.333,365.15,29.188,12.0
Jaipur,26.9124,75.7873,2025-04-08,2025,4,8,33.05,31.917,9.083,8.938,294.042,237.083,56.958,332.358,28.22,11.388
Jaipur,26.9124,75.7873,2025-04-09,2025,4,9,33.95,29.625,19.708,13.021,290.167,225.5,64.667,317.412,27.848,11.526
Jaipur,26.9124,75.7873,2025-04-10,2025,4,10,32.7,28.542,16.292,11.667,278.5,201.333,77.167,303.062,26.724,12.0
Jaipur,26.9124,75.7873,2025-04-11,2025,4,11,29.971,35.917,42.917,13.708,278.167,207.708,70.458,285.792,26.696,11.252
Jaipur,26.9124,75.7873,2025-04-12,2025,4,12,29.067,44.0,19.167,9.775,296.667,238.833,57.833,344.0,28.468,12.0
Jaipur,26.9124,75.7873,2025-04-13,2025,4,13,29.646,42.583,0.375,7.304,306.458,249.583,56.875,360.383,29.404,12.0
Jaipur,26.9124,75.7873,2025-04-14,2025,4,14,30.996,38.375,0.0,10.354,305.042,247.708,57.333,356.208,29.268,12.0
Jaipur,26.9124,75.7873,2025-04-15,2025,4,15,31.45,37.875,2.167,10.775,303.958,246.583,57.375,352.621,29.164,12.0
Jaipur,26.9124,75.7873,2025-04-16,2025,4,16,32.229,37.833,1.625,8.992,303.833,246.208,57.625,353.179,29.152,12.0
Jaipur,26.9124,75.7873,2025-04-17,2025,4,17,33.617,32.708,11.792,9.542,302.458,244.25,58.208,343.504,29.02,12.0
Jaipur,26.9124,75.7873,2025-04-18,2025,4,18,34.479,26.458,5.083,13.642,292.583,224.0,68.583,324.938,28.068,12.0
Jaipur,26.9124,75.7873,2025-04-19,2025,4,19,33.467,22.833,0.0,12.671,320.833,262.042,58.792,375.35,30.78,12.0
Jaipur,26.9124,75.7873,2025-04-20,2025,4,20,33.221,28.667,0.917,11.746,309.75,250.542,59.208,353.888,29.716,12.0
Jaipur,26.9124,75.7873,2025-04-21,2025,4,21,32.312,16.208,2.333,13.779,332.625,272.083,60.542,388.454,31.908,12.052
Jaipur,26.9124,75.7873,2025-04-22,2025,4,22,30.854,18.167,0.083,11.138,331.208,270.792,60.417,386.292,31.768,12.045
Jaipur,26.9124,75.7873,2025-04-23,2025,4,23,30.175,18.667,0.0,10.538,335.542,274.5,61.042,390.908,32.184,12.111
Jaipur,26.9124,75.7873,2025-04-24,2025,4,24,31.4,17.75,0.0,12.467,328.542,268.167,60.375,380.792,31.512,12.105
Jaipur,26.9124,75.7873,2025-04-25,2025,4,25,32.9,21.125,11.708,11.733,312.625,246.25,66.375,348.225,29.984,12.098
Jaipur,26.9124,75.7873,2025-04-26,2025,4,26,32.983,22.833,35.833,10.996,265.958,190.833,75.125,264.429,25.508,12.091
Jaipur,26.9124,75.7873,2025-04-27,2025,4,27,32.733,25.375,4.5,5.712,317.625,253.458,64.167,361.433,30.46,12.158
Jaipur,26.9124,75.7873,2025-04-28,2025,4,28,32.633,24.958,0.042,10.737,327.458,266.5,60.958,376.554,31.404,12.226
Jaipur,26.9124,75.7873,2025-04-29,2025,4,29,31.879,33.083,4.833,11.462,321.708,257.292,64.417,362.954,30.852,12.22
Jaipur,26.9124,75.7873,2025-04-30,2025,4,30,32.7,38.875,12.25,10.329,315.167,253.75,61.417,350.267,30.232,12.214
Jaipur,26.9124,75.7873,2025-05-01,2025,5,1,33.471,37.833,14.792,11.929,317.083,255.167,61.917,348.917,30.412,12.022
Jaipur,26.9124,75.7873,2025-05-02,2025,5,2,29.746,46.708,29.375,14.625,309.083,241.958,67.125,341.658,29.636,12.276
Jaipur,26.9124,75.7873,2025-05-03,2025,5,3,28.867,53.042,40.583,10.854,295.792,224.417,71.375,307.858,28.384,11.946
Jaipur,26.9124,75.7873,2025-05-04,2025,5,4,28.25,50.25,57.0,8.5,287.917,212.167,75.75,263.05,27.612,9.909
Jaipur,26.9124,75.7873,2025-05-05,2025,5,5,27.054,53.708,32.917,5.521,294.958,217.875,77.083,299.946,28.28,12.261
Jaipur,26.9124,75.7873,2025-05-06,2025,5,6,26.346,60.042,78.667,5.525,268.583,191.875,76.708,259.8,25.752,11.79
Jaipur,26.9124,75.7873,2025-05-07,2025,5,7,28.058,53.75,64.0,6.467,253.708,182.333,71.375,249.096,24.328,12.043
Jaipur,26.9124,75.7873,2025-05-08,2025,5,8,28.071,59.125,37.75,6.246,257.417,182.75,74.667,239.821,24.672,11.613
Jaipur,26.9124,75.7873,2025-05-09,2025,5,9,28.546,60.667,26.5,4.2,272.417,202.458,69.958,278.238,26.116,12.317
Jaipur,26.9124,75.7873,2025-05-10,2025,5,10,30.475,54.708,21.958,5.721,289.542,222.125,67.417,293.558,27.752,12.087
Jaipur,26.9124,75.7873,2025-05-11,2025,5,11,31.642,46.167,16.708,5.938,298.417,229.417,69.0,317.162,28.604,12.46
Jaipur,26.9124,75.7873,2025-05-12,2025,5,12,31.55,42.292,22.042,9.021,298.792,232.625,66.167,314.463,28.632,12.457
Jaipur,26.9124,75.7873,2025-05-13,2025,5,13,31.996,39.917,10.625,9.546,298.75,228.083,70.667,316.05,28.624,12.453
Jaipur,26.9124,75.7873,2025-05-14,2025,5,14,32.958,37.125,5.917,11.908,304.625,232.958,71.667,322.35,29.184,12.629
Jaipur,26.9124,75.7873,2025-05-15,2025,5,15,33.925,34.333,4.208,12.967,316.958,251.833,65.125,350.037,30.364,12.698
Jaipur,26.9124,75.7873,2025-05-16,2025,5,16,35.104,34.0,10.042,12.358,303.042,230.083,72.958,321.925,29.028,12.767
Jaipur,26.9124,75.7873,2025-05-17,2025,5,17,35.292,35.25,7.625,15.212,304.958,237.333,67.625,321.842,29.212,12.684
Jaipur,26.9124,75.7873,2025-05-18,2025,5,18,35.958,35.792,3.417,15.529,308.083,238.583,69.5,332.117,29.508,12.754
Jaipur,26.9124,75.7873,2025-05-19,2025,5,19,36.367,34.417,3.25,15.188,316.542,249.292,67.25,344.75,30.316,12.748
Jaipur,26.9124,75.7873,2025-05-20,2025,5,20,36.225,33.75,2.667,18.346,314.75,248.542,66.208,342.525,30.144,12.742
Jaipur,26.9124,75.7873,2025-05-21,2025,5,21,36.662,30.833,6.667,16.267,296.417,225.625,70.792,312.229,28.392,12.738
Jaipur,26.9124,75.7873,2025-05-22,2025,5,22,33.796,40.958,8.292,9.142,309.167,239.75,69.417,321.5,29.62,12.659
Jaipur,26.9124,75.7873,2025-05-23,2025,5,23,34.642,42.042,2.0,10.242,315.958,247.125,68.833,340.025,30.26,12.725
Jaipur,26.9124,75.7873,2025-05-24,2025,5,24,35.175,45.458,5.292,15.212,305.708,234.917,70.792,319.654,29.276,12.72
Jaipur,26.9124,75.7873,2025-05-25,2025,5,25,30.933,57.042,13.833,15.308,298.292,228.083,70.208,304.604,28.572,12.578
Jaipur,26.9124,75.7873,2025-05-26,2025,5,26,32.067,58.542,9.708,10.4,290.792,215.5,75.292,298.408,27.836,12.633
Jaipur,26.9124,75.7873,2025-05-27,2025,5,27,33.179,54.417,10.542,10.808,283.542,209.792,73.75,292.179,27.144,12.628
Jaipur,26.9124,75.7873,2025-05-28,2025,5,28,34.017,51.0,5.583,8.567,307.708,237.958,69.75,318.454,29.464,12.623
Jaipur,26.9124,75.7873,2025-05-29,2025,5,29,32.658,50.625,40.917,7.725,253.833,171.0,82.833,221.246,24.288,12.123
Jaipur,26.9124,75.7873,2025-05-30,2025,5,30,31.871,47.625,45.5,8.971,265.542,183.458,82.083,239.846,25.424,12.262
Jaipur,26.9124,75.7873,2025-05-31,2025,5,31,33.062,43.958,43.0,14.733,271.0,192.583,78.417,251.821,25.944,12.143
Jaipur,26.9124,75.7873,2025-06-01,2025,6,1,32.412,43.417,19.917,15.729,297.417,226.292,71.125,298.721,28.492,12.572
Jaipur,26.9124,75.7873,2025-06-02,2025,6,2,30.454,51.667,45.417,11.633,276.667,201.083,75.583,270.55,26.492,12.572
Jaipur,26.9124,75.7873,2025-06-03,2025,6,3,26.738,70.042,48.625,7.167,228.167,140.333,87.833,191.442,21.82,12.025
Jaipur,26.9124,75.7873,2025-06-04,2025,6,4,27.367,63.0,37.708,7.775,251.083,150.5,100.583,218.1,24.012,12.517
Jaipur,26.9124,75.7873,2025-06-05,2025,6,5,29.15,54.167,5.167,5.05,303.583,226.542,77.042,306.917,29.044,12.592
Jaipur,26.9124,75.7873,2025-06-06,2025,6,6,32.117,48.875,15.792,9.971,265.458,184.708,80.75,248.471,25.392,12.433
Jaipur,26.9124,75.7873,2025-06-07,2025,6,7,34.288,43.417,10.125,9.888,300.0,224.292,75.708,299.996,28.7,12.586
Jaipur,26.9124,75.7873,2025-06-08,2025,6,8,35.396,32.083,0.708,15.138,314.625,240.75,73.875,323.725,30.096,12.741
Jaipur,26.9124,75.7873,2025-06-09,2025,6,9,36.262,25.167,0.417,18.121,319.167,244.708,74.458,330.996,30.528,12.817
Jaipur,26.9124,75.7873,2025-06-10,2025,6,10,36.25,28.167,0.0,17.971,319.917,244.875,75.042,330.65,30.6,12.736
Jaipur,26.9124,75.7873,2025-06-11,2025,6,11,36.254,32.25,1.625,14.721,306.167,230.0,76.167,310.638,29.28,12.656
Jaipur,26.9124,75.7873,2025-06-12,2025,6,12,36.904,31.542,5.0,10.888,311.458,232.708,78.75,312.275,29.788,12.654
Jaipur,26.9124,75.7873,2025-06-13,2025,6,13,35.558,44.208,14.583,9.671,268.333,188.958,79.375,258.175,25.66,12.495
Jaipur,26.9124,75.7873,2025-06-14,2025,6,14,34.271,49.667,13.75,6.329,293.875,216.917,76.958,287.154,28.116,12.342
Jaipur,26.9124,75.7873,2025-06-15,2025,6,15,31.825,57.333,72.458,6.754,235.375,138.375,97.0,174.092,22.552,10.26
Jaipur,26.9124,75.7873,2025-06-16,2025,6,16,29.938,70.5,70.917,10.2,204.583,111.917,92.667,145.508,19.556,9.598
Jaipur,26.9124,75.7873,2025-06-17,2025,6,17,28.758,78.417,84.625,9.712,184.958,88.208,96.75,112.15,17.684,8.8
Jaipur,26.9124,75.7873,2025-06-18,2025,6,18,27.988,82.458,93.375,8.954,145.292,58.875,86.417,71.771,13.916,6.154
Jaipur,26.9124,75.7873,2025-06-19,2025,6,19,28.583,82.917,92.208,5.867,163.833,68.625,95.208,94.817,15.66,8.676
Jaipur,26.9124,75.7873,2025-06-20,2025,6,20,26.996,91.958,99.5,7.946,63.625,7.583,56.042,10.192,6.052,0.224
Jaipur,26.9124,75.7873,2025-06-21,2025,6,21,28.421,85.833,88.75,4.658,175.5,90.083,85.417,115.954,16.748,7.0
Jaipur,26.9124,75.7873,2025-06-22,2025,6,22,29.683,81.708,84.75,4.579,231.708,134.833,96.875,167.942,22.156,10.695
Jaipur,26.9124,75.7873,2025-06-23,2025,6,23,29.108,85.0,75.417,9.071,186.458,88.958,97.5,118.238,17.836,9.864
Jaipur,26.9124,75.7873,2025-06-24,2025,6,24,29.454,84.417,39.292,6.462,197.958,116.583,81.375,143.1,18.928,8.92
Jaipur,26.9124,75.7873,2025-06-25,2025,6,25,29.525,84.333,87.25,7.646,171.083,64.0,107.083,84.954,16.336,6.742
Jaipur,26.9124,75.7873,2025-06-26,2025,6,26,30.229,78.917,77.333,11.783,228.417,138.5,89.917,189.333,21.816,12.05
Jaipur,26.9124,75.7873,2025-06-27,2025,6,27,28.942,83.625,79.708,8.912,189.958,89.708,100.25,122.925,18.136,10.795
Jaipur,26.9124,75.7873,2025-06-28,2025,6,28,29.171,80.042,91.375,8.254,195.958,101.75,94.208,127.129,18.736,9.905
Jaipur,26.9124,75.7873,2025-06-29,2025,6,29,29.204,76.208,97.125,8.946,193.625,89.5,104.125,109.917,18.504,7.637
Jaipur,26.9124,75.7873,2025-06-30,2025,6,30,28.767,77.875,96.75,11.579,139.0,42.417,96.583,58.613,13.248,4.565
Jaipur,26.9124,75.7873,2025-07-01,2025,7,1,28.287,83.208,93.208,6.583,143.042,47.833,95.208,63.883,13.668,5.218
Jaipur,26.9124,75.7873,2025-07-02,2025,7,2,28.488,86.125,72.167,6.433,216.75,120.375,96.375,149.142,20.716,9.516
Jaipur,26.9124,75.7873,2025-07-03,2025,7,3,28.9,84.458,84.458,6.096,197.667,110.917,86.75,148.917,18.892,10.945
Jaipur,26.9124,75.7873,2025-07-04,2025,7,4,29.158,85.083,90.792,4.567,198.25,101.083,97.167,117.125,18.988,7.416
Jaipur,26.9124,75.7873,2025-07-05,2025,7,5,28.325,85.625,86.333,7.675,126.708,25.25,101.458,34.925,12.084,1.716
Jaipur,26.9124,75.7873,2025-07-06,2025,7,6,29.75,81.0,84.583,6.958,224.917,132.625,92.292,164.758,21.52,10.095
Jaipur,26.9124,75.7873,2025-07-07,2025,7,7,28.271,83.375,92.583,4.85,148.083,52.125,95.958,71.454,14.132,5.149
Jaipur,26.9124,75.7873,2025-07-08,2025,7,8,30.158,75.708,69.333,8.879,251.417,163.25,88.167,207.167,24.04,11.235
Jaipur,26.9124,75.7873,2025-07-09,2025,7,9,29.142,76.458,97.167,8.892,229.292,130.625,98.667,163.371,21.94,10.326
Jaipur,26.9124,75.7873,2025-07-10,2025,7,10,27.221,82.875,98.333,5.783,145.583,49.792,95.792,56.329,13.912,4.109
Jaipur,26.9124,75.7873,2025-07-11,2025,7,11,26.929,88.292,90.042,7.604,182.75,87.083,95.667,114.733,17.512,9.522
Jaipur,26.9124,75.7873,2025-07-12,2025,7,12,26.95,86.083,99.25,6.883,76.667,12.292,64.375,17.592,7.3,0.176
Jaipur,26.9124,75.7873,2025-07-13,2025,7,13,27.321,87.333,99.667,7.971,121.125,38.125,83.0,43.467,11.576,3.832
Jaipur,26.9124,75.7873,2025-07-14,2025,7,14,26.179,92.167,99.792,9.704,95.292,32.667,62.625,40.275,9.1,3.137
Jaipur,26.9124,75.7873,2025-07-15,2025,7,15,26.583,89.083,92.167,13.946,115.958,56.167,59.792,81.996,11.048,5.285
Jaipur,26.9124,75.7873,2025-07-16,2025,7,16,27.75,83.75,93.958,8.846,189.292,93.917,95.375,119.846,18.092,9.096
Jaipur,26.9124,75.7873,2025-07-17,2025,7,17,27.254,89.542,99.292,7.467,85.083,14.083,71.0,19.854,8.096,0.294
Jaipur,26.9124,75.7873,2025-07-18,2025,7,18,26.688,90.125,95.625,13.783,120.25,48.0,72.25,67.675,11.512,5.051
Jaipur,26.9124,75.7873,2025-07-19,2025,7,19,25.667,90.625,86.667,19.6,73.958,8.792,65.167,12.95,7.052,0.045
Jaipur,26.9124,75.7873,2025-07-20,2025,7,20,27.8,79.292,80.625,10.179,172.875,56.25,116.625,92.617,16.52,8.214
Jaipur,26.9124,75.7873,2025-07-21,2025,7,21,28.571,81.708,97.208,6.337,132.0,29.417,102.583,36.496,12.604,2.509
Jaipur,26.9124,75.7873,2025-07-22,2025,7,22,29.0,82.417,90.708,6.754,151.792,59.875,91.917,85.621,14.508,6.527
Jaipur,26.9124,75.7873,2025-07-23,2025,7,23,28.146,86.833,96.542,8.267,69.208,13.917,55.292,21.208,6.584,1.002
Jaipur,26.9124,75.7873,2025-07-24,2025,7,24,29.583,74.667,37.75,10.712,230.292,137.792,92.5,186.104,22.02,12.0
Jaipur,26.9124,75.7873,2025-07-25,2025,7,25,29.917,74.875,69.167,10.279,225.417,121.75,103.667,161.767,21.56,11.103
Jaipur,26.9124,75.7873,2025-07-26,2025,7,26,27.975,84.625,98.542,7.825,162.375,68.458,93.917,91.117,15.528,5.5
Jaipur,26.9124,75.7873,2025-07-27,2025,7,27,29.129,83.583,97.917,9.433,149.083,61.917,87.167,83.158,14.256,5.937
Jaipur,26.9124,75.7873,2025-07-28,2025,7,28,29.796,82.375,86.208,9.971,213.375,124.458,88.917,161.038,20.42,10.388
Jaipur,26.9124,75.7873,2025-07-29,2025,7,29,28.496,83.625,99.792,11.967,136.042,32.125,103.917,43.962,13.028,3.361
Jaipur,26.9124,75.7873,2025-07-30,2025,7,30,26.579,90.875,99.667,12.054,78.167,19.583,58.583,24.0,7.476,1.242
Jaipur,26.9124,75.7873,2025-07-31,2025,7,31,25.592,93.583,99.958,13.604,48.25,3.5,44.75,4.458,4.608,0.0
Jaipur,26.9124,75.7873,2025-08-01,2025,8,1,27.213,87.0,79.125,12.338,184.333,97.292,87.042,119.479,17.64,8.406
Jaipur,26.9124,75.7873,2025-08-02,2025,8,2,28.375,81.292,77.042,11.896,203.042,112.875,90.167,147.854,19.428,10.92
Jaipur,26.9124,75.7873,2025-08-03,2025,8,3,28.988,75.083,85.917,12.708,205.375,111.167,94.208,145.629,19.648,9.467
Jaipur,26.9124,75.7873,2025-08-04,2025,8,4,28.867,76.583,99.167,12.975,174.0,55.208,118.792,68.587,16.668,6.909
Jaipur,26.9124,75.7873,2025-08-05,2025,8,5,28.883,74.958,79.333,12.429,178.833,70.708,108.125,106.258,17.112,9.132
Jaipur,26.9124,75.7873,2025-08-06,2025,8,6,28.725,74.125,51.375,11.071,205.542,103.375,102.167,145.554,19.672,11.479
Jaipur,26.9124,75.7873,2025-08-07,2025,8,7,29.021,73.583,34.292,11.646,237.25,153.375,83.875,210.821,22.716,12.0
Jaipur,26.9124,75.7873,2025-08-08,2025,8,8,29.283,71.833,77.333,10.925,234.167,136.417,97.75,177.558,22.444,9.909
Jaipur,26.9124,75.7873,2025-08-09,2025,8,9,27.912,80.042,72.833,8.992,180.458,86.583,93.875,124.492,17.284,7.819
Jaipur,26.9124,75.7873,2025-08-10,2025,8,10,28.2,79.333,68.583,8.788,147.083,67.292,79.792,99.846,14.08,9.372
Jaipur,26.9124,75.7873,2025-08-11,2025,8,11,29.333,74.667,86.625,12.271,197.875,98.667,99.208,125.704,18.972,9.229
Jaipur,26.9124,75.7873,2025-08-12,2025,8,12,29.754,70.417,92.708,11.987,242.5,148.667,93.833,188.546,23.24,10.166
Jaipur,26.9124,75.7873,2025-08-13,2025,8,13,29.529,71.833,97.667,7.738,195.125,84.917,110.208,123.317,18.692,10.342
Jaipur,26.9124,75.7873,2025-08-14,2025,8,14,27.408,87.417,97.75,6.0,111.208,20.083,91.125,28.229,10.644,2.158
Jaipur,26.9124,75.7873,2025-08-15,2025,8,15,28.213,84.75,59.792,4.812,175.458,89.917,85.542,117.154,16.816,9.61
Jaipur,26.9124,75.7873,2025-08-16,2025,8,16,29.196,83.667,54.75,6.946,225.417,146.0,79.417,190.646,21.612,10.795
Jaipur,26.9124,75.7873,2025-08-17,2025,8,17,29.846,77.375,58.667,11.958,226.917,142.958,83.958,196.442,21.748,11.67
Jaipur,26.9124,75.7873,2025-08-18,2025,8,18,29.483,80.417,54.542,12.496,211.292,131.792,79.5,174.546,20.252,11.004
Jaipur,26.9124,75.7873,2025-08-19,2025,8,19,29.254,80.417,27.042,12.492,238.375,161.708,76.667,220.608,22.856,12.0
Jaipur,26.9124,75.7873,2025-08-20,2025,8,20,29.325,79.417,28.458,13.454,222.292,143.75,78.542,197.838,21.316,11.685
Jaipur,26.9124,75.7873,2025-08-21,2025,8,21,27.558,86.333,94.375,8.492,170.583,76.083,94.5,94.012,16.356,6.836
Jaipur,26.9124,75.7873,2025-08-22,2025,8,22,27.383,87.083,94.958,10.412,113.583,41.5,72.083,61.046,10.892,4.614
Jaipur,26.9124,75.7873,2025-08-23,2025,8,23,26.217,90.75,95.292,11.675,93.292,26.125,67.167,29.55,8.952,2.599
Jaipur,26.9124,75.7873,2025-08-24,2025,8,24,26.1,91.083,98.917,4.225,89.625,21.75,67.875,32.688,8.596,2.02
Jaipur,26.9124,75.7873,2025-08-25,2025,8,25,26.775,89.417,99.75,5.229,100.25,35.875,64.375,47.371,9.616,3.181
Jaipur,26.9124,75.7873,2025-08-26,2025,8,26,27.654,84.375,85.458,6.821,168.417,87.75,80.667,108.887,16.156,7.411
Jaipur,26.9124,75.7873,2025-08-27,2025,8,27,28.062,82.667,66.917,5.012,189.25,104.583,84.667,143.204,18.152,11.156
Jaipur,26.9124,75.7873,2025-08-28,2025,8,28,28.642,84.667,74.167,4.337,174.875,87.083,87.792,117.429,16.78,9.949
Jaipur,26.9124,75.7873,2025-08-29,2025,8,29,28.375,86.792,99.333,5.038,134.708,41.5,93.208,67.783,12.924,6.438
Jaipur,26.9124,75.7873,2025-08-30,2025,8,30,28.446,85.417,98.583,8.4,191.042,99.958,91.083,132.754,18.336,9.509
Jaipur,26.9124,75.7873,2025-08-31,2025,8,31,26.125,91.417,99.917,4.796,84.167,15.792,68.375,19.038,8.076,1.215
Jaipur,26.9124,75.7873,2025-09-01,2025,9,1,25.162,93.542,98.792,10.629,51.375,9.583,41.792,22.092,4.928,1.707
Jaipur,26.9124,75.7873,2025-09-02,2025,9,2,26.521,90.167,86.083,11.358,145.917,75.292,70.625,97.962,14.004,6.373
Jaipur,26.9124,75.7873,2025-09-03,2025,9,3,26.721,87.333,87.917,7.358,148.833,66.875,81.958,99.058,14.284,7.584
Jaipur,26.9124,75.7873,2025-09-04,2025,9,4,26.842,87.75,94.292,11.217,163.417,70.833,92.583,99.817,15.684,8.724
Jaipur,26.9124,75.7873,2025-09-05,2025,9,5,26.104,91.125,92.75,17.017,79.833,21.833,58.0,32.283,7.664,1.98
Jaipur,26.9124,75.7873,2025-09-06,2025,9,6,27.05,87.583,85.833,16.842,166.292,82.75,83.542,114.317,15.964,9.495
Jaipur,26.9124,75.7873,2025-09-07,2025,9,7,27.021,85.708,66.167,13.688,176.5,90.75,85.75,127.996,16.944,9.648
Jaipur,26.9124,75.7873,2025-09-08,2025,9,8,26.95,79.5,43.792,10.242,184.75,81.25,103.5,135.508,17.736,9.568
Jaipur,26.9124,75.7873,2025-09-09,2025,9,9,28.004,76.042,16.292,7.071,239.75,161.125,78.625,235.912,23.016,12.0
Jaipur,26.9124,75.7873,2025-09-10,2025,9,10,28.15,74.75,39.792,13.371,215.875,129.958,85.917,195.079,20.724,11.786
Jaipur,26.9124,75.7873,2025-09-11,2025,9,11,27.883,73.208,53.167,13.117,208.0,114.875,93.125,166.596,19.968,10.051
Jaipur,26.9124,75.7873,2025-09-12,2025,9,12,28.108,72.542,48.292,10.367,215.542,132.458,83.083,185.263,20.692,10.531
Jaipur,26.9124,75.7873,2025-09-13,2025,9,13,28.638,70.167,22.833,8.179,236.292,165.417,70.875,237.392,22.684,11.932
Jaipur,26.9124,75.7873,2025-09-14,2025,9,14,29.196,70.542,20.792,8.729,230.375,164.833,65.542,240.996,22.116,11.73
Jaipur,26.9124,75.7873,2025-09-15,2025,9,15,28.75,71.375,47.917,9.558,244.0,179.875,64.125,266.883,23.424,11.963
Jaipur,26.9124,75.7873,2025-09-16,2025,9,16,28.246,73.167,68.208,8.296,255.542,188.25,67.292,274.908,24.532,11.892
Jaipur,26.9124,75.7873,2025-09-17,2025,9,17,28.713,69.917,49.833,8.763,240.083,170.083,70.0,250.396,22.868,11.758
Jaipur,26.9124,75.7873,2025-09-18,2025,9,18,28.717,71.875,21.75,7.475,228.292,160.542,67.75,236.829,21.744,11.767
Jaipur,26.9124,75.7873,2025-09-19,2025,9,19,28.333,72.958,17.458,8.162,229.167,167.0,62.167,249.108,21.844,11.489
Jaipur,26.9124,75.7873,2025-09-20,2025,9,20,28.525,72.958,15.667,8.604,232.208,169.333,62.875,252.267,22.132,11.642
Jaipur,26.9124,75.7873,2025-09-21,2025,9,21,29.229,69.625,6.208,10.15,255.208,195.333,59.875,294.088,24.332,11.795
Jaipur,26.9124,75.7873,2025-09-22,2025,9,22,29.196,67.667,0.667,9.838,257.542,198.5,59.042,300.158,24.56,11.733
Jaipur,26.9124,75.7873,2025-09-23,2025,9,23,29.042,68.042,0.5,10.508,255.958,197.292,58.667,298.65,24.42,11.599
Jaipur,26.9124,75.7873,2025-09-24,2025,9,24,28.812,67.583,0.083,12.375,252.958,194.458,58.5,295.358,24.14,11.608
Jaipur,26.9124,75.7873,2025-09-25,2025,9,25,28.562,68.0,18.208,10.2,249.958,191.375,58.583,291.562,23.86,11.474
Jaipur,26.9124,75.7873,2025-09-26,2025,9,26,29.312,63.792,0.0,9.212,252.958,195.583,57.375,299.917,24.152,11.556
Jaipur,26.9124,75.7873,2025-09-27,2025,9,27,29.271,64.25,34.125,9.775,248.417,190.458,57.958,289.617,23.74,11.135
Jaipur,26.9124,75.7873,2025-09-28,2025,9,28,29.9,71.958,23.958,15.079,208.792,148.833,59.958,229.283,19.952,11.144
Jaipur,26.9124,75.7873,2025-09-29,2025,9,29,29.021,77.458,28.042,12.217,204.125,139.667,64.458,210.342,19.532,10.599
Jaipur,26.9124,75.7873,2025-09-30,2025,9,30,26.142,87.167,68.542,3.625,148.583,79.625,68.958,127.633,14.196,9.579
Jaipur,26.9124,75.7873,2025-10-01,2025,10,1,25.721,88.125,64.75,3.679,130.125,56.083,74.042,90.538,12.44,8.759
Jaipur,26.9124,75.7873,2025-10-02,2025,10,2,26.992,84.417,57.458,3.608,168.292,96.625,71.667,149.879,16.096,11.0
Jaipur,26.9124,75.7873,2025-10-03,2025,10,3,26.967,82.0,67.875,6.996,162.25,88.792,73.458,133.55,15.52,9.742
Jaipur,26.9124,75.7873,2025-10-04,2025,10,4,27.467,77.667,21.417,6.817,207.083,146.375,60.708,231.442,19.808,11.058
Jaipur,26.9124,75.7873,2025-10-05,2025,10,5,26.954,77.5,8.042,10.5,225.833,168.542,57.292,267.762,21.612,11.067
Jaipur,26.9124,75.7873,2025-10-06,2025,10,6,23.171,88.458,61.542,7.217,153.25,85.0,68.25,139.192,14.672,10.61
Jaipur,26.9124,75.7873,2025-10-07,2025,10,7,23.967,83.208,39.417,8.129,182.333,116.625,65.708,175.567,17.456,9.315
Jaipur,26.9124,75.7873,2025-10-08,2025,10,8,23.05,78.208,15.458,9.513,225.75,160.25,65.5,255.529,21.608,11.095
Jaipur,26.9124,75.7873,2025-10-09,2025,10,9,22.942,72.917,0.167,7.729,240.458,187.0,53.458,303.042,23.028,11.032
Jaipur,26.9124,75.7873,2025-10-10,2025,10,10,23.1,70.958,8.5,5.6,223.125,165.125,58.0,266.554,21.372,11.0
Jaipur,26.9124,75.7873,2025-10-11,2025,10,11,23.567,67.708,17.708,7.729,217.917,157.708,60.208,253.5,20.876,11.0
Jaipur,26.9124,75.7873,2025-10-12,2025,10,12,24.054,65.208,17.375,6.492,226.458,172.083,54.375,283.15,21.7,11.0
Jaipur,26.9124,75.7873,2025-10-13,2025,10,13,24.071,60.708,8.75,4.329,230.458,175.625,54.833,290.246,22.08,11.0
Jaipur,26.9124,75.7873,2025-10-14,2025,10,14,23.417,64.375,5.0,6.046,232.958,180.5,52.458,300.125,22.324,11.0
Jaipur,26.9124,75.7873,2025-10-15,2025,10,15,23.479,64.583,4.167,2.996,234.958,185.0,49.958,308.633,22.52,10.993
Jaipur,26.9124,75.7873,2025-10-16,2025,10,16,24.0,60.583,1.125,4.667,231.083,180.708,50.375,303.617,22.152,10.984
Jaipur,26.9124,75.7873,2025-10-17,2025,10,17,23.775,62.5,1.125,4.667,230.625,181.625,49.0,306.279,22.112,10.974
Jaipur,26.9124,75.7873,2025-10-18,2025,10,18,24.079,63.25,18.292,4.446,216.792,162.208,54.583,274.458,20.784,10.965
Jaipur,26.9124,75.7873,2025-10-19,2025,10,19,23.979,61.042,12.708,4.983,209.75,157.75,52.0,265.954,20.112,10.955
Jaipur,26.9124,75.7873,2025-10-20,2025,10,20,23.867,65.667,10.25,6.717,203.875,150.042,53.833,261.275,19.552,10.946
Jaipur,26.9124,75.7873,2025-10-21,2025,10,21,24.154,74.375,16.208,4.9,197.292,144.625,52.667,248.754,18.92,10.936
Jaipur,26.9124,75.7873,2025-10-22,2025,10,22,24.442,69.167,12.208,5.054,186.917,131.792,55.125,230.917,17.928,10.926
Jaipur,26.9124,75.7873,2025-10-23,2025,10,23,23.792,59.833,0.0,6.683,223.0,176.75,46.25,307.658,21.392,10.916
Jaipur,26.9124,75.7873,2025-10-24,2025,10,24,23.85,54.125,0.0,3.462,223.375,177.625,45.75,311.021,21.428,10.905
Jaipur,26.9124,75.7873,2025-10-25,2025,10,25,23.196,57.458,0.0,4.554,220.75,175.25,45.5,307.608,21.18,10.895
Jaipur,26.9124,75.7873,2025-10-26,2025,10,26,23.083,63.083,16.625,8.788,214.417,167.833,46.583,296.95,20.572,10.885
Jaipur,26.9124,75.7873,2025-10-27,2025,10,27,21.692,70.0,98.333,10.842,74.458,12.5,61.958,22.6,7.148,1.85
Jaipur,26.9124,75.7873,2025-10-28,2025,10,28,19.892,86.125,99.375,13.338,66.0,5.958,60.042,11.267,6.332,0.301
Jaipur,26.9124,75.7873,2025-10-29,2025,10,29,21.746,78.208,90.208,10.538,118.333,52.5,65.833,93.704,11.36,5.487
Jaipur,26.9124,75.7873,2025-10-30,2025,10,30,21.983,88.417,98.792,9.625,62.667,6.792,55.875,14.142,6.012,0.167
Jaipur,26.9124,75.7873,2025-10-31,2025,10,31,23.092,84.375,62.458,3.758,149.25,87.125,62.125,162.775,14.324,9.151
Jaipur,26.9124,75.7873,2025-11-01,2025,11,1,23.229,79.25,32.917,5.821,187.417,136.333,51.083,236.117,17.988,10.797
Jaipur,26.9124,75.7873,2025-11-02,2025,11,2,22.129,69.25,6.333,6.05,209.208,165.958,43.25,303.467,20.08,10.809
Jaipur,26.9124,75.7873,2025-11-03,2025,11,3,22.267,59.958,9.708,9.096,213.375,171.292,42.083,315.221,20.48,10.797
Jaipur,26.9124,75.7873,2025-11-04,2025,11,4,21.521,84.375,60.667,7.542,98.583,44.375,54.208,83.496,9.46,7.296
Jaipur,26.9124,75.7873,2025-11-05,2025,11,5,21.983,65.833,2.0,11.392,211.708,170.083,41.625,315.892,20.32,10.774
Jaipur,26.9124,75.7873,2025-11-06,2025,11,6,19.404,58.458,0.375,9.808,214.333,172.875,41.458,323.117,20.572,10.762
Jaipur,26.9124,75.7873,2025-11-07,2025,11,7,17.017,57.292,0.0,8.562,214.792,173.625,41.167,327.162,20.62,10.751
Jaipur,26.9124,75.7873,2025-11-08,2025,11,8,17.525,57.583,0.0,7.525,210.125,169.458,40.667,320.775,20.172,10.738
Jaipur,26.9124,75.7873,2025-11-09,2025,11,9,17.942,59.0,0.0,7.138,207.875,167.833,40.042,318.717,19.956,10.726
Jaipur,26.9124,75.7873,2025-11-10,2025,11,10,18.808,55.208,9.0,5.229,205.458,165.583,39.875,315.883,19.724,10.714
Jaipur,26.9124,75.7873,2025-11-11,2025,11,11,18.358,58.042,1.625,6.562,204.208,165.0,39.208,316.6,19.604,10.702
Jaipur,26.9124,75.7873,2025-11-12,2025,11,12,18.662,56.333,0.0,7.012,202.5,163.5,39.0,315.083,19.44,10.689
Jaipur,26.9124,75.7873,2025-11-13,2025,11,13,17.967,58.417,0.0,7.879,202.917,164.083,38.833,317.654,19.48,10.677
Jaipur,26.9124,75.7873,2025-11-14,2025,11,14,17.517,55.083,0.0,5.279,202.708,164.167,38.542,319.392,19.46,10.664
Jaipur,26.9124,75.7873,2025-11-15,2025,11,15,17.092,54.708,0.0,6.096,201.792,163.5,38.292,319.733,19.372,10.651
Jaipur,26.9124,75.7873,2025-11-16,2025,11,16,17.125,51.792,0.0,7.587,202.333,164.125,38.208,322.812,19.424,10.639
Jaipur,26.9124,75.7873,2025-11-17,2025,11,17,16.754,54.625,0.0,5.4,199.5,161.583,37.917,319.104,19.152,10.619
Jaipur,26.9124,75.7873,2025-11-18,2025,11,18,16.671,58.542,0.0,5.967,197.875,160.25,37.625,317.492,18.996,10.549
Jaipur,26.9124,75.7873,2025-11-19,2025,11,19,17.283,62.583,14.708,6.317,193.875,156.083,37.792,309.217,18.612,10.401
Jaipur,26.9124,75.7873,2025-11-20,2025,11,20,18.683,63.458,0.0,3.767,190.125,152.375,37.75,303.492,18.252,10.409
Jaipur,26.9124,75.7873,2025-11-21,2025,11,21,19.129,66.333,0.0,4.279,187.625,149.875,37.75,299.483,18.012,10.338
Jaipur,26.9124,75.7873,2025-11-22,2025,11,22,17.5,66.333,0.333,5.892,188.875,151.75,37.125,304.979,18.132,10.343
Jaipur,26.9124,75.7873,2025-11-23,2025,11,23,17.838,61.417,0.0,3.392,187.125,150.042,37.083,302.883,17.964,10.347
Jaipur,26.9124,75.7873,2025-11-24,2025,11,24,16.621,64.125,0.0,6.146,187.542,150.708,36.833,305.204,18.004,10.272
Jaipur,26.9124,75.7873,2025-11-25,2025,11,25,16.412,61.542,0.0,5.779,188.625,151.833,36.792,309.242,18.108,10.276
Jaipur,26.9124,75.7873,2025-11-26,2025,11,26,15.938,56.375,2.5,8.05,180.0,141.0,39.0,285.617,17.28,10.203
Jaipur,26.9124,75.7873,2025-11-27,2025,11,27,17.779,58.208,29.792,9.417,140.75,86.417,54.333,179.396,13.512,9.872
Jaipur,26.9124,75.7873,2025-11-28,2025,11,28,18.2,69.083,19.5,5.467,154.792,111.917,42.875,227.858,14.86,9.983
Jaipur,26.9124,75.7873,2025-11-29,2025,11,29,18.625,65.958,18.083,4.975,166.375,128.375,38.0,254.188,15.972,10.062
Jaipur,26.9124,75.7873,2025-11-30,2025,11,30,17.546,68.042,38.833,6.458,163.458,109.875,53.583,229.954,15.692,9.989
Jaipur,26.9124,75.7873,2025-12-01,2025,12,1,17.688,65.75,0.75,7.208,176.0,139.875,36.125,289.108,16.896,10.075
Jaipur,26.9124,75.7873,2025-12-02,2025,12,2,18.342,64.25,4.042,8.954,172.0,133.417,38.583,275.879,16.512,10.003
Jaipur,26.9124,75.7873,2025-12-03,2025,12,3,16.758,54.75,24.25,7.517,178.958,142.958,36.0,297.796,17.18,10.01
Jaipur,26.9124,75.7873,2025-12-04,2025,12,4,14.879,53.792,7.208,7.413,183.292,148.292,35.0,311.529,17.596,10.098
Jaipur,26.9124,75.7873,2025-12-05,2025,12,5,14.658,53.625,0.0,6.008,181.875,147.083,34.792,309.483,17.46,10.026
Jaipur,26.9124,75.7873,2025-12-06,2025,12,6,15.025,57.5,58.875,6.846,171.583,126.167,45.417,259.804,16.472,9.722
Jaipur,26.9124,75.7873,2025-12-07,2025,12,7,16.058,58.167,9.333,7.008,178.125,143.833,34.292,304.008,17.1,10.043
Jaipur,26.9124,75.7873,2025-12-08,2025,12,8,16.55,57.75,16.125,7.638,177.958,143.708,34.25,304.175,17.084,9.994
Jaipur,26.9124,75.7873,2025-12-09,2025,12,9,16.471,56.792,0.0,8.804,180.833,146.458,34.375,311.046,17.36,9.998
Jaipur,26.9124,75.7873,2025-12-10,2025,12,10,16.317,55.792,0.0,8.05,179.542,145.375,34.167,309.471,17.236,10.0
Jaipur,26.9124,75.7873,2025-12-11,2025,12,11,15.962,55.417,0.0,8.133,177.542,143.583,33.958,306.296,17.044,10.0
Jaipur,26.9124,75.7873,2025-12-12,2025,12,12,16.908,53.417,3.292,5.696,176.542,142.917,33.625,305.558,16.948,10.0
Jaipur,26.9124,75.7873,2025-12-13,2025,12,13,16.879,61.792,57.125,5.104,171.833,133.208,38.625,275.683,16.496,10.0
Jaipur,26.9124,75.7873,2025-12-14,2025,12,14,16.954,71.375,86.083,5.012,160.292,105.833,54.458,223.504,15.388,9.681
Jaipur,26.9124,75.7873,2025-12-15,2025,12,15,16.558,71.208,12.208,4.738,174.667,140.792,33.875,301.45,16.768,10.0
Jaipur,26.9124,75.7873,2025-12-16,2025,12,16,15.725,67.542,0.0,6.837,177.167,143.375,33.792,308.067,17.008,10.0
Jaipur,26.9124,75.7873,2025-12-17,2025,12,17,15.792,66.25,0.0,7.396,178.667,144.917,33.75,311.783,17.152,10.0
Jaipur,26.9124,75.7873,2025-12-18,2025,12,18,15.842,65.25,51.667,5.392,177.167,141.292,35.875,304.529,17.008,10.0
Jaipur,26.9124,75.7873,2025-12-19,2025,12,19,15.804,66.542,42.25,4.538,175.375,140.125,35.25,302.933,16.836,10.0
Jaipur,26.9124,75.7873,2025-12-20,2025,12,20,16.358,60.667,4.875,4.158,173.0,139.875,33.125,301.312,16.608,10.0
Jaipur,26.9124,75.7873,2025-12-21,2025,12,21,16.6,80.125,42.083,5.812,167.667,130.875,36.792,278.383,16.096,10.0
Jaipur,26.9124,75.7873,2025-12-22,2025,12,22,16.55,82.833,39.917,5.708,150.792,103.25,47.542,208.646,14.476,7.7
Jaipur,26.9124,75.7873,2025-12-23,2025,12,23,17.358,74.458,0.0,9.8,171.625,138.0,33.625,296.35,16.476,10.0
Jaipur,26.9124,75.7873,2025-12-24,2025,12,24,14.7,65.917,0.0,9.742,179.875,146.083,33.792,314.688,17.268,10.0
Jaipur,26.9124,75.7873,2025-12-25,2025,12,25,13.538,65.833,35.083,4.771,178.792,144.5,34.292,306.583,17.164,10.0
Jaipur,26.9124,75.7873,2025-12-26,2025,12,26,14.425,67.5,38.458,4.288,174.958,139.083,35.875,291.792,16.792,10.0
Jaipur,26.9124,75.7873,2025-12-27,2025,12,27,14.004,67.917,40.125,4.054,152.958,87.833,65.125,199.912,14.68,10.0
Jaipur,26.9124,75.7873,2025-12-28,2025,12,28,14.054,65.292,17.333,4.538,178.208,144.542,33.667,310.675,17.104,10.0
Jaipur,26.9124,75.7873,2025-12-29,2025,12,29,14.721,65.375,19.417,4.717,175.708,140.917,34.792,303.283,16.864,10.0
Jaipur,26.9124,75.7873,2025-12-30,2025,12,30,14.908,70.375,2.917,6.708,176.958,143.458,33.5,307.279,16.984,10.0
Jaipur,26.9124,75.7873,2025-12-31,2025,12,31,14.879,78.917,13.625,8.192,167.792,132.375,35.417,274.104,16.104,10.0
Kolkata,22.5726,88.3639,2023-01-01,2023,1,1,20.037,83.875,31.792,5.475,126.292,77.542,48.75,152.679,12.088,10.0
Kolkata,22.5726,88.3639,2023-01-02,2023,1,2,19.983,76.792,29.542,7.129,161.25,113.75,47.5,217.475,15.44,10.0
Kolkata,22.5726,88.3639,2023-01-03,2023,1,3,18.262,79.25,27.167,9.254,149.583,97.625,51.958,188.712,14.324,9.216
Kolkata,22.5726,88.3639,2023-01-04,2023,1,4,16.667,82.417,18.375,10.542,162.208,110.167,52.042,200.042,15.532,8.0
Kolkata,22.5726,88.3639,2023-01-05,2023,1,5,16.108,79.708,0.208,11.763,188.75,147.333,41.417,283.029,18.056,10.189
Kolkata,22.5726,88.3639,2023-01-06,2023,1,6,15.683,77.875,0.0,10.917,197.667,155.75,41.917,299.521,18.904,10.259
Kolkata,22.5726,88.3639,2023-01-07,2023,1,7,15.579,78.708,0.5,10.487,194.667,152.583,42.083,291.571,18.616,10.253
Kolkata,22.5726,88.3639,2023-01-08,2023,1,8,16.671,74.917,7.5,9.833,185.833,140.417,45.417,266.35,17.764,10.323
Kolkata,22.5726,88.3639,2023-01-09,2023,1,9,18.229,77.042,0.0,8.513,193.125,150.958,42.167,286.971,18.46,10.316
Kolkata,22.5726,88.3639,2023-01-10,2023,1,10,18.45,70.792,0.0,8.871,198.042,157.292,40.75,299.558,18.924,10.386
Kolkata,22.5726,88.3639,2023-01-11,2023,1,11,17.654,71.333,0.0,8.75,199.417,158.167,41.25,301.071,19.052,10.455
Kolkata,22.5726,88.3639,2023-01-12,2023,1,12,17.558,75.042,0.0,5.821,197.125,155.875,41.25,295.217,18.832,10.449
Kolkata,22.5726,88.3639,2023-01-13,2023,1,13,20.183,81.5,5.125,7.2,190.25,145.625,44.625,274.196,18.172,10.442
Kolkata,22.5726,88.3639,2023-01-14,2023,1,14,21.558,85.583,33.583,5.017,155.792,99.125,56.667,184.333,14.86,9.727
Kolkata,22.5726,88.3639,2023-01-15,2023,1,15,21.229,77.833,40.167,7.612,159.375,105.333,54.042,188.604,15.224,10.277
Kolkata,22.5726,88.3639,2023-01-16,2023,1,16,18.963,78.042,34.125,7.883,146.042,85.875,60.167,156.962,13.924,10.421
Kolkata,22.5726,88.3639,2023-01-17,2023,1,17,18.433,78.667,14.167,6.65,173.833,121.583,52.25,220.942,16.592,10.414
Kolkata,22.5726,88.3639,2023-01-18,2023,1,18,19.108,75.125,44.042,7.583,149.208,88.292,60.917,167.188,14.252,10.106
Kolkata,22.5726,88.3639,2023-01-19,2023,1,19,18.404,75.458,9.083,8.079,190.708,141.792,48.917,259.983,18.192,10.552
Kolkata,22.5726,88.3639,2023-01-20,2023,1,20,18.079,76.375,0.0,7.367,202.167,159.25,42.917,294.371,19.28,10.716
Kolkata,22.5726,88.3639,2023-01-21,2023,1,21,19.125,76.458,3.125,6.217,203.958,161.417,42.542,297.408,19.448,10.727
Kolkata,22.5726,88.3639,2023-01-22,2023,1,22,21.117,79.167,4.917,4.783,199.875,156.25,43.625,285.342,19.06,10.739
Kolkata,22.5726,88.3639,2023-01-23,2023,1,23,22.012,80.708,0.125,5.979,201.292,157.75,43.542,287.762,19.184,10.75
Kolkata,22.5726,88.3639,2023-01-24,2023,1,24,22.679,80.833,22.667,4.692,200.042,155.875,44.167,282.1,19.064,10.762
Kolkata,22.5726,88.3639,2023-01-25,2023,1,25,22.575,82.667,27.25,3.65,192.167,140.25,51.917,235.275,18.3,8.774
Kolkata,22.5726,88.3639,2023-01-26,2023,1,26,23.45,75.167,2.0,6.558,202.208,158.833,43.375,287.004,19.26,10.785
Kolkata,22.5726,88.3639,2023-01-27,2023,1,27,23.192,76.875,1.292,7.883,201.792,155.708,46.083,278.442,19.216,10.797
Kolkata,22.5726,88.3639,2023-01-28,2023,1,28,22.262,74.958,1.417,8.683,205.75,160.792,44.958,287.588,19.588,10.808
Kolkata,22.5726,88.3639,2023-01-29,2023,1,29,20.842,68.125,14.708,9.362,217.333,173.667,43.667,311.754,20.68,10.82
Kolkata,22.5726,88.3639,2023-01-30,2023,1,30,21.058,72.125,1.542,7.429,218.167,173.958,44.208,311.254,20.756,10.831
Kolkata,22.5726,88.3639,2023-01-31,2023,1,31,22.158,71.417,46.583,6.7,173.292,108.75,64.542,190.729,16.472,9.511
Kolkata,22.5726,88.3639,2023-02-01,2023,2,1,22.546,67.875,58.042,8.888,125.833,65.75,60.083,118.658,11.9,8.218
Kolkata,22.5726,88.3639,2023-02-02,2023,2,2,20.183,65.917,28.125,12.112,226.042,181.292,44.75,320.792,21.488,10.864
Kolkata,22.5726,88.3639,2023-02-03,2023,2,3,19.617,71.833,17.083,10.033,226.208,180.625,45.583,317.921,21.5,10.875
Kolkata,22.5726,88.3639,2023-02-04,2023,2,4,20.412,67.583,5.667,7.504,224.417,178.75,45.667,312.971,21.324,10.886
Kolkata,22.5726,88.3639,2023-02-05,2023,2,5,20.667,66.167,0.0,7.333,225.542,180.417,45.125,315.338,21.428,10.897
Kolkata,22.5726,88.3639,2023-02-06,2023,2,6,21.85,68.0,3.75,5.562,222.875,177.208,45.667,307.525,21.172,10.907
Kolkata,22.5726,88.3639,2023-02-07,2023,2,7,22.946,74.958,16.917,6.783,222.958,175.542,47.417,301.192,21.168,10.917
Kolkata,22.5726,88.3639,2023-02-08,2023,2,8,24.325,74.917,12.417,8.421,217.75,168.042,49.708,286.621,20.672,10.927
Kolkata,22.5726,88.3639,2023-02-09,2023,2,9,23.654,70.458,10.417,7.629,222.25,173.958,48.292,295.438,21.092,10.937
Kolkata,22.5726,88.3639,2023-02-10,2023,2,10,22.229,68.0,7.75,5.321,231.5,185.25,46.25,316.588,22.224,10.947
Kolkata,22.5726,88.3639,2023-02-11,2023,2,11,24.292,76.917,11.25,7.667,227.292,179.792,47.5,303.112,21.82,10.957
Kolkata,22.5726,88.3639,2023-02-12,2023,2,12,24.9,69.75,23.208,8.342,219.958,168.25,51.708,270.629,21.116,10.381
Kolkata,22.5726,88.3639,2023-02-13,2023,2,13,21.6,53.5,0.0,9.383,243.167,196.375,46.792,332.504,23.344,10.976
Kolkata,22.5726,88.3639,2023-02-14,2023,2,14,20.392,58.5,0.0,7.221,239.167,192.167,47.0,323.617,22.96,10.985
Kolkata,22.5726,88.3639,2023-02-15,2023,2,15,20.617,62.542,0.458,5.788,238.25,190.542,47.708,318.817,22.872,10.994
Kolkata,22.5726,88.3639,2023-02-16,2023,2,16,22.238,64.708,13.708,4.262,229.25,178.5,50.75,287.833,22.008,11.0
Kolkata,22.5726,88.3639,2023-02-17,2023,2,17,22.996,76.917,55.958,5.242,181.958,125.25,56.708,209.104,17.468,10.689
Kolkata,22.5726,88.3639,2023-02-18,2023,2,18,23.767,84.208,43.292,4.833,176.458,115.958,60.5,194.192,16.94,11.0
Kolkata,22.5726,88.3639,2023-02-19,2023,2,19,24.471,78.917,42.833,6.029,193.167,139.417,53.75,229.612,18.544,11.0
Kolkata,22.5726,88.3639,2023-02-20,2023,2,20,25.475,80.042,39.25,8.958,177.958,121.833,56.125,207.883,17.084,11.0
Kolkata,22.5726,88.3639,2023-02-21,2023,2,21,26.583,76.625,32.333,8.729,206.5,144.458,62.042,227.258,19.824,10.457
Kolkata,22.5726,88.3639,2023-02-22,2023,2,22,26.862,78.333,24.625,14.821,232.083,179.417,52.667,276.358,22.28,10.366
Kolkata,22.5726,88.3639,2023-02-23,2023,2,23,26.996,72.542,16.208,7.467,245.125,196.0,49.125,315.254,23.532,11.0
Kolkata,22.5726,88.3639,2023-02-24,2023,2,24,27.071,77.458,31.083,6.383,203.958,136.625,67.333,209.396,19.58,10.179
Kolkata,22.5726,88.3639,2023-02-25,2023,2,25,26.996,72.333,31.125,4.133,221.792,165.167,56.625,260.721,21.292,11.0
Kolkata,22.5726,88.3639,2023-02-26,2023,2,26,25.817,74.125,20.667,5.433,206.708,149.333,57.375,228.829,19.844,11.0
Kolkata,22.5726,88.3639,2023-02-27,2023,2,27,26.312,74.0,24.958,6.55,232.0,179.708,52.292,283.396,22.272,11.0
Kolkata,22.5726,88.3639,2023-02-28,2023,2,28,26.262,71.125,19.042,4.267,242.125,190.458,51.667,302.05,23.244,11.0
Kolkata,22.5726,88.3639,2023-03-01,2023,3,1,26.258,74.542,24.375,5.208,222.333,164.542,57.792,256.358,21.34,11.0
Kolkata,22.5726,88.3639,2023-03-02,2023,3,2,26.738,69.458,8.0,5.454,242.0,189.458,52.542,298.75,23.228,11.043
Kolkata,22.5726,88.3639,2023-03-03,2023,3,3,26.6,62.0,0.0,7.375,261.125,211.5,49.625,332.342,25.064,11.105
Kolkata,22.5726,88.3639,2023-03-04,2023,3,4,27.371,57.458,0.0,7.525,260.167,210.292,49.875,329.225,24.972,11.098
Kolkata,22.5726,88.3639,2023-03-05,2023,3,5,26.829,59.667,0.0,7.85,262.208,212.25,49.958,331.346,25.168,11.16
Kolkata,22.5726,88.3639,2023-03-06,2023,3,6,26.787,60.833,0.208,6.804,259.375,209.042,50.333,323.95,24.896,11.152
Kolkata,22.5726,88.3639,2023-03-07,2023,3,7,27.108,57.417,38.875,7.121,259.625,205.208,54.417,311.292,24.92,11.214
Kolkata,22.5726,88.3639,2023-03-08,2023,3,8,26.375,61.292,78.375,5.9,238.875,161.583,77.292,248.529,22.928,11.0
Kolkata,22.5726,88.3639,2023-03-09,2023,3,9,26.233,60.667,56.292,7.879,257.583,198.417,59.167,299.762,24.724,11.198
Kolkata,22.5726,88.3639,2023-03-10,2023,3,10,26.483,66.0,90.75,6.233,207.167,103.75,103.417,149.446,19.884,9.792
Kolkata,22.5726,88.3639,2023-03-11,2023,3,11,26.567,65.375,57.833,4.483,242.083,172.417,69.667,252.538,23.236,11.0
Kolkata,22.5726,88.3639,2023-03-12,2023,3,12,26.775,65.333,6.708,6.054,247.75,195.292,52.458,295.537,23.78,11.382
Kolkata,22.5726,88.3639,2023-03-13,2023,3,13,27.638,66.167,9.542,5.25,248.75,195.708,53.042,291.792,23.872,11.374
Kolkata,22.5726,88.3639,2023-03-14,2023,3,14,27.65,66.0,64.458,11.225,233.625,149.042,84.583,226.329,22.42,11.328
Kolkata,22.5726,88.3639,2023-03-15,2023,3,15,27.683,70.292,16.583,9.117,251.708,193.292,58.417,285.321,24.156,11.427
Kolkata,22.5726,88.3639,2023-03-16,2023,3,16,27.488,79.875,77.833,8.487,225.667,132.958,92.708,187.875,21.656,10.688
Kolkata,22.5726,88.3639,2023-03-17,2023,3,17,23.454,90.875,83.792,4.292,94.625,31.125,63.5,51.908,9.076,5.371
Kolkata,22.5726,88.3639,2023-03-18,2023,3,18,24.65,85.167,83.417,4.058,209.792,130.292,79.5,172.683,20.132,9.156
Kolkata,22.5726,88.3639,2023-03-19,2023,3,19,23.396,87.0,89.375,8.062,117.917,33.542,84.375,42.25,11.316,3.649
Kolkata,22.5726,88.3639,2023-03-20,2023,3,20,23.579,82.333,47.708,9.15,169.917,76.042,93.875,118.592,16.304,9.496
Kolkata,22.5726,88.3639,2023-03-21,2023,3,21,24.692,80.917,63.0,7.108,214.417,126.792,87.625,184.221,20.572,10.366
Kolkata,22.5726,88.3639,2023-03-22,2023,3,22,25.629,77.542,22.167,4.896,245.792,181.292,64.5,251.192,23.588,10.095
Kolkata,22.5726,88.3639,2023-03-23,2023,3,23,26.688,78.083,16.417,5.579,243.0,179.167,63.833,259.529,23.316,11.71
Kolkata,22.5726,88.3639,2023-03-24,2023,3,24,27.342,76.0,35.833,5.283,252.833,188.875,63.958,252.975,24.264,10.0
Kolkata,22.5726,88.3639,2023-03-25,2023,3,25,28.5,77.542,30.167,8.579,248.292,185.375,62.917,257.254,23.824,11.0
Kolkata,22.5726,88.3639,2023-03-26,2023,3,26,27.9,79.542,24.292,7.738,260.917,202.208,58.708,286.621,25.036,11.755
Kolkata,22.5726,88.3639,2023-03-27,2023,3,27,27.175,76.542,50.5,5.362,195.583,115.75,79.833,174.321,18.764,10.148
Kolkata,22.5726,88.3639,2023-03-28,2023,3,28,28.192,73.833,13.583,6.212,266.5,210.125,56.375,296.754,25.572,11.873
Kolkata,22.5726,88.3639,2023-03-29,2023,3,29,28.517,78.458,26.208,9.638,253.125,188.667,64.458,265.125,24.292,11.889
Kolkata,22.5726,88.3639,2023-03-30,2023,3,30,28.204,80.542,39.917,9.921,250.375,181.875,68.5,248.175,24.024,11.725
Kolkata,22.5726,88.3639,2023-03-31,2023,3,31,25.879,84.333,54.208,7.262,197.25,116.75,80.5,174.129,18.924,11.419
Kolkata,22.5726,88.3639,2023-04-01,2023,4,1,24.388,85.208,70.25,8.425,175.917,91.292,84.625,133.279,16.876,9.214
Kolkata,22.5726,88.3639,2023-04-02,2023,4,2,26.533,76.167,19.875,5.829,270.833,211.625,59.208,297.608,25.984,11.953
Kolkata,22.5726,88.3639,2023-04-03,2023,4,3,28.629,70.125,32.875,7.829,261.083,198.708,62.375,286.612,25.044,11.969
Kolkata,22.5726,88.3639,2023-04-04,2023,4,4,29.371,76.875,20.792,12.55,258.917,197.625,61.292,275.629,24.84,11.984
Kolkata,22.5726,88.3639,2023-04-05,2023,4,5,29.938,67.917,10.542,9.908,282.708,224.458,58.25,315.871,27.12,12.0
Kolkata,22.5726,88.3639,2023-04-06,2023,4,6,30.15,65.083,15.792,5.658,287.0,228.875,58.125,326.321,27.528,12.0
Kolkata,22.5726,88.3639,2023-04-07,2023,4,7,30.283,66.292,5.542,5.612,290.125,231.75,58.375,331.996,27.828,12.0
Kolkata,22.5726,88.3639,2023-04-08,2023,4,8,30.308,65.542,25.0,5.242,273.167,212.458,60.708,302.125,26.204,12.0
Kolkata,22.5726,88.3639,2023-04-09,2023,4,9,30.654,64.458,15.833,5.558,285.875,225.75,60.125,318.442,27.42,12.0
Kolkata,22.5726,88.3639,2023-04-10,2023,4,10,31.237,67.5,12.208,5.725,277.583,216.917,60.667,301.925,26.628,12.0
Kolkata,22.5726,88.3639,2023-04-11,2023,4,11,31.825,66.0,14.458,5.033,280.167,215.458,64.708,308.9,26.868,12.0
Kolkata,22.5726,88.3639,2023-04-12,2023,4,12,31.592,59.208,5.167,7.25,307.042,249.583,57.458,353.192,29.448,12.0
Kolkata,22.5726,88.3639,2023-04-13,2023,4,13,32.15,51.5,0.125,8.133,307.75,250.667,57.083,354.404,29.516,12.0
Kolkata,22.5726,88.3639,2023-04-14,2023,4,14,32.904,55.75,18.75,7.5,299.583,241.708,57.875,341.65,28.732,12.0
Kolkata,22.5726,88.3639,2023-04-15,2023,4,15,32.538,70.208,80.583,5.325,272.625,190.125,82.5,254.342,26.152,11.17
Kolkata,22.5726,88.3639,2023-04-16,2023,4,16,33.025,69.208,67.0,5.092,269.167,192.125,77.042,257.238,25.812,10.706
Kolkata,22.5726,88.3639,2023-04-17,2023,4,17,32.958,73.167,31.25,10.442,279.25,217.167,62.083,291.537,26.784,11.474
Kolkata,22.5726,88.3639,2023-04-18,2023,4,18,32.588,77.875,45.667,8.975,277.958,212.292,65.667,290.746,26.656,12.0
Kolkata,22.5726,88.3639,2023-04-19,2023,4,19,33.196,73.542,29.375,8.083,280.292,217.375,62.917,300.867,26.876,12.0
Kolkata,22.5726,88.3639,2023-04-20,2023,4,20,33.429,65.792,30.917,9.554,294.0,233.083,60.917,317.362,28.192,12.0
Kolkata,22.5726,88.3639,2023-04-21,2023,4,21,31.808,48.375,68.958,10.504,269.292,193.875,75.417,266.225,25.832,11.3
Kolkata,22.5726,88.3639,2023-04-22,2023,4,22,30.075,59.042,37.583,7.533,276.042,191.375,84.667,269.925,26.468,12.0
Kolkata,22.5726,88.3639,2023-04-23,2023,4,23,27.275,71.458,59.083,9.867,186.125,102.333,83.792,136.492,17.84,8.022
Kolkata,22.5726,88.3639,2023-04-24,2023,4,24,26.433,80.583,31.208,5.771,228.167,145.667,82.5,200.338,21.872,11.92
Kolkata,22.5726,88.3639,2023-04-25,2023,4,25,27.733,76.458,53.708,4.467,263.75,180.0,83.75,238.808,25.292,11.877
Kolkata,22.5726,88.3639,2023-04-26,2023,4,26,29.371,74.583,55.083,4.429,278.292,205.042,73.25,262.783,26.688,11.114
Kolkata,22.5726,88.3639,2023-04-27,2023,4,27,28.754,78.208,29.042,7.521,275.417,203.542,71.875,274.375,26.408,11.494
Kolkata,22.5726,88.3639,2023-04-28,2023,4,28,27.975,82.583,62.167,8.342,259.0,171.667,87.333,222.558,24.828,11.161
Kolkata,22.5726,88.3639,2023-04-29,2023,4,29,29.167,75.75,58.958,7.783,259.5,168.167,91.333,220.146,24.88,11.312
Kolkata,22.5726,88.3639,2023-04-30,2023,4,30,27.688,78.0,84.458,5.962,255.75,164.875,90.875,200.079,24.528,9.01
Kolkata,22.5726,88.3639,2023-05-01,2023,5,1,26.225,83.458,98.167,4.988,154.292,47.417,106.875,56.875,14.792,5.281
Kolkata,22.5726,88.3639,2023-05-02,2023,5,2,28.758,70.417,22.708,7.842,294.333,228.167,66.167,315.512,28.212,12.0
Kolkata,22.5726,88.3639,2023-05-03,2023,5,3,28.404,80.5,65.917,9.021,239.875,154.542,85.333,196.779,22.992,10.65
Kolkata,22.5726,88.3639,2023-05-04,2023,5,4,28.062,80.708,74.083,10.567,158.083,63.042,95.042,86.888,15.128,7.24
Kolkata,22.5726,88.3639,2023-05-05,2023,5,5,29.267,76.458,49.25,6.85,255.375,175.625,79.75,238.371,24.48,12.0
Kolkata,22.5726,88.3639,2023-05-06,2023,5,6,30.475,77.792,40.75,6.288,260.458,187.875,72.583,246.638,24.96,12.0
Kolkata,22.5726,88.3639,2023-05-07,2023,5,7,31.979,70.208,7.042,7.112,289.625,223.417,66.208,309.167,27.748,12.019
Kolkata,22.5726,88.3639,2023-05-08,2023,5,8,33.167,69.167,13.167,8.554,278.375,210.625,67.75,285.121,26.676,12.016
Kolkata,22.5726,88.3639,2023-05-09,2023,5,9,32.971,68.792,16.25,6.883,287.417,222.833,64.583,300.808,27.54,12.013
Kolkata,22.5726,88.3639,2023-05-10,2023,5,10,32.446,71.542,17.542,11.079,274.667,207.458,67.208,285.204,26.312,12.009
Kolkata,22.5726,88.3639,2023-05-11,2023,5,11,31.963,72.0,20.667,11.275,288.458,222.458,66.0,296.383,27.632,12.079
Kolkata,22.5726,88.3639,2023-05-12,2023,5,12,31.292,75.333,99.583,7.933,257.542,151.458,106.083,196.467,24.668,11.22
Kolkata,22.5726,88.3639,2023-05-13,2023,5,13,30.75,75.458,96.75,8.925,257.083,175.25,81.833,230.112,24.632,11.93
Kolkata,22.5726,88.3639,2023-05-14,2023,5,14,30.708,65.875,73.458,13.592,280.917,201.083,79.833,266.642,26.904,11.429
Kolkata,22.5726,88.3639,2023-05-15,2023,5,15,29.842,69.667,26.042,12.092,296.458,227.833,68.625,306.162,28.396,12.066
Kolkata,22.5726,88.3639,2023-05-16,2023,5,16,30.604,76.125,34.708,17.338,257.875,171.667,86.208,218.117,24.692,11.202
Kolkata,22.5726,88.3639,2023-05-17,2023,5,17,30.704,75.042,26.375,17.762,258.917,176.458,82.458,232.013,24.792,12.0
Kolkata,22.5726,88.3639,2023-05-18,2023,5,18,29.817,76.792,35.958,16.525,246.917,159.167,87.75,214.196,23.66,12.0
Kolkata,22.5726,88.3639,2023-05-19,2023,5,19,31.008,76.667,42.708,14.987,243.958,154.083,89.875,191.821,23.376,10.677
Kolkata,22.5726,88.3639,2023-05-20,2023,5,20,31.2,72.333,15.167,14.183,288.417,214.875,73.542,280.304,27.612,12.124
Kolkata,22.5726,88.3639,2023-05-21,2023,5,21,31.925,76.375,25.167,16.988,267.792,184.208,83.583,248.65,25.632,12.121
Kolkata,22.5726,88.3639,2023-05-22,2023,5,22,31.621,72.875,17.875,16.888,297.292,223.458,73.833,298.925,28.464,12.044
Kolkata,22.5726,88.3639,2023-05-23,2023,5,23,32.017,72.042,33.25,12.008,281.625,207.542,74.083,268.179,26.976,12.0
Kolkata,22.5726,88.3639,2023-05-24,2023,5,24,29.125,79.167,56.292,8.129,220.958,129.125,91.833,169.054,21.148,11.428
Kolkata,22.5726,88.3639,2023-05-25,2023,5,25,30.408,75.875,49.458,10.508,264.958,186.208,78.75,247.142,25.376,12.0
Kolkata,22.5726,88.3639,2023-05-26,2023,5,26,28.583,79.833,62.625,6.817,255.792,166.708,89.083,225.725,24.48,12.096
Kolkata,22.5726,88.3639,2023-05-27,2023,5,27,28.867,83.542,31.167,6.433,214.5,128.792,85.708,172.688,20.512,10.78
Kolkata,22.5726,88.3639,2023-05-28,2023,5,28,30.096,77.208,24.958,4.612,265.25,190.917,74.333,251.921,25.396,12.024
Kolkata,22.5726,88.3639,2023-05-29,2023,5,29,31.625,73.583,24.208,3.808,281.417,206.792,74.625,275.771,26.936,12.095
Kolkata,22.5726,88.3639,2023-05-30,2023,5,30,32.225,75.125,36.417,7.4,272.083,197.125,74.958,268.633,26.036,12.167
Kolkata,22.5726,88.3639,2023-05-31,2023,5,31,32.475,73.917,44.708,7.054,265.125,189.542,75.583,256.546,25.368,12.089
Kolkata,22.5726,88.3639,2023-06-01,2023,6,1,33.392,70.0,65.292,7.333,259.667,183.958,75.708,247.021,24.844,12.161
Kolkata,22.5726,88.3639,2023-06-02,2023,6,2,33.458,70.167,27.083,11.308,268.583,200.75,67.833,274.05,25.684,12.233
Kolkata,22.5726,88.3639,2023-06-03,2023,6,3,33.021,73.792,20.333,11.383,285.333,214.667,70.667,281.746,27.312,12.005
Kolkata,22.5726,88.3639,2023-06-04,2023,6,4,33.038,74.083,36.292,11.167,272.5,192.208,80.292,251.129,26.064,12.228
Kolkata,22.5726,88.3639,2023-06-05,2023,6,5,33.221,71.583,30.25,8.246,280.708,212.667,68.042,281.958,26.864,12.15
Kolkata,22.5726,88.3639,2023-06-06,2023,6,6,33.742,68.0,49.042,8.104,287.75,218.833,68.917,295.096,27.52,12.297
Kolkata,22.5726,88.3639,2023-06-07,2023,6,7,33.55,67.75,73.375,7.154,271.75,194.5,77.25,262.292,26.0,12.0
Kolkata,22.5726,88.3639,2023-06-08,2023,6,8,32.808,78.458,98.5,9.446,163.375,68.5,94.875,93.317,15.6,8.349
Kolkata,22.5726,88.3639,2023-06-09,2023,6,9,31.008,81.542,99.417,11.267,81.458,8.708,72.75,16.671,7.796,1.129
Kolkata,22.5726,88.3639,2023-06-10,2023,6,10,30.562,74.333,94.042,10.242,132.042,41.833,90.208,71.708,12.58,4.535
Kolkata,22.5726,88.3639,2023-06-11,2023,6,11,31.829,76.625,67.167,9.771,207.083,117.708,89.375,154.983,19.804,11.11
Kolkata,22.5726,88.3639,2023-06-12,2023,6,12,31.463,80.542,94.333,10.633,238.542,147.458,91.083,187.15,22.82,11.011
Kolkata,22.5726,88.3639,2023-06-13,2023,6,13,31.421,77.5,71.083,11.271,263.875,192.083,71.792,248.479,25.24,11.936
Kolkata,22.5726,88.3639,2023-06-14,2023,6,14,32.988,71.083,84.5,14.812,258.875,175.667,83.208,234.971,24.74,12.278
Kolkata,22.5726,88.3639,2023-06-15,2023,6,15,33.967,70.083,82.417,13.429,256.417,184.292,72.125,242.9,24.528,12.0
Kolkata,22.5726,88.3639,2023-06-16,2023,6,16,33.633,74.625,90.583,16.463,271.833,199.75,72.083,263.854,26.0,12.122
Kolkata,22.5726,88.3639,2023-06-17,2023,6,17,32.008,79.25,91.375,17.025,257.375,184.458,72.917,241.617,24.588,12.02
Kolkata,22.5726,88.3639,2023-06-18,2023,6,18,31.504,79.5,97.833,17.662,249.958,161.125,88.833,203.771,23.9,11.556
Kolkata,22.5726,88.3639,2023-06-19,2023,6,19,30.246,79.375,99.833,13.892,179.917,73.917,106.0,97.104,17.196,5.936
Kolkata,22.5726,88.3639,2023-06-20,2023,6,20,31.275,79.958,98.0,17.388,223.375,117.667,105.708,159.408,21.336,10.327
Kolkata,22.5726,88.3639,2023-06-21,2023,6,21,31.463,78.542,100.0,15.792,226.583,106.625,119.958,134.825,21.648,9.995
Kolkata,22.5726,88.3639,2023-06-22,2023,6,22,30.371,81.667,99.792,10.421,174.125,78.875,95.25,101.012,16.648,8.61
Kolkata,22.5726,88.3639,2023-06-23,2023,6,23,30.625,78.583,78.125,6.625,195.333,107.708,87.625,144.925,18.664,10.126
Kolkata,22.5726,88.3639,2023-06-24,2023,6,24,29.304,86.333,97.042,5.658,119.583,30.792,88.792,43.1,11.404,3.469
Kolkata,22.5726,88.3639,2023-06-25,2023,6,25,29.037,87.375,85.125,12.725,199.083,112.0,87.083,143.971,19.068,9.725
Kolkata,22.5726,88.3639,2023-06-26,2023,6,26,27.812,91.25,99.833,10.692,99.583,24.792,74.792,31.025,9.504,3.509
Kolkata,22.5726,88.3639,2023-06-27,2023,6,27,27.721,92.458,96.417,10.746,105.042,24.208,80.833,36.979,10.0,1.763
Kolkata,22.5726,88.3639,2023-06-28,2023,6,28,27.733,91.167,94.125,12.667,143.833,46.167,97.667,54.412,13.712,3.051
Kolkata,22.5726,88.3639,2023-06-29,2023,6,29,28.504,90.167,99.833,12.388,116.958,20.625,96.333,24.871,11.16,1.565
Kolkata,22.5726,88.3639,2023-06-30,2023,6,30,29.692,86.542,89.417,14.117,184.375,89.667,94.708,122.792,17.588,10.73
Kolkata,22.5726,88.3639,2023-07-01,2023,7,1,30.283,85.333,92.583,12.138,175.833,80.083,95.75,115.479,16.772,9.321
Kolkata,22.5726,88.3639,2023-07-02,2023,7,2,31.025,84.083,98.708,11.288,221.75,110.75,111.0,144.967,21.196,10.782
Kolkata,22.5726,88.3639,2023-07-03,2023,7,3,30.933,83.75,96.208,11.417,201.917,84.417,117.5,110.554,19.268,9.423
Kolkata,22.5726,88.3639,2023-07-04,2023,7,4,31.412,80.083,71.583,8.267,227.917,155.583,72.333,207.429,21.788,12.097
Kolkata,22.5726,88.3639,2023-07-05,2023,7,5,29.954,85.125,94.5,8.021,183.125,92.875,90.25,128.429,17.484,9.575
Kolkata,22.5726,88.3639,2023-07-06,2023,7,6,29.304,88.792,95.542,12.325,149.708,57.167,92.542,83.55,14.284,8.601
Kolkata,22.5726,88.3639,2023-07-07,2023,7,7,29.529,86.292,97.458,11.829,158.0,70.833,87.167,99.275,15.096,7.03
Kolkata,22.5726,88.3639,2023-07-08,2023,7,8,29.521,87.583,97.917,7.587,132.417,47.833,84.583,64.204,12.604,5.275
Kolkata,22.5726,88.3639,2023-07-09,2023,7,9,31.033,81.375,82.833,9.083,214.333,120.25,94.083,172.067,20.46,11.976
Kolkata,22.5726,88.3639,2023-07-10,2023,7,10,30.812,83.208,94.917,11.004,168.875,72.208,96.667,109.996,16.104,8.764
Kolkata,22.5726,88.3639,2023-07-11,2023,7,11,30.5,82.542,99.333,13.879,181.792,96.042,85.75,128.058,17.34,9.767
Kolkata,22.5726,88.3639,2023-07-12,2023,7,12,30.379,81.0,94.25,12.454,215.333,124.708,90.625,158.404,20.576,9.975
Kolkata,22.5726,88.3639,2023-07-13,2023,7,13,30.408,83.042,92.583,9.179,202.542,90.042,112.5,116.642,19.344,9.85
Kolkata,22.5726,88.3639,2023-07-14,2023,7,14,30.042,84.917,96.542,7.879,143.667,44.0,99.667,61.208,13.708,6.893
Kolkata,22.5726,88.3639,2023-07-15,2023,7,15,28.438,87.958,93.458,5.612,67.917,14.458,53.458,27.825,6.444,2.099
Kolkata,22.5726,88.3639,2023-07-16,2023,7,16,29.283,85.292,98.958,10.767,171.875,81.667,90.208,105.854,16.4,9.121
Kolkata,22.5726,88.3639,2023-07-17,2023,7,17,29.596,84.583,93.542,9.888,182.125,83.792,98.333,109.358,17.4,7.19
Kolkata,22.5726,88.3639,2023-07-18,2023,7,18,30.075,83.708,63.375,12.85,228.042,145.625,82.417,202.85,21.792,12.178
Kolkata,22.5726,88.3639,2023-07-19,2023,7,19,30.167,82.167,74.25,13.879,210.417,134.792,75.625,179.775,20.088,11.924
Kolkata,22.5726,88.3639,2023-07-20,2023,7,20,30.442,81.417,72.417,13.983,214.708,136.5,78.208,184.696,20.488,11.881
Kolkata,22.5726,88.3639,2023-07-21,2023,7,21,29.729,84.333,99.042,15.071,185.75,97.042,88.708,133.896,17.74,10.939
Kolkata,22.5726,88.3639,2023-07-22,2023,7,22,29.525,85.333,98.375,14.646,178.75,87.042,91.708,120.908,17.072,10.642
Kolkata,22.5726,88.3639,2023-07-23,2023,7,23,29.854,84.417,95.583,12.629,219.292,128.875,90.417,172.487,20.968,11.374
Kolkata,22.5726,88.3639,2023-07-24,2023,7,24,30.233,82.333,84.708,8.808,229.833,150.417,79.417,208.192,21.952,11.972
Kolkata,22.5726,88.3639,2023-07-25,2023,7,25,29.633,84.958,95.208,13.054,227.0,145.708,81.292,197.388,21.684,11.766
Kolkata,22.5726,88.3639,2023-07-26,2023,7,26,29.463,85.0,96.542,13.583,184.917,100.375,84.542,133.075,17.664,10.639
Kolkata,22.5726,88.3639,2023-07-27,2023,7,27,29.617,85.917,86.875,14.013,219.542,139.583,79.958,183.679,20.98,11.235
Kolkata,22.5726,88.3639,2023-07-28,2023,7,28,29.917,85.542,95.792,12.763,227.625,146.375,81.25,197.362,21.756,11.965
Kolkata,22.5726,88.3639,2023-07-29,2023,7,29,29.771,87.708,99.167,8.025,139.042,48.625,90.417,66.392,13.268,5.402
Kolkata,22.5726,88.3639,2023-07-30,2023,7,30,30.479,85.25,90.958,4.971,180.333,97.667,82.667,141.108,17.248,10.626
Kolkata,22.5726,88.3639,2023-07-31,2023,7,31,30.392,86.708,98.958,7.121,172.833,68.417,104.417,93.688,16.516,8.157
Kolkata,22.5726,88.3639,2023-08-01,2023,8,1,29.463,87.917,99.458,10.3,159.125,75.667,83.458,88.567,15.256,7.003
Kolkata,22.5726,88.3639,2023-08-02,2023,8,2,28.217,88.375,99.458,16.75,99.583,33.458,66.125,48.9,9.496,4.079
Kolkata,22.5726,88.3639,2023-08-03,2023,8,3,29.692,83.25,99.875,13.142,163.417,71.542,91.875,100.096,15.624,9.183
Kolkata,22.5726,88.3639,2023-08-04,2023,8,4,30.183,79.083,99.583,13.054,209.208,99.708,109.5,129.629,20.012,10.25
Kolkata,22.5726,88.3639,2023-08-05,2023,8,5,29.592,83.208,99.583,13.075,159.167,77.333,81.833,95.171,15.232,6.541
Kolkata,22.5726,88.3639,2023-08-06,2023,8,6,28.417,88.875,100.0,15.571,99.083,15.417,83.667,18.908,9.472,1.212
Kolkata,22.5726,88.3639,2023-08-07,2023,8,7,27.867,93.042,100.0,14.846,83.708,6.875,76.833,8.283,8.016,0.089
Kolkata,22.5726,88.3639,2023-08-08,2023,8,8,27.846,90.083,99.583,10.717,95.25,26.458,68.792,34.188,9.124,2.819
Kolkata,22.5726,88.3639,2023-08-09,2023,8,9,29.042,86.0,90.583,6.046,134.792,61.542,73.25,72.083,12.908,5.27
Kolkata,22.5726,88.3639,2023-08-10,2023,8,10,29.617,85.125,98.958,5.075,154.75,54.625,100.125,65.133,14.804,5.316
Kolkata,22.5726,88.3639,2023-08-11,2023,8,11,29.533,86.75,96.25,5.671,170.0,76.667,93.333,93.354,16.288,7.052
Kolkata,22.5726,88.3639,2023-08-12,2023,8,12,29.1,88.083,99.292,7.125,129.833,38.625,91.208,47.408,12.436,4.834
Kolkata,22.5726,88.3639,2023-08-13,2023,8,13,28.217,89.667,99.958,6.729,84.583,9.917,74.667,12.275,8.096,0.209
Kolkata,22.5726,88.3639,2023-08-14,2023,8,14,29.142,81.792,90.5,6.138,152.0,61.042,90.958,73.642,14.544,4.884
Kolkata,22.5726,88.3639,2023-08-15,2023,8,15,29.862,86.5,94.458,5.304,149.667,46.5,103.167,52.067,14.336,3.872
Kolkata,22.5726,88.3639,2023-08-16,2023,8,16,29.642,87.125,93.958,5.087,153.208,62.083,91.125,80.858,14.7,6.442
Kolkata,22.5726,88.3639,2023-08-17,2023,8,17,29.258,87.042,88.583,6.129,171.042,85.167,85.875,113.667,16.372,8.871
Kolkata,22.5726,88.3639,2023-08-18,2023,8,18,29.138,86.667,76.458,15.775,194.583,116.917,77.667,165.296,18.632,11.632
Kolkata,22.5726,88.3639,2023-08-19,2023,8,19,29.608,84.042,77.5,13.142,225.542,152.833,72.708,205.358,21.604,11.226
Kolkata,22.5726,88.3639,2023-08-20,2023,8,20,30.404,79.792,96.375,10.65,232.333,149.625,82.708,209.321,22.256,11.753
Kolkata,22.5726,88.3639,2023-08-21,2023,8,21,30.396,82.0,99.083,10.704,200.042,111.625,88.417,156.875,19.164,11.102
Kolkata,22.5726,88.3639,2023-08-22,2023,8,22,29.671,86.625,98.917,9.588,136.042,52.958,83.083,74.225,13.044,6.023
Kolkata,22.5726,88.3639,2023-08-23,2023,8,23,29.558,87.583,98.958,9.438,122.208,34.5,87.708,49.179,11.712,3.843
Kolkata,22.5726,88.3639,2023-08-24,2023,8,24,28.896,88.583,99.833,8.908,110.375,30.333,80.042,35.004,10.584,2.391
Kolkata,22.5726,88.3639,2023-08-25,2023,8,25,27.312,93.708,99.958,10.088,38.375,1.25,37.125,2.096,3.68,0.0
Kolkata,22.5726,88.3639,2023-08-26,2023,8,26,28.117,89.833,99.958,10.05,81.125,18.625,62.5,29.679,7.776,2.712
Kolkata,22.5726,88.3639,2023-08-27,2023,8,27,30.254,82.583,89.583,9.142,218.708,136.875,81.833,184.067,20.964,11.492
Kolkata,22.5726,88.3639,2023-08-28,2023,8,28,30.95,78.75,95.625,7.317,243.25,167.125,76.125,225.346,23.32,12.0
Kolkata,22.5726,88.3639,2023-08-29,2023,8,29,30.996,80.208,86.292,5.258,257.125,191.25,65.875,261.508,24.66,11.598
Kolkata,22.5726,88.3639,2023-08-30,2023,8,30,31.442,79.917,83.958,3.908,219.083,140.125,78.958,192.038,21.012,11.117
Kolkata,22.5726,88.3639,2023-08-31,2023,8,31,31.096,82.458,95.792,5.142,209.542,116.458,93.083,150.829,20.1,8.77
Kolkata,22.5726,88.3639,2023-09-01,2023,9,1,30.654,85.833,80.042,5.592,197.583,114.25,83.333,140.404,18.956,8.41
Kolkata,22.5726,88.3639,2023-09-02,2023,9,2,30.371,83.792,97.875,5.046,193.833,99.625,94.208,134.958,18.592,10.106
Kolkata,22.5726,88.3639,2023-09-03,2023,9,3,29.546,86.0,99.583,5.054,178.125,80.833,97.292,98.596,17.092,7.411
Kolkata,22.5726,88.3639,2023-09-04,2023,9,4,28.488,88.375,99.792,8.521,141.083,48.25,92.833,64.329,13.536,6.014
Kolkata,22.5726,88.3639,2023-09-05,2023,9,5,28.55,88.625,99.875,9.737,138.125,51.958,86.167,66.038,13.252,4.004
Kolkata,22.5726,88.3639,2023-09-06,2023,9,6,29.6,85.833,99.25,9.004,147.792,62.0,85.792,79.208,14.18,6.387
Kolkata,22.5726,88.3639,2023-09-07,2023,9,7,28.475,90.125,99.25,9.733,119.875,42.417,77.458,69.192,11.504,5.355
Kolkata,22.5726,88.3639,2023-09-08,2023,9,8,28.292,90.708,95.583,11.429,145.125,44.042,101.083,58.067,13.924,5.812
Kolkata,22.5726,88.3639,2023-09-09,2023,9,9,29.971,84.958,89.083,9.629,207.375,126.375,81.0,188.538,19.9,12.0
Kolkata,22.5726,88.3639,2023-09-10,2023,9,10,30.438,83.917,70.417,8.646,230.75,165.958,64.792,237.217,22.144,12.0
Kolkata,22.5726,88.3639,2023-09-11,2023,9,11,30.567,83.583,98.75,6.979,185.417,87.0,98.417,117.546,17.796,8.051
Kolkata,22.5726,88.3639,2023-09-12,2023,9,12,29.512,87.167,94.917,5.296,146.0,67.208,78.792,87.033,14.012,6.466
Kolkata,22.5726,88.3639,2023-09-13,2023,9,13,29.454,85.708,97.375,14.033,168.083,86.0,82.083,116.488,16.136,9.187
Kolkata,22.5726,88.3639,2023-09-14,2023,9,14,28.287,89.625,99.708,18.008,134.042,66.583,67.458,86.925,12.868,5.506
Kolkata,22.5726,88.3639,2023-09-15,2023,9,15,28.917,88.458,80.708,12.208,160.125,70.708,89.417,101.587,15.372,8.843
Kolkata,22.5726,88.3639,2023-09-16,2023,9,16,29.938,84.958,54.875,7.667,188.708,110.375,78.333,151.908,18.116,9.936
Kolkata,22.5726,88.3639,2023-09-17,2023,9,17,30.75,81.292,39.375,5.163,244.0,184.0,60.0,265.667,23.424,12.0
Kolkata,22.5726,88.3639,2023-09-18,2023,9,18,29.162,86.458,99.917,4.242,169.792,78.542,91.25,115.496,16.3,8.681
Kolkata,22.5726,88.3639,2023-09-19,2023,9,19,28.258,89.042,98.5,10.142,123.083,43.583,79.5,54.75,11.816,6.137
Kolkata,22.5726,88.3639,2023-09-20,2023,9,20,27.912,91.083,99.792,13.408,112.042,34.458,77.583,51.275,10.756,3.961
Kolkata,22.5726,88.3639,2023-09-21,2023,9,21,28.125,91.875,99.917,15.446,131.875,49.833,82.042,68.55,12.66,5.532
Kolkata,22.5726,88.3639,2023-09-22,2023,9,22,28.296,89.667,99.25,14.521,142.042,60.083,81.958,86.842,13.636,5.635
Kolkata,22.5726,88.3639,2023-09-23,2023,9,23,28.713,89.417,98.875,13.192,167.25,82.333,84.917,121.254,16.056,9.202
Kolkata,22.5726,88.3639,2023-09-24,2023,9,24,28.433,89.333,99.458,10.962,160.958,70.0,90.958,102.587,15.452,9.216
Kolkata,22.5726,88.3639,2023-09-25,2023,9,25,28.867,87.708,96.625,7.371,162.583,82.25,80.333,108.758,15.608,7.284
Kolkata,22.5726,88.3639,2023-09-26,2023,9,26,29.921,85.458,58.333,6.087,207.792,134.042,73.75,198.908,19.948,11.69
Kolkata,22.5726,88.3639,2023-09-27,2023,9,27,30.317,83.958,82.667,4.304,221.917,160.875,61.042,234.913,21.148,11.291
Kolkata,22.5726,88.3639,2023-09-28,2023,9,28,30.688,84.042,96.542,4.521,214.042,134.708,79.333,193.804,20.404,11.075
Kolkata,22.5726,88.3639,2023-09-29,2023,9,29,29.008,91.083,99.917,5.458,144.708,57.75,86.958,84.738,13.848,6.049
Kolkata,22.5726,88.3639,2023-09-30,2023,9,30,27.496,92.417,99.458,16.125,59.25,16.417,42.833,27.492,5.6,2.415
Kolkata,22.5726,88.3639,2023-10-01,2023,10,1,28.117,89.667,97.5,12.883,96.125,28.708,67.417,45.637,9.172,3.356
Kolkata,22.5726,88.3639,2023-10-02,2023,10,2,27.533,91.875,89.375,10.513,108.75,37.625,71.125,53.983,10.38,3.727
Kolkata,22.5726,88.3639,2023-10-03,2023,10,3,27.312,92.875,99.875,12.742,33.375,1.583,31.792,2.179,3.172,0.0
Kolkata,22.5726,88.3639,2023-10-04,2023,10,4,27.021,94.5,99.917,12.879,39.708,5.083,34.625,6.0,3.792,0.097
Kolkata,22.5726,88.3639,2023-10-05,2023,10,5,28.15,91.625,99.958,11.708,117.292,38.208,79.083,49.5,11.2,4.794
Kolkata,22.5726,88.3639,2023-10-06,2023,10,6,28.796,88.0,99.75,8.383,146.833,68.958,77.875,97.779,14.052,8.507
Kolkata,22.5726,88.3639,2023-10-07,2023,10,7,29.25,85.125,60.708,6.146,188.375,124.542,63.833,193.229,17.996,10.756
Kolkata,22.5726,88.3639,2023-10-08,2023,10,8,29.908,84.708,36.667,5.646,205.667,146.208,59.458,220.779,19.632,11.187
Kolkata,22.5726,88.3639,2023-10-09,2023,10,9,30.654,81.958,68.833,5.804,206.958,140.417,66.542,219.192,19.752,11.059
Kolkata,22.5726,88.3639,2023-10-10,2023,10,10,30.704,79.042,15.625,5.983,215.125,158.833,56.292,252.612,20.544,11.327
Kolkata,22.5726,88.3639,2023-10-11,2023,10,11,30.508,79.083,26.5,4.142,219.458,166.125,53.333,256.608,20.96,11.329
Kolkata,22.5726,88.3639,2023-10-12,2023,10,12,30.412,77.25,21.625,5.225,227.708,173.833,53.875,271.004,21.768,11.051
Kolkata,22.5726,88.3639,2023-10-13,2023,10,13,29.65,77.375,8.542,6.233,220.625,163.958,56.667,254.312,21.092,11.193
Kolkata,22.5726,88.3639,2023-10-14,2023,10,14,29.838,78.0,15.25,6.417,210.333,156.333,54.0,246.558,20.1,11.194
Kolkata,22.5726,88.3639,2023-10-15,2023,10,15,28.862,76.458,7.917,6.029,234.083,182.042,52.042,287.9,22.38,11.195
Kolkata,22.5726,88.3639,2023-10-16,2023,10,16,28.621,78.375,25.542,3.717,218.833,164.042,54.792,260.925,20.932,10.986
Kolkata,22.5726,88.3639,2023-10-17,2023,10,17,28.646,82.625,23.583,3.238,202.375,147.083,55.292,235.275,19.368,10.88
Kolkata,22.5726,88.3639,2023-10-18,2023,10,18,28.471,80.75,25.625,5.638,204.333,148.375,55.958,233.487,19.552,10.917
Kolkata,22.5726,88.3639,2023-10-19,2023,10,19,28.15,77.792,6.042,7.362,217.417,165.125,52.292,265.15,20.796,11.058
Kolkata,22.5726,88.3639,2023-10-20,2023,10,20,27.358,76.333,3.875,8.175,226.667,174.583,52.083,280.096,21.688,10.987
Kolkata,22.5726,88.3639,2023-10-21,2023,10,21,26.992,76.167,10.208,8.142,231.208,179.583,51.625,291.192,22.128,10.987
Kolkata,22.5726,88.3639,2023-10-22,2023,10,22,27.438,78.417,89.542,7.817,199.0,137.833,61.167,214.4,19.056,10.456
Kolkata,22.5726,88.3639,2023-10-23,2023,10,23,26.967,83.458,99.875,8.104,140.083,61.25,78.833,92.254,13.42,6.768
Kolkata,22.5726,88.3639,2023-10-24,2023,10,24,26.967,85.208,84.125,11.758,147.375,71.792,75.583,114.779,14.1,8.385
Kolkata,22.5726,88.3639,2023-10-25,2023,10,25,27.6,82.458,38.583,6.742,196.417,141.667,54.75,230.254,18.812,10.594
Kolkata,22.5726,88.3639,2023-10-26,2023,10,26,28.071,77.125,19.417,4.796,201.75,149.417,52.333,243.883,19.324,10.742
Kolkata,22.5726,88.3639,2023-10-27,2023,10,27,27.412,79.042,28.542,4.638,186.625,131.625,55.0,216.938,17.88,10.462
Kolkata,22.5726,88.3639,2023-10-28,2023,10,28,26.458,81.75,25.667,5.862,162.0,108.417,53.583,183.008,15.52,10.611
Kolkata,22.5726,88.3639,2023-10-29,2023,10,29,25.925,75.917,41.708,7.275,206.458,152.708,53.75,252.917,19.78,10.617
Kolkata,22.5726,88.3639,2023-10-30,2023,10,30,25.833,75.208,29.542,6.033,193.833,131.0,62.833,217.017,18.568,10.407
Kolkata,22.5726,88.3639,2023-10-31,2023,10,31,26.458,77.708,16.667,5.717,207.708,153.208,54.5,252.083,19.904,10.485
Kolkata,22.5726,88.3639,2023-11-01,2023,11,1,27.742,75.667,15.417,4.717,195.375,143.458,51.917,238.517,18.72,10.563
Kolkata,22.5726,88.3639,2023-11-02,2023,11,2,27.879,78.042,17.5,4.896,184.125,130.25,53.875,219.883,17.648,10.497
Kolkata,22.5726,88.3639,2023-11-03,2023,11,3,27.35,82.625,31.167,5.225,171.167,120.333,50.833,200.046,16.404,10.306
Kolkata,22.5726,88.3639,2023-11-04,2023,11,4,26.896,84.25,25.167,3.812,163.542,105.375,58.167,170.075,15.68,10.062
Kolkata,22.5726,88.3639,2023-11-05,2023,11,5,26.838,83.958,75.0,4.733,171.625,120.375,51.25,195.792,16.452,9.77
Kolkata,22.5726,88.3639,2023-11-06,2023,11,6,26.238,76.375,34.0,6.983,206.625,157.167,49.458,268.7,19.808,10.303
Kolkata,22.5726,88.3639,2023-11-07,2023,11,7,25.475,74.208,49.75,6.004,197.583,140.375,57.208,235.625,18.944,10.017
Kolkata,22.5726,88.3639,2023-11-08,2023,11,8,24.904,75.0,12.875,6.058,202.917,150.917,52.0,262.2,19.456,10.461
Kolkata,22.5726,88.3639,2023-11-09,2023,11,9,25.396,73.25,14.333,4.621,206.625,158.083,48.542,275.846,19.812,10.468
Kolkata,22.5726,88.3639,2023-11-10,2023,11,10,24.929,76.167,11.417,6.583,207.0,160.25,46.75,279.592,19.848,10.401
Kolkata,22.5726,88.3639,2023-11-11,2023,11,11,24.892,77.667,3.083,7.725,201.792,154.083,47.708,270.075,19.348,10.333
Kolkata,22.5726,88.3639,2023-11-12,2023,11,12,25.125,77.083,4.542,8.071,202.417,155.083,47.333,272.512,19.412,10.34
Kolkata,22.5726,88.3639,2023-11-13,2023,11,13,24.771,75.583,6.75,9.3,205.917,159.375,46.542,281.746,19.748,10.346
Kolkata,22.5726,88.3639,2023-11-14,2023,11,14,24.404,76.625,80.167,8.175,193.667,137.333,56.333,245.221,18.572,10.278
Kolkata,22.5726,88.3639,2023-11-15,2023,11,15,24.996,73.917,97.75,7.746,158.792,77.458,81.333,131.912,15.232,9.109
Kolkata,22.5726,88.3639,2023-11-16,2023,11,16,24.529,80.958,100.0,11.517,101.333,33.458,67.875,54.921,9.716,3.272
Kolkata,22.5726,88.3639,2023-11-17,2023,11,17,24.304,84.667,61.667,15.588,100.417,45.917,54.5,83.087,9.624,6.053
Kolkata,22.5726,88.3639,2023-11-18,2023,11,18,24.612,79.667,27.708,7.542,171.042,115.0,56.042,202.083,16.404,10.08
Kolkata,22.5726,88.3639,2023-11-19,2023,11,19,24.888,76.958,31.333,7.546,152.5,85.333,67.167,155.054,14.624,10.0
Kolkata,22.5726,88.3639,2023-11-20,2023,11,20,25.25,73.375,84.167,6.65,179.375,118.792,60.583,203.267,17.204,9.224
Kolkata,22.5726,88.3639,2023-11-21,2023,11,21,24.783,74.917,47.833,5.779,158.5,102.375,56.125,180.892,15.2,9.307
Kolkata,22.5726,88.3639,2023-11-22,2023,11,22,23.383,75.75,5.208,7.533,180.375,128.75,51.625,228.796,17.3,9.873
Kolkata,22.5726,88.3639,2023-11-23,2023,11,23,22.412,76.208,1.583,7.425,196.042,150.833,45.208,277.458,18.804,10.111
Kolkata,22.5726,88.3639,2023-11-24,2023,11,24,22.996,75.667,26.708,6.467,184.542,135.083,49.458,244.688,17.7,10.0
Kolkata,22.5726,88.3639,2023-11-25,2023,11,25,23.467,72.875,35.958,8.625,159.167,101.417,57.75,185.592,15.264,10.0
Kolkata,22.5726,88.3639,2023-11-26,2023,11,26,23.296,72.875,25.417,8.817,177.042,127.958,49.083,235.138,16.98,10.0
Kolkata,22.5726,88.3639,2023-11-27,2023,11,27,23.388,73.625,77.208,3.754,169.208,99.875,69.333,176.188,16.232,9.166
Kolkata,22.5726,88.3639,2023-11-28,2023,11,28,23.783,71.167,13.583,5.608,189.417,145.792,43.625,271.496,18.168,10.0
Kolkata,22.5726,88.3639,2023-11-29,2023,11,29,24.096,75.458,20.75,5.446,172.958,118.958,54.0,225.046,16.588,10.0
Kolkata,22.5726,88.3639,2023-11-30,2023,11,30,24.475,77.5,24.083,6.75,181.625,136.667,44.958,255.517,17.42,10.003
Kolkata,22.5726,88.3639,2023-12-01,2023,12,1,24.463,71.417,4.917,8.712,184.25,141.625,42.625,265.558,17.672,10.0
Kolkata,22.5726,88.3639,2023-12-02,2023,12,2,24.525,73.083,77.25,9.487,181.0,136.25,44.75,253.95,17.36,10.0
Kolkata,22.5726,88.3639,2023-12-03,2023,12,3,24.463,75.417,99.792,8.583,172.833,112.958,59.875,207.246,16.576,9.814
Kolkata,22.5726,88.3639,2023-12-04,2023,12,4,24.238,74.917,99.917,6.825,74.375,26.042,48.333,45.233,7.136,5.093
Kolkata,22.5726,88.3639,2023-12-05,2023,12,5,24.458,72.083,99.167,7.679,43.167,9.333,33.833,19.333,4.14,1.367
Kolkata,22.5726,88.3639,2023-12-06,2023,12,6,22.812,81.375,99.542,10.779,54.292,11.083,43.208,20.012,5.208,0.86
Kolkata,22.5726,88.3639,2023-12-07,2023,12,7,20.162,94.083,99.458,10.167,16.958,0.25,16.708,1.079,1.624,0.0
Kolkata,22.5726,88.3639,2023-12-08,2023,12,8,21.388,87.833,83.5,7.417,104.125,41.458,62.667,70.429,9.988,4.348
Kolkata,22.5726,88.3639,2023-12-09,2023,12,9,21.333,84.042,13.625,8.492,176.208,129.667,46.542,246.954,16.9,10.0
Kolkata,22.5726,88.3639,2023-12-10,2023,12,10,20.267,77.042,18.917,7.942,180.0,134.625,45.375,258.354,17.26,10.0
Kolkata,22.5726,88.3639,2023-12-11,2023,12,11,19.229,73.0,0.125,9.221,191.167,149.333,41.833,288.012,18.332,10.0
Kolkata,22.5726,88.3639,2023-12-12,2023,12,12,18.95,75.292,17.792,8.079,189.583,147.792,41.792,283.471,18.18,10.0
Kolkata,22.5726,88.3639,2023-12-13,2023,12,13,19.129,73.208,7.792,6.892,185.958,143.917,42.042,279.012,17.832,10.0
Kolkata,22.5726,88.3639,2023-12-14,2023,12,14,18.971,73.75,24.125,8.1,188.917,147.417,41.5,285.096,18.112,10.0
Kolkata,22.5726,88.3639,2023-12-15,2023,12,15,18.317,74.375,0.75,9.183,190.083,148.75,41.333,288.646,18.224,10.0
Kolkata,22.5726,88.3639,2023-12-16,2023,12,16,18.304,74.958,0.0,8.7,189.917,148.667,41.25,288.729,18.208,10.0
Kolkata,22.5726,88.3639,2023-12-17,2023,12,17,18.279,74.333,8.458,8.417,189.125,147.542,41.583,286.367,18.132,10.0
Kolkata,22.5726,88.3639,2023-12-18,2023,12,18,18.408,73.5,38.625,8.021,184.333,141.833,42.5,275.283,17.668,10.0
Kolkata,22.5726,88.3639,2023-12-19,2023,12,19,18.412,69.75,33.417,8.562,187.542,145.875,41.667,283.8,17.976,10.0
Kolkata,22.5726,88.3639,2023-12-20,2023,12,20,18.817,72.083,15.0,9.367,185.5,143.667,41.833,278.704,17.78,10.0
Kolkata,22.5726,88.3639,2023-12-21,2023,12,21,18.8,73.333,76.708,8.8,178.292,129.292,49.0,251.329,17.088,10.0
Kolkata,22.5726,88.3639,2023-12-22,2023,12,22,20.146,74.833,72.25,6.804,159.5,101.875,57.625,192.817,15.288,9.818
Kolkata,22.5726,88.3639,2023-12-23,2023,12,23,21.15,77.125,67.042,6.554,138.458,79.458,59.0,148.196,13.272,7.107
Kolkata,22.5726,88.3639,2023-12-24,2023,12,24,20.308,83.333,32.292,6.454,156.792,106.542,50.25,212.608,15.02,10.0
Kolkata,22.5726,88.3639,2023-12-25,2023,12,25,19.683,82.167,6.917,6.979,173.708,126.0,47.708,249.029,16.64,10.0
Kolkata,22.5726,88.3639,2023-12-26,2023,12,26,20.121,77.833,21.958,6.283,169.333,122.25,47.083,239.071,16.22,10.0
Kolkata,22.5726,88.3639,2023-12-27,2023,12,27,20.8,78.75,35.667,7.033,148.5,98.333,50.167,191.517,14.232,10.0
Kolkata,22.5726,88.3639,2023-12-28,2023,12,28,21.121,77.333,31.292,6.858,134.667,81.958,52.708,156.808,12.904,6.63
Kolkata,22.5726,88.3639,2023-12-29,2023,12,29,20.779,77.333,4.917,8.371,177.75,131.125,46.625,256.308,17.02,10.075
Kolkata,22.5726,88.3639,2023-12-30,2023,12,30,20.488,77.917,16.083,8.804,164.833,111.125,53.708,215.4,15.776,10.07
Kolkata,22.5726,88.3639,2023-12-31,2023,12,31,19.058,81.083,16.125,8.962,177.0,130.375,46.625,253.925,16.944,10.065
Kolkata,22.5726,88.3639,2024-01-01,2024,1,1,18.483,82.292,0.417,8.608,184.25,139.792,44.458,270.529,17.636,10.059
Kolkata,22.5726,88.3639,2024-01-02,2024,1,2,17.446,76.833,0.0,8.196,190.125,149.0,41.125,287.588,18.196,10.13
Kolkata,22.5726,88.3639,2024-01-03,2024,1,3,17.5,80.167,0.625,7.746,191.583,149.917,41.667,288.762,18.332,10.124
Kolkata,22.5726,88.3639,2024-01-04,2024,1,4,18.779,79.75,2.25,6.696,179.25,137.917,41.333,265.346,17.148,10.119
Kolkata,22.5726,88.3639,2024-01-05,2024,1,5,19.362,78.417,4.75,7.383,186.917,145.667,41.25,277.521,17.884,10.113
Kolkata,22.5726,88.3639,2024-01-06,2024,1,6,19.742,76.75,16.167,8.121,184.375,142.417,41.958,272.071,17.644,10.107
Kolkata,22.5726,88.3639,2024-01-07,2024,1,7,20.287,76.625,2.833,8.529,183.417,141.167,42.25,266.488,17.544,10.177
Kolkata,22.5726,88.3639,2024-01-08,2024,1,8,19.762,81.333,1.583,9.192,185.625,142.667,42.958,269.308,17.756,10.171
Kolkata,22.5726,88.3639,2024-01-09,2024,1,9,19.067,79.333,0.0,7.929,193.083,151.458,41.625,288.862,18.456,10.317
Kolkata,22.5726,88.3639,2024-01-10,2024,1,10,19.708,77.333,19.292,4.721,185.292,141.125,44.167,261.683,17.712,10.311
Kolkata,22.5726,88.3639,2024-01-11,2024,1,11,19.433,76.667,19.333,8.108,148.625,87.833,60.792,162.013,14.184,8.853
Kolkata,22.5726,88.3639,2024-01-12,2024,1,12,16.417,76.375,0.167,9.525,199.958,157.792,42.167,300.196,19.104,10.45
Kolkata,22.5726,88.3639,2024-01-13,2024,1,13,15.983,73.75,0.0,8.308,201.583,160.125,41.458,303.525,19.256,10.52
Kolkata,22.5726,88.3639,2024-01-14,2024,1,14,15.521,79.208,0.0,7.5,200.792,159.167,41.625,300.458,19.172,10.589
Kolkata,22.5726,88.3639,2024-01-15,2024,1,15,15.467,81.917,22.042,7.442,187.042,136.0,51.042,262.608,17.848,10.582
Kolkata,22.5726,88.3639,2024-01-16,2024,1,16,16.342,81.083,27.5,5.571,184.5,132.083,52.417,229.958,17.616,9.521
Kolkata,22.5726,88.3639,2024-01-17,2024,1,17,17.025,82.083,41.083,5.529,166.542,116.833,49.708,205.629,15.932,8.0
Kolkata,22.5726,88.3639,2024-01-18,2024,1,18,17.192,90.0,81.917,6.5,57.667,17.875,39.792,38.238,5.508,4.16
Kolkata,22.5726,88.3639,2024-01-19,2024,1,19,18.108,86.75,60.333,7.8,127.667,67.583,60.083,111.587,12.172,7.485
Kolkata,22.5726,88.3639,2024-01-20,2024,1,20,16.796,85.958,48.083,7.808,198.75,153.167,45.583,281.725,18.956,10.621
Kolkata,22.5726,88.3639,2024-01-21,2024,1,21,17.592,82.542,74.875,4.771,98.792,45.583,53.208,76.129,9.44,5.831
Kolkata,22.5726,88.3639,2024-01-22,2024,1,22,15.196,81.083,50.417,9.025,208.833,165.542,43.292,303.679,19.908,10.737
Kolkata,22.5726,88.3639,2024-01-23,2024,1,23,16.208,77.208,50.542,6.358,198.792,153.792,45.0,280.338,18.96,10.674
Kolkata,22.5726,88.3639,2024-01-24,2024,1,24,17.35,82.625,81.708,4.475,74.042,38.208,35.833,56.375,7.092,5.0
Kolkata,22.5726,88.3639,2024-01-25,2024,1,25,17.254,84.5,40.25,6.312,145.583,79.75,65.833,137.688,13.864,8.83
Kolkata,22.5726,88.3639,2024-01-26,2024,1,26,17.142,77.333,26.583,8.158,207.125,161.5,45.625,293.8,19.724,10.784
Kolkata,22.5726,88.3639,2024-01-27,2024,1,27,16.925,72.042,47.0,7.638,198.875,136.0,62.875,240.612,18.92,10.291
Kolkata,22.5726,88.3639,2024-01-28,2024,1,28,17.471,73.125,6.25,5.65,211.625,167.333,44.292,300.892,20.148,10.807
Kolkata,22.5726,88.3639,2024-01-29,2024,1,29,18.421,75.833,11.958,5.792,209.25,163.708,45.542,292.917,19.916,10.818
Kolkata,22.5726,88.3639,2024-01-30,2024,1,30,20.358,81.0,25.292,9.221,194.083,146.0,48.083,253.65,18.5,10.473
Kolkata,22.5726,88.3639,2024-01-31,2024,1,31,21.829,84.875,73.583,6.413,146.625,78.833,67.792,134.671,13.952,9.299
Kolkata,22.5726,88.3639,2024-02-01,2024,2,1,21.154,90.833,60.375,5.104,122.542,67.167,55.375,114.992,11.66,8.978
Kolkata,22.5726,88.3639,2024-02-02,2024,2,2,22.25,84.875,42.792,6.488,164.583,103.792,60.792,179.446,15.652,10.747
Kolkata,22.5726,88.3639,2024-02-03,2024,2,3,21.625,73.583,19.458,6.663,218.208,172.583,45.625,299.612,20.74,10.873
Kolkata,22.5726,88.3639,2024-02-04,2024,2,4,20.838,72.333,9.042,6.821,216.792,170.083,46.708,293.467,20.604,10.883
Kolkata,22.5726,88.3639,2024-02-05,2024,2,5,22.121,75.708,5.375,5.3,210.375,160.417,49.958,274.233,19.992,10.894
Kolkata,22.5726,88.3639,2024-02-06,2024,2,6,23.162,84.667,50.542,7.371,123.792,53.75,70.042,88.008,11.732,8.366
Kolkata,22.5726,88.3639,2024-02-07,2024,2,7,21.946,74.917,11.583,8.879,208.333,158.958,49.375,271.1,19.78,10.914
Kolkata,22.5726,88.3639,2024-02-08,2024,2,8,20.217,64.667,35.333,7.812,222.917,175.5,47.417,302.304,21.164,10.924
Kolkata,22.5726,88.3639,2024-02-09,2024,2,9,18.562,66.042,17.75,9.608,231.542,183.5,48.042,315.633,21.976,10.934
Kolkata,22.5726,88.3639,2024-02-10,2024,2,10,18.812,67.167,0.083,9.125,233.5,186.875,46.625,319.812,22.416,10.944
Kolkata,22.5726,88.3639,2024-02-11,2024,2,11,19.775,67.542,9.167,6.871,229.333,181.958,47.375,309.546,22.016,10.954
Kolkata,22.5726,88.3639,2024-02-12,2024,2,12,21.367,68.708,63.5,4.458,220.292,169.708,50.583,284.096,21.148,10.964
Kolkata,22.5726,88.3639,2024-02-13,2024,2,13,21.667,76.625,81.292,4.913,185.5,120.875,64.625,200.642,17.808,10.596
Kolkata,22.5726,88.3639,2024-02-14,2024,2,14,22.188,76.125,94.208,5.254,208.833,139.25,69.583,229.667,20.048,10.983
Kolkata,22.5726,88.3639,2024-02-15,2024,2,15,23.312,74.708,43.417,4.167,213.708,155.375,58.333,251.946,20.516,10.993
Kolkata,22.5726,88.3639,2024-02-16,2024,2,16,23.279,77.583,10.917,8.579,213.375,158.958,54.417,261.262,20.484,11.0
Kolkata,22.5726,88.3639,2024-02-17,2024,2,17,22.375,73.417,0.417,7.512,233.042,182.958,50.083,301.862,22.372,11.0
Kolkata,22.5726,88.3639,2024-02-18,2024,2,18,23.267,79.917,23.958,6.262,198.917,141.083,57.833,242.763,19.096,11.0
Kolkata,22.5726,88.3639,2024-02-19,2024,2,19,24.792,83.917,42.625,8.513,174.625,112.417,62.208,169.85,16.764,9.852
Kolkata,22.5726,88.3639,2024-02-20,2024,2,20,26.533,81.958,41.083,10.696,211.125,156.208,54.917,238.288,20.268,10.739
Kolkata,22.5726,88.3639,2024-02-21,2024,2,21,26.146,76.875,53.667,5.7,194.542,139.75,54.792,210.75,18.676,10.674
Kolkata,22.5726,88.3639,2024-02-22,2024,2,22,25.283,81.875,46.583,7.367,172.75,114.625,58.125,189.788,16.584,11.0
Kolkata,22.5726,88.3639,2024-02-23,2024,2,23,23.971,74.125,29.417,9.508,197.75,142.208,55.542,215.346,18.984,10.806
Kolkata,22.5726,88.3639,2024-02-24,2024,2,24,23.375,71.708,36.75,8.492,153.667,104.917,48.75,178.112,14.752,10.87
Kolkata,22.5726,88.3639,2024-02-25,2024,2,25,22.062,70.917,40.417,10.371,147.708,91.958,55.75,143.929,14.18,10.363
Kolkata,22.5726,88.3639,2024-02-26,2024,2,26,22.792,69.667,29.917,7.996,214.0,151.75,62.25,242.862,20.544,11.0
Kolkata,22.5726,88.3639,2024-02-27,2024,2,27,23.412,65.042,71.458,6.204,225.167,148.458,76.708,227.858,21.616,11.0
Kolkata,22.5726,88.3639,2024-02-28,2024,2,28,24.483,72.792,21.333,6.383,234.333,180.542,53.792,279.812,22.496,11.0
Kolkata,22.5726,88.3639,2024-02-29,2024,2,29,24.612,66.917,2.75,7.492,248.958,196.083,52.875,309.671,23.896,11.0
Kolkata,22.5726,88.3639,2024-03-01,2024,3,1,24.642,68.625,3.125,6.758,249.5,197.625,51.875,309.225,23.948,11.044
Kolkata,22.5726,88.3639,2024-03-02,2024,3,2,24.917,75.25,17.0,4.642,238.625,183.875,54.75,283.542,22.904,11.0
Kolkata,22.5726,88.3639,2024-03-03,2024,3,3,25.592,76.125,47.167,6.092,225.625,171.083,54.542,248.821,21.66,10.334
Kolkata,22.5726,88.3639,2024-03-04,2024,3,4,25.612,70.958,33.75,7.771,207.75,152.583,55.167,220.454,19.944,10.967
Kolkata,22.5726,88.3639,2024-03-05,2024,3,5,26.242,73.0,4.042,7.846,247.042,192.542,54.5,296.321,23.712,11.084
Kolkata,22.5726,88.3639,2024-03-06,2024,3,6,24.429,65.833,1.292,8.346,264.25,212.625,51.625,329.171,25.364,11.145
Kolkata,22.5726,88.3639,2024-03-07,2024,3,7,23.4,69.625,41.917,6.383,156.333,94.833,61.5,169.667,15.004,9.068
Kolkata,22.5726,88.3639,2024-03-08,2024,3,8,24.729,56.042,3.667,7.65,264.208,212.25,51.958,325.213,25.36,11.13
Kolkata,22.5726,88.3639,2024-03-09,2024,3,9,24.075,56.958,0.0,8.062,272.292,221.208,51.083,339.975,26.136,11.33
Kolkata,22.5726,88.3639,2024-03-10,2024,3,10,24.329,56.708,0.0,8.237,274.875,223.458,51.417,342.667,26.38,11.392
Kolkata,22.5726,88.3639,2024-03-11,2024,3,11,25.171,60.208,0.0,5.171,274.458,223.042,51.417,339.979,26.34,11.384
Kolkata,22.5726,88.3639,2024-03-12,2024,3,12,27.429,80.25,36.708,6.229,240.0,178.833,61.167,269.904,23.032,11.237
Kolkata,22.5726,88.3639,2024-03-13,2024,3,13,28.112,79.5,42.208,8.192,209.542,149.125,60.417,204.092,20.112,9.759
Kolkata,22.5726,88.3639,2024-03-14,2024,3,14,28.208,82.75,45.208,7.767,202.5,125.375,77.125,189.85,19.436,10.892
Kolkata,22.5726,88.3639,2024-03-15,2024,3,15,28.5,76.958,44.292,6.571,228.958,171.083,57.875,243.571,21.972,11.214
Kolkata,22.5726,88.3639,2024-03-16,2024,3,16,27.808,79.042,35.708,6.483,233.917,165.375,68.542,231.429,22.448,10.178
Kolkata,22.5726,88.3639,2024-03-17,2024,3,17,26.871,77.375,34.75,6.233,228.125,159.042,69.083,232.171,21.892,11.337
Kolkata,22.5726,88.3639,2024-03-18,2024,3,18,27.025,82.0,69.417,5.292,200.042,129.042,71.0,197.2,19.196,10.189
Kolkata,22.5726,88.3639,2024-03-19,2024,3,19,26.542,76.083,75.167,7.254,185.208,102.792,82.417,157.396,17.772,11.113
Kolkata,22.5726,88.3639,2024-03-20,2024,3,20,20.617,91.75,95.583,7.596,61.875,9.0,52.875,14.133,5.936,0.593
Kolkata,22.5726,88.3639,2024-03-21,2024,3,21,21.708,85.417,58.792,4.454,209.542,138.458,71.083,188.142,20.108,9.865
Kolkata,22.5726,88.3639,2024-03-22,2024,3,22,24.338,76.375,21.5,5.479,228.833,164.375,64.458,240.825,21.956,11.435
Kolkata,22.5726,88.3639,2024-03-23,2024,3,23,27.0,79.083,7.333,9.383,263.458,196.625,66.833,284.529,25.28,11.634
Kolkata,22.5726,88.3639,2024-03-24,2024,3,24,28.688,79.5,29.75,12.442,277.0,219.375,57.625,315.588,26.58,11.822
Kolkata,22.5726,88.3639,2024-03-25,2024,3,25,28.138,83.125,64.917,8.688,255.833,188.417,67.417,255.263,24.548,11.166
Kolkata,22.5726,88.3639,2024-03-26,2024,3,26,27.787,76.583,19.667,8.138,268.375,207.792,60.583,293.262,25.752,11.854
Kolkata,22.5726,88.3639,2024-03-27,2024,3,27,29.021,80.25,26.958,7.696,268.75,211.458,57.292,297.154,25.784,11.87
Kolkata,22.5726,88.3639,2024-03-28,2024,3,28,29.525,78.042,48.917,5.517,267.792,207.75,60.042,290.158,25.696,11.886
Kolkata,22.5726,88.3639,2024-03-29,2024,3,29,29.958,81.917,46.75,8.808,258.625,191.583,67.042,265.275,24.816,11.657
Kolkata,22.5726,88.3639,2024-03-30,2024,3,30,30.929,80.875,58.792,6.967,262.583,195.292,67.292,269.996,25.192,11.918
Kolkata,22.5726,88.3639,2024-03-31,2024,3,31,30.679,75.958,28.25,10.308,271.375,213.208,58.167,301.108,26.036,11.934
Kolkata,22.5726,88.3639,2024-04-01,2024,4,1,31.333,69.375,5.292,10.058,289.583,234.583,55.0,336.858,27.78,11.949
Kolkata,22.5726,88.3639,2024-04-02,2024,4,2,31.392,68.583,12.0,5.283,288.958,233.333,55.625,334.275,27.72,11.964
Kolkata,22.5726,88.3639,2024-04-03,2024,4,3,31.246,72.917,30.125,6.688,283.708,225.0,58.708,313.646,27.216,11.979
Kolkata,22.5726,88.3639,2024-04-04,2024,4,4,30.871,81.167,42.417,12.396,269.917,209.75,60.167,279.067,25.892,11.614
Kolkata,22.5726,88.3639,2024-04-05,2024,4,5,31.825,79.0,38.667,9.975,276.667,218.292,58.375,307.483,26.54,12.0
Kolkata,22.5726,88.3639,2024-04-06,2024,4,6,31.95,80.417,34.042,7.892,276.667,216.542,60.125,295.862,26.54,12.0
Kolkata,22.5726,88.3639,2024-04-07,2024,4,7,29.596,78.75,55.75,6.879,205.625,124.458,81.167,176.754,19.72,11.016
Kolkata,22.5726,88.3639,2024-04-08,2024,4,8,27.942,62.583,62.125,10.317,168.667,90.292,78.375,135.371,16.184,9.714
Kolkata,22.5726,88.3639,2024-04-09,2024,4,9,29.221,63.875,54.125,6.779,283.542,209.458,74.083,285.471,27.196,12.0
Kolkata,22.5726,88.3639,2024-04-10,2024,4,10,29.504,67.792,45.625,5.712,267.375,203.667,63.708,273.642,25.644,11.752
Kolkata,22.5726,88.3639,2024-04-11,2024,4,11,27.375,72.917,92.083,6.479,130.917,34.208,96.708,48.779,12.556,4.803
Kolkata,22.5726,88.3639,2024-04-12,2024,4,12,28.733,64.917,48.667,5.404,277.375,203.5,73.875,267.492,26.612,10.016
Kolkata,22.5726,88.3639,2024-04-13,2024,4,13,29.738,67.583,19.583,5.746,277.167,217.333,59.833,301.012,26.58,12.0
Kolkata,22.5726,88.3639,2024-04-14,2024,4,14,30.662,67.625,35.375,5.933,281.167,215.0,66.167,281.15,26.968,11.44
Kolkata,22.5726,88.3639,2024-04-15,2024,4,15,31.429,70.417,19.0,9.008,274.375,214.292,60.083,292.95,26.32,12.0
Kolkata,22.5726,88.3639,2024-04-16,2024,4,16,32.321,66.333,14.042,8.533,273.958,213.75,60.208,296.629,26.272,12.0
Kolkata,22.5726,88.3639,2024-04-17,2024,4,17,32.708,65.083,16.5,9.404,260.875,192.25,68.625,266.675,25.02,12.0
Kolkata,22.5726,88.3639,2024-04-18,2024,4,18,32.075,61.208,19.5,7.054,306.375,247.708,58.667,347.7,29.376,12.0
Kolkata,22.5726,88.3639,2024-04-19,2024,4,19,32.825,62.792,6.458,13.821,298.875,239.625,59.25,335.817,28.656,12.0
Kolkata,22.5726,88.3639,2024-04-20,2024,4,20,33.033,68.792,3.75,13.7,298.125,238.917,59.208,327.117,28.588,12.0
Kolkata,22.5726,88.3639,2024-04-21,2024,4,21,33.333,67.875,26.833,10.229,294.875,234.75,60.125,324.633,28.276,12.0
Kolkata,22.5726,88.3639,2024-04-22,2024,4,22,32.792,58.667,56.375,6.112,290.875,205.958,84.917,280.854,27.892,11.861
Kolkata,22.5726,88.3639,2024-04-23,2024,4,23,32.979,53.917,36.917,8.658,284.917,203.833,81.083,281.146,27.32,12.0
Kolkata,22.5726,88.3639,2024-04-24,2024,4,24,33.475,57.042,10.625,11.45,290.25,229.792,60.458,316.071,27.824,12.0
Kolkata,22.5726,88.3639,2024-04-25,2024,4,25,33.521,55.333,1.167,7.421,304.167,240.875,63.292,335.688,29.156,12.0
Kolkata,22.5726,88.3639,2024-04-26,2024,4,26,33.362,72.125,7.5,11.433,281.917,219.042,62.875,298.371,27.024,12.0
Kolkata,22.5726,88.3639,2024-04-27,2024,4,27,33.746,70.625,6.208,11.479,296.0,233.625,62.375,321.412,28.372,12.0
Kolkata,22.5726,88.3639,2024-04-28,2024,4,28,34.054,67.833,20.625,9.55,294.167,227.917,66.25,307.562,28.208,12.0
Kolkata,22.5726,88.3639,2024-04-29,2024,4,29,33.979,59.208,3.208,8.938,298.708,238.375,60.333,326.158,28.628,12.0
Kolkata,22.5726,88.3639,2024-04-30,2024,4,30,35.125,56.167,9.5,12.846,281.5,221.5,60.0,299.188,26.984,12.0
Kolkata,22.5726,88.3639,2024-05-01,2024,5,1,34.317,53.042,6.958,9.217,307.0,246.292,60.708,335.583,29.432,12.0
Kolkata,22.5726,88.3639,2024-05-02,2024,5,2,33.546,69.833,10.333,10.9,288.917,225.375,63.542,304.312,27.688,12.0
Kolkata,22.5726,88.3639,2024-05-03,2024,5,3,33.1,63.667,2.083,7.646,316.792,256.458,60.333,353.271,30.356,12.029
Kolkata,22.5726,88.3639,2024-05-04,2024,5,4,32.383,75.958,52.583,14.371,275.5,200.125,75.375,266.392,26.4,12.0
Kolkata,22.5726,88.3639,2024-05-05,2024,5,5,32.525,75.333,47.708,18.371,281.917,208.208,73.708,276.679,27.012,12.0
Kolkata,22.5726,88.3639,2024-05-06,2024,5,6,30.608,77.75,84.583,19.342,189.542,81.375,108.167,115.371,18.176,9.129
Kolkata,22.5726,88.3639,2024-05-07,2024,5,7,28.762,76.833,69.458,10.071,215.625,124.833,90.792,173.288,20.656,11.574
Kolkata,22.5726,88.3639,2024-05-08,2024,5,8,27.167,83.792,49.458,8.088,195.542,110.167,85.375,151.804,18.724,11.772
Kolkata,22.5726,88.3639,2024-05-09,2024,5,9,27.446,84.833,57.792,6.329,218.333,136.292,82.042,178.092,20.932,10.726
Kolkata,22.5726,88.3639,2024-05-10,2024,5,10,27.617,84.167,31.25,6.488,193.083,97.667,95.417,143.808,18.492,11.664
Kolkata,22.5726,88.3639,2024-05-11,2024,5,11,28.362,84.417,51.667,10.542,220.542,136.125,84.417,178.45,21.128,11.263
Kolkata,22.5726,88.3639,2024-05-12,2024,5,12,28.092,81.75,46.042,6.821,177.25,102.292,74.958,132.996,16.964,9.983
Kolkata,22.5726,88.3639,2024-05-13,2024,5,13,29.817,80.208,62.042,6.296,234.417,136.208,98.208,185.138,22.452,11.909
Kolkata,22.5726,88.3639,2024-05-14,2024,5,14,30.629,78.0,16.958,7.504,269.708,197.375,72.333,263.412,25.836,12.0
Kolkata,22.5726,88.3639,2024-05-15,2024,5,15,31.037,76.625,47.583,8.417,295.375,224.208,71.167,300.008,28.288,12.0
Kolkata,22.5726,88.3639,2024-05-16,2024,5,16,31.704,78.042,35.375,9.608,248.625,158.167,90.458,230.158,23.796,12.134
Kolkata,22.5726,88.3639,2024-05-17,2024,5,17,32.296,76.917,61.792,11.425,274.292,179.417,94.875,242.812,26.256,12.058
Kolkata,22.5726,88.3639,2024-05-18,2024,5,18,32.121,76.833,60.958,10.167,264.917,179.75,85.167,234.692,25.38,11.675
Kolkata,22.5726,88.3639,2024-05-19,2024,5,19,31.612,76.5,72.375,10.529,224.583,116.333,108.25,148.487,21.488,10.033
Kolkata,22.5726,88.3639,2024-05-20,2024,5,20,29.75,81.667,36.958,9.692,237.417,157.125,80.292,210.179,22.724,11.727
Kolkata,22.5726,88.3639,2024-05-21,2024,5,21,30.533,78.792,21.042,7.062,258.083,180.333,77.75,236.921,24.7,12.044
Kolkata,22.5726,88.3639,2024-05-22,2024,5,22,30.558,80.458,28.542,9.225,254.208,176.75,77.458,241.008,24.34,12.041
Kolkata,22.5726,88.3639,2024-05-23,2024,5,23,31.042,79.667,24.292,6.033,259.833,184.917,74.917,245.017,24.876,12.0
Kolkata,22.5726,88.3639,2024-05-24,2024,5,24,31.65,78.083,12.958,7.7,272.667,202.5,70.167,267.538,26.104,12.034
Kolkata,22.5726,88.3639,2024-05-25,2024,5,25,31.792,78.25,54.917,9.871,253.458,177.167,76.292,240.788,24.256,12.0
Kolkata,22.5726,88.3639,2024-05-26,2024,5,26,28.762,86.75,99.875,28.458,79.75,18.958,60.792,21.096,7.648,1.743
Kolkata,22.5726,88.3639,2024-05-27,2024,5,27,26.817,92.5,100.0,32.454,22.375,2.167,20.208,2.304,2.136,0.0
Kolkata,22.5726,88.3639,2024-05-28,2024,5,28,30.112,85.292,99.25,13.388,211.917,90.958,120.958,124.504,20.28,10.658
Kolkata,22.5726,88.3639,2024-05-29,2024,5,29,31.75,85.5,85.333,22.45,253.333,152.75,100.583,207.521,24.232,12.038
Kolkata,22.5726,88.3639,2024-05-30,2024,5,30,32.062,79.042,69.333,20.583,240.292,141.375,98.917,180.737,22.98,10.09
Kolkata,22.5726,88.3639,2024-05-31,2024,5,31,28.204,88.417,68.875,14.487,124.792,35.042,89.75,56.942,11.92,5.88
Kolkata,22.5726,88.3639,2024-06-01,2024,6,1,30.779,84.292,57.917,16.767,221.375,121.958,99.417,167.783,21.172,11.843
Kolkata,22.5726,88.3639,2024-06-02,2024,6,2,31.213,82.042,45.0,17.025,209.667,114.042,95.625,152.604,20.048,10.366
Kolkata,22.5726,88.3639,2024-06-03,2024,6,3,30.758,80.5,39.042,15.4,268.833,192.5,76.333,251.35,25.708,12.229
Kolkata,22.5726,88.3639,2024-06-04,2024,6,4,31.196,82.625,20.292,14.608,287.958,215.0,72.958,289.608,27.544,12.226
Kolkata,22.5726,88.3639,2024-06-05,2024,6,5,31.308,80.417,18.542,10.833,268.583,185.208,83.375,248.688,25.684,12.224
Kolkata,22.5726,88.3639,2024-06-06,2024,6,6,31.883,81.708,38.792,7.771,268.792,195.083,73.708,257.867,25.724,12.0
Kolkata,22.5726,88.3639,2024-06-07,2024,6,7,32.221,78.417,27.708,10.967,297.125,228.417,68.708,302.925,28.432,12.143
Kolkata,22.5726,88.3639,2024-06-08,2024,6,8,32.096,78.5,57.833,15.217,288.458,212.708,75.75,286.933,27.6,12.065
Kolkata,22.5726,88.3639,2024-06-09,2024,6,9,33.021,79.375,45.292,14.15,287.833,216.5,71.333,289.463,27.532,12.213
Kolkata,22.5726,88.3639,2024-06-10,2024,6,10,32.979,77.625,22.167,13.983,301.083,233.958,67.125,315.392,28.788,12.361
Kolkata,22.5726,88.3639,2024-06-11,2024,6,11,32.171,79.208,37.083,14.229,279.875,202.625,77.25,266.1,26.752,12.358
Kolkata,22.5726,88.3639,2024-06-12,2024,6,12,32.067,80.75,60.667,15.462,280.792,189.708,91.083,245.108,26.836,12.129
Kolkata,22.5726,88.3639,2024-06-13,2024,6,13,32.092,81.458,51.0,17.962,271.167,188.167,83.0,257.2,25.92,12.353
Kolkata,22.5726,88.3639,2024-06-14,2024,6,14,32.308,77.833,68.167,14.062,286.25,208.25,78.0,276.9,27.364,12.275
Kolkata,22.5726,88.3639,2024-06-15,2024,6,15,32.579,79.458,75.042,17.037,280.167,205.042,75.125,276.554,26.784,12.122
Kolkata,22.5726,88.3639,2024-06-16,2024,6,16,32.0,79.583,91.667,12.871,244.5,159.833,84.667,215.6,23.36,11.942
Kolkata,22.5726,88.3639,2024-06-17,2024,6,17,32.225,83.208,92.542,17.988,261.708,180.333,81.375,242.212,25.008,12.042
Kolkata,22.5726,88.3639,2024-06-18,2024,6,18,31.95,83.667,99.917,18.154,216.667,104.542,112.125,136.992,20.716,11.098
Kolkata,22.5726,88.3639,2024-06-19,2024,6,19,31.129,82.208,97.5,17.533,179.042,68.167,110.875,90.258,17.104,7.132
Kolkata,22.5726,88.3639,2024-06-20,2024,6,20,29.929,87.667,96.125,11.404,168.708,74.375,94.333,103.108,16.12,7.049
Kolkata,22.5726,88.3639,2024-06-21,2024,6,21,29.2,86.875,93.375,7.771,132.625,45.583,87.042,63.838,12.648,5.084
Kolkata,22.5726,88.3639,2024-06-22,2024,6,22,30.162,85.667,73.833,7.042,176.917,89.375,87.542,128.125,16.856,10.841
Kolkata,22.5726,88.3639,2024-06-23,2024,6,23,30.829,83.667,78.5,9.608,230.708,148.375,82.333,198.438,22.056,11.765
Kolkata,22.5726,88.3639,2024-06-24,2024,6,24,31.683,80.417,93.125,12.458,244.917,152.708,92.208,205.446,23.388,12.181
Kolkata,22.5726,88.3639,2024-06-25,2024,6,25,31.871,78.167,97.583,11.737,261.708,181.042,80.667,244.196,25.0,12.256
Kolkata,22.5726,88.3639,2024-06-26,2024,6,26,31.6,80.875,98.5,8.15,218.458,124.5,93.958,150.054,20.896,8.545
Kolkata,22.5726,88.3639,2024-06-27,2024,6,27,30.325,84.917,94.75,10.596,171.75,78.75,93.0,102.254,16.404,8.388
Kolkata,22.5726,88.3639,2024-06-28,2024,6,28,30.054,87.083,99.833,7.958,146.917,61.917,85.0,74.883,14.056,6.561
Kolkata,22.5726,88.3639,2024-06-29,2024,6,29,29.879,90.375,99.958,9.221,131.708,33.208,98.5,43.429,12.564,4.368
Kolkata,22.5726,88.3639,2024-06-30,2024,6,30,29.925,87.417,100.0,11.013,119.375,28.333,91.042,35.804,11.404,3.901
Kolkata,22.5726,88.3639,2024-07-01,2024,7,1,29.733,87.167,100.0,14.179,117.667,19.708,97.958,28.125,11.212,1.847
Kolkata,22.5726,88.3639,2024-07-02,2024,7,2,28.375,92.292,100.0,12.871,49.417,2.5,46.917,4.283,4.676,0.0
Kolkata,22.5726,88.3639,2024-07-03,2024,7,3,28.079,92.0,96.792,10.45,54.25,9.083,45.167,11.692,5.152,0.259
Kolkata,22.5726,88.3639,2024-07-04,2024,7,4,29.129,88.0,99.708,11.433,175.542,96.542,79.0,114.429,16.808,7.692
Kolkata,22.5726,88.3639,2024-07-05,2024,7,5,29.708,87.083,99.25,14.712,128.75,35.625,93.125,43.462,12.284,3.871
Kolkata,22.5726,88.3639,2024-07-06,2024,7,6,29.346,88.375,99.625,11.467,137.958,38.25,99.708,52.654,13.144,4.036
Kolkata,22.5726,88.3639,2024-07-07,2024,7,7,30.088,85.167,96.417,9.812,223.0,128.75,94.25,170.433,21.316,11.87
Kolkata,22.5726,88.3639,2024-07-08,2024,7,8,30.508,82.75,91.417,9.525,218.792,135.917,82.875,178.258,20.896,11.659
Kolkata,22.5726,88.3639,2024-07-09,2024,7,9,30.812,83.542,95.708,11.612,189.833,89.625,100.208,111.304,18.112,8.923
Kolkata,22.5726,88.3639,2024-07-10,2024,7,10,31.379,80.083,78.25,15.058,225.583,147.042,78.542,196.462,21.56,12.171
Kolkata,22.5726,88.3639,2024-07-11,2024,7,11,31.054,83.542,90.75,13.767,215.083,127.083,88.0,166.417,20.524,10.899
Kolkata,22.5726,88.3639,2024-07-12,2024,7,12,28.5,90.417,92.042,8.325,115.833,51.375,64.458,68.296,11.056,5.057
Kolkata,22.5726,88.3639,2024-07-13,2024,7,13,30.392,85.792,84.042,7.962,194.958,107.0,87.958,144.708,18.612,11.367
Kolkata,22.5726,88.3639,2024-07-14,2024,7,14,30.638,84.292,96.875,9.729,235.375,150.5,84.875,190.442,22.496,11.232
Kolkata,22.5726,88.3639,2024-07-15,2024,7,15,30.175,85.583,96.167,13.904,151.708,73.167,78.542,97.562,14.464,7.134
Kolkata,22.5726,88.3639,2024-07-16,2024,7,16,30.429,84.75,99.125,10.825,177.042,76.167,100.875,96.242,16.908,8.473
Kolkata,22.5726,88.3639,2024-07-17,2024,7,17,30.646,84.083,94.583,9.467,214.5,127.125,87.375,172.838,20.484,11.847
Kolkata,22.5726,88.3639,2024-07-18,2024,7,18,31.125,81.208,98.167,11.875,226.083,137.583,88.5,181.638,21.592,11.667
Kolkata,22.5726,88.3639,2024-07-19,2024,7,19,30.196,84.833,86.417,16.142,217.958,136.042,81.917,185.212,20.824,11.624
Kolkata,22.5726,88.3639,2024-07-20,2024,7,20,30.162,85.708,99.417,16.938,211.0,129.125,81.875,172.242,20.168,10.719
Kolkata,22.5726,88.3639,2024-07-21,2024,7,21,29.858,86.542,98.833,14.638,180.042,97.708,82.333,135.688,17.18,11.0
Kolkata,22.5726,88.3639,2024-07-22,2024,7,22,29.404,89.083,96.125,12.733,175.708,83.542,92.167,115.092,16.796,8.994
Kolkata,22.5726,88.3639,2024-07-23,2024,7,23,29.633,87.875,94.25,9.129,182.667,100.583,82.083,133.775,17.472,9.692
Kolkata,22.5726,88.3639,2024-07-24,2024,7,24,29.912,84.75,98.875,8.854,139.917,59.542,80.375,76.087,13.34,6.327
Kolkata,22.5726,88.3639,2024-07-25,2024,7,25,29.929,86.417,96.792,5.221,138.375,52.5,85.875,74.896,13.22,7.304
Kolkata,22.5726,88.3639,2024-07-26,2024,7,26,29.679,88.75,96.5,9.833,142.833,61.333,81.5,94.538,13.628,9.024
Kolkata,22.5726,88.3639,2024-07-27,2024,7,27,29.604,89.667,91.375,12.025,161.625,78.917,82.708,111.242,15.452,10.575
Kolkata,22.5726,88.3639,2024-07-28,2024,7,28,29.862,87.292,91.5,8.6,196.042,109.458,86.583,148.117,18.74,10.349
Kolkata,22.5726,88.3639,2024-07-29,2024,7,29,29.483,89.125,95.5,7.392,120.417,44.958,75.458,54.446,11.516,4.056
Kolkata,22.5726,88.3639,2024-07-30,2024,7,30,30.133,87.667,99.5,11.042,150.708,49.792,100.917,62.05,14.404,4.872
Kolkata,22.5726,88.3639,2024-07-31,2024,7,31,29.629,89.042,95.792,7.163,101.0,27.75,73.25,34.512,9.64,2.931
Kolkata,22.5726,88.3639,2024-08-01,2024,8,1,27.892,93.792,99.792,12.133,80.583,24.583,56.0,30.913,7.728,1.809
Kolkata,22.5726,88.3639,2024-08-02,2024,8,2,27.758,92.25,99.958,18.325,83.333,9.667,73.667,10.712,7.968,0.496
Kolkata,22.5726,88.3639,2024-08-03,2024,8,3,28.142,92.292,99.833,15.833,98.542,29.125,69.417,36.129,9.416,3.165
Kolkata,22.5726,88.3639,2024-08-04,2024,8,4,29.346,88.833,98.417,9.267,156.25,54.292,101.958,72.475,14.94,7.164
Kolkata,22.5726,88.3639,2024-08-05,2024,8,5,29.196,89.917,99.125,9.104,136.125,56.625,79.5,66.742,13.012,4.33
Kolkata,22.5726,88.3639,2024-08-06,2024,8,6,29.292,88.583,96.25,7.375,141.083,48.542,92.542,64.854,13.52,6.078
Kolkata,22.5726,88.3639,2024-08-07,2024,8,7,29.054,89.083,97.542,11.567,157.042,63.667,93.375,86.446,15.02,6.228
Kolkata,22.5726,88.3639,2024-08-08,2024,8,8,29.129,89.0,99.292,11.821,192.333,91.75,100.583,115.442,18.408,8.847
Kolkata,22.5726,88.3639,2024-08-09,2024,8,9,29.442,86.708,86.958,11.821,150.25,63.0,87.25,81.125,14.372,7.646
Kolkata,22.5726,88.3639,2024-08-10,2024,8,10,29.379,89.083,96.5,10.071,167.292,81.917,85.375,100.142,16.036,7.646
Kolkata,22.5726,88.3639,2024-08-11,2024,8,11,29.483,89.25,97.875,10.025,149.083,53.208,95.875,59.275,14.272,5.15
Kolkata,22.5726,88.3639,2024-08-12,2024,8,12,30.488,85.333,95.833,10.162,193.792,105.958,87.833,140.867,18.556,8.53
Kolkata,22.5726,88.3639,2024-08-13,2024,8,13,29.879,88.667,98.25,6.962,154.25,55.083,99.167,74.212,14.772,7.56
Kolkata,22.5726,88.3639,2024-08-14,2024,8,14,29.871,85.667,98.833,4.538,166.667,73.958,92.708,101.783,15.956,9.425
Kolkata,22.5726,88.3639,2024-08-15,2024,8,15,29.963,86.875,99.042,5.488,138.292,54.208,84.083,67.633,13.236,5.647
Kolkata,22.5726,88.3639,2024-08-16,2024,8,16,29.354,89.708,98.625,4.254,107.708,27.708,80.0,37.788,10.312,3.17
Kolkata,22.5726,88.3639,2024-08-17,2024,8,17,30.029,85.125,91.292,4.85,205.708,115.958,89.75,145.079,19.72,9.758
Kolkata,22.5726,88.3639,2024-08-18,2024,8,18,28.463,90.0,99.667,10.033,107.375,33.25,74.125,45.308,10.288,4.311
Kolkata,22.5726,88.3639,2024-08-19,2024,8,19,28.188,91.667,99.917,9.4,77.792,14.833,62.958,21.012,7.44,0.646
Kolkata,22.5726,88.3639,2024-08-20,2024,8,20,28.925,89.708,100.0,6.038,112.0,24.583,87.417,30.0,10.728,1.824
Kolkata,22.5726,88.3639,2024-08-21,2024,8,21,29.904,87.958,100.0,10.846,139.625,34.125,105.5,42.133,13.388,4.025
Kolkata,22.5726,88.3639,2024-08-22,2024,8,22,29.158,89.292,100.0,9.029,107.167,21.708,85.458,27.554,10.272,1.606
Kolkata,22.5726,88.3639,2024-08-23,2024,8,23,28.208,92.0,99.917,5.325,113.75,30.458,83.292,42.925,10.912,3.559
Kolkata,22.5726,88.3639,2024-08-24,2024,8,24,27.938,91.542,99.875,6.704,82.625,19.25,63.375,26.108,7.912,0.823
Kolkata,22.5726,88.3639,2024-08-25,2024,8,25,27.954,90.542,99.958,6.721,80.542,13.5,67.042,15.833,7.716,1.101
Kolkata,22.5726,88.3639,2024-08-26,2024,8,26,27.475,91.667,98.792,9.917,71.375,13.708,57.667,15.675,6.84,0.793
Kolkata,22.5726,88.3639,2024-08-27,2024,8,27,27.862,92.125,97.917,8.0,106.917,19.917,87.0,24.596,10.248,1.538
Kolkata,22.5726,88.3639,2024-08-28,2024,8,28,29.433,85.083,86.208,5.767,189.583,96.0,93.583,134.504,18.18,10.425
Kolkata,22.5726,88.3639,2024-08-29,2024,8,29,29.992,83.458,56.708,6.312,229.833,163.167,66.667,227.483,22.04,12.0
Kolkata,22.5726,88.3639,2024-08-30,2024,8,30,30.225,82.708,68.458,7.413,224.333,145.5,78.833,205.971,21.516,12.0
Kolkata,22.5726,88.3639,2024-08-31,2024,8,31,30.342,82.583,86.458,13.017,223.375,154.25,69.125,215.221,21.428,11.692
Kolkata,22.5726,88.3639,2024-09-01,2024,9,1,29.75,85.875,86.083,10.15,172.708,78.0,94.708,108.4,16.568,8.216
Kolkata,22.5726,88.3639,2024-09-02,2024,9,2,29.638,86.417,90.0,7.825,193.667,109.708,83.958,152.65,18.584,10.651
Kolkata,22.5726,88.3639,2024-09-03,2024,9,3,30.017,85.833,96.667,6.488,186.208,95.083,91.125,123.571,17.864,8.445
Kolkata,22.5726,88.3639,2024-09-04,2024,9,4,30.175,83.792,79.292,6.929,183.417,105.083,78.333,141.112,17.596,10.013
Kolkata,22.5726,88.3639,2024-09-05,2024,9,5,30.583,81.958,87.583,6.038,221.042,144.417,76.625,206.954,21.208,12.0
Kolkata,22.5726,88.3639,2024-09-06,2024,9,6,30.575,83.333,64.375,5.171,214.625,136.708,77.917,198.217,20.596,12.0
Kolkata,22.5726,88.3639,2024-09-07,2024,9,7,30.954,80.958,85.292,7.246,227.0,154.542,72.458,213.4,21.784,11.723
Kolkata,22.5726,88.3639,2024-09-08,2024,9,8,30.421,82.5,81.708,11.788,204.542,122.333,82.208,165.938,19.628,10.062
Kolkata,22.5726,88.3639,2024-09-09,2024,9,9,29.996,83.417,44.333,15.65,202.542,133.958,68.583,201.338,19.44,12.0
Kolkata,22.5726,88.3639,2024-09-10,2024,9,10,30.096,85.292,86.083,13.017,204.708,138.75,65.958,193.35,19.648,11.526
Kolkata,22.5726,88.3639,2024-09-11,2024,9,11,30.529,85.5,97.958,6.75,150.625,63.833,86.792,76.975,14.456,5.7
Kolkata,22.5726,88.3639,2024-09-12,2024,9,12,30.179,87.458,99.875,8.412,123.125,17.542,105.583,22.362,11.816,1.294
Kolkata,22.5726,88.3639,2024-09-13,2024,9,13,28.958,89.0,99.833,10.75,110.042,22.833,87.208,27.196,10.564,2.377
Kolkata,22.5726,88.3639,2024-09-14,2024,9,14,25.988,97.167,100.0,17.929,30.25,2.667,27.583,3.438,2.904,0.0
Kolkata,22.5726,88.3639,2024-09-15,2024,9,15,25.588,97.042,99.875,16.358,22.583,1.375,21.208,1.612,2.168,0.0
Kolkata,22.5726,88.3639,2024-09-16,2024,9,16,26.808,92.708,99.75,19.767,62.958,14.5,48.458,25.246,6.044,1.866
Kolkata,22.5726,88.3639,2024-09-17,2024,9,17,29.179,84.583,54.792,11.346,230.958,165.542,65.417,238.667,22.172,12.0
Kolkata,22.5726,88.3639,2024-09-18,2024,9,18,29.675,83.375,43.208,5.167,209.417,134.25,75.167,203.446,20.104,12.0
Kolkata,22.5726,88.3639,2024-09-19,2024,9,19,30.35,85.333,71.625,4.854,199.083,122.208,76.875,175.246,19.112,10.758
Kolkata,22.5726,88.3639,2024-09-20,2024,9,20,31.6,81.958,27.542,4.562,223.458,165.917,57.542,249.454,21.452,12.0
Kolkata,22.5726,88.3639,2024-09-21,2024,9,21,29.992,85.792,91.417,4.721,198.042,124.208,73.833,173.662,19.012,10.645
Kolkata,22.5726,88.3639,2024-09-22,2024,9,22,31.083,82.625,52.75,6.587,223.75,163.292,60.458,240.446,21.48,11.848
Kolkata,22.5726,88.3639,2024-09-23,2024,9,23,30.362,88.375,94.208,5.154,115.75,30.833,84.917,38.517,11.112,2.713
Kolkata,22.5726,88.3639,2024-09-24,2024,9,24,29.067,88.333,98.792,10.212,132.167,57.458,74.708,83.904,12.688,6.784
Kolkata,22.5726,88.3639,2024-09-25,2024,9,25,27.321,93.292,99.958,11.529,68.625,11.292,57.333,13.433,6.588,1.022
Kolkata,22.5726,88.3639,2024-09-26,2024,9,26,26.679,94.458,100.0,13.021,84.583,18.292,66.292,26.825,8.08,1.978
Kolkata,22.5726,88.3639,2024-09-27,2024,9,27,28.175,89.833,98.25,12.987,164.833,86.833,78.0,120.142,15.676,8.672
Kolkata,22.5726,88.3639,2024-09-28,2024,9,28,29.767,85.5,96.708,10.721,195.042,121.833,73.208,171.167,18.6,10.065
Kolkata,22.5726,88.3639,2024-09-29,2024,9,29,30.733,84.333,81.125,8.492,226.875,163.417,63.458,236.254,21.636,11.088
Kolkata,22.5726,88.3639,2024-09-30,2024,9,30,31.217,84.583,57.25,7.05,209.667,149.167,60.5,216.767,20.008,11.025
Kolkata,22.5726,88.3639,2024-10-01,2024,10,1,31.333,85.792,92.792,6.079,192.375,110.042,82.333,156.338,18.368,9.858
Kolkata,22.5726,88.3639,2024-10-02,2024,10,2,29.562,88.25,100.0,6.846,104.5,20.0,84.5,25.55,9.956,1.795
Kolkata,22.5726,88.3639,2024-10-03,2024,10,3,29.392,85.583,95.542,5.388,203.583,133.375,70.208,193.412,19.464,10.37
Kolkata,22.5726,88.3639,2024-10-04,2024,10,4,28.458,89.625,99.125,4.425,105.667,29.208,76.458,41.45,10.072,3.283
Kolkata,22.5726,88.3639,2024-10-05,2024,10,5,27.596,91.875,97.125,4.071,102.208,26.958,75.25,34.708,9.744,2.999
Kolkata,22.5726,88.3639,2024-10-06,2024,10,6,28.346,88.375,72.875,4.633,142.708,71.375,71.333,113.983,13.6,10.365
Kolkata,22.5726,88.3639,2024-10-07,2024,10,7,28.912,87.875,40.583,5.529,169.875,97.833,72.042,144.771,16.22,9.418
Kolkata,22.5726,88.3639,2024-10-08,2024,10,8,29.054,87.208,56.542,4.996,184.375,109.5,74.875,153.804,17.628,9.217
Kolkata,22.5726,88.3639,2024-10-09,2024,10,9,28.896,86.875,73.375,6.225,180.75,115.333,65.417,164.754,17.3,8.591
Kolkata,22.5726,88.3639,2024-10-10,2024,10,10,29.354,83.875,54.542,7.258,203.417,140.0,63.417,210.425,19.456,10.805
Kolkata,22.5726,88.3639,2024-10-11,2024,10,11,30.117,82.583,46.958,8.129,195.583,131.917,63.667,197.779,18.688,10.046
Kolkata,22.5726,88.3639,2024-10-12,2024,10,12,30.396,83.167,40.542,6.267,202.708,141.292,61.417,217.962,19.388,10.897
Kolkata,22.5726,88.3639,2024-10-13,2024,10,13,30.05,83.333,22.708,3.646,199.375,141.667,57.708,219.342,19.06,10.839
Kolkata,22.5726,88.3639,2024-10-14,2024,10,14,29.875,82.917,26.375,4.308,208.917,155.667,53.25,242.179,19.976,11.056
Kolkata,22.5726,88.3639,2024-10-15,2024,10,15,29.371,83.667,55.167,3.204,143.5,82.375,61.125,129.5,13.704,9.757
Kolkata,22.5726,88.3639,2024-10-16,2024,10,16,28.946,86.125,29.292,3.2,184.583,121.583,63.0,189.833,17.664,10.748
Kolkata,22.5726,88.3639,2024-10-17,2024,10,17,28.963,84.792,53.417,3.95,174.375,114.625,59.75,175.112,16.68,9.719
Kolkata,22.5726,88.3639,2024-10-18,2024,10,18,28.963,86.083,59.167,4.704,157.458,89.792,67.667,147.763,15.068,10.561
Kolkata,22.5726,88.3639,2024-10-19,2024,10,19,27.896,90.25,63.25,4.312,170.625,103.375,67.25,159.5,16.34,9.694
Kolkata,22.5726,88.3639,2024-10-20,2024,10,20,28.2,84.125,67.292,7.479,213.583,156.042,57.542,243.612,20.436,10.287
Kolkata,22.5726,88.3639,2024-10-21,2024,10,21,28.125,83.667,35.75,8.45,197.083,131.042,66.042,213.271,18.86,10.796
Kolkata,22.5726,88.3639,2024-10-22,2024,10,22,28.071,83.083,33.958,7.383,205.833,147.375,58.458,240.429,19.704,10.737
Kolkata,22.5726,88.3639,2024-10-23,2024,10,23,26.817,88.875,96.25,9.954,63.125,18.042,45.083,32.021,6.036,2.283
Kolkata,22.5726,88.3639,2024-10-24,2024,10,24,25.225,93.0,99.542,20.783,35.708,3.708,32.0,5.562,3.412,0.0
Kolkata,22.5726,88.3639,2024-10-25,2024,10,25,25.867,92.25,100.0,18.233,24.833,1.333,23.5,2.404,2.376,0.0
Kolkata,22.5726,88.3639,2024-10-26,2024,10,26,28.042,84.083,73.667,13.321,184.333,121.25,63.083,191.292,17.656,9.239
Kolkata,22.5726,88.3639,2024-10-27,2024,10,27,28.158,87.292,30.333,7.35,169.625,113.083,56.542,181.237,16.244,9.932
Kolkata,22.5726,88.3639,2024-10-28,2024,10,28,28.658,82.625,34.833,3.975,202.583,148.875,53.708,238.558,19.412,10.544
Kolkata,22.5726,88.3639,2024-10-29,2024,10,29,28.612,82.875,19.625,4.854,188.083,134.333,53.75,222.487,18.02,10.477
Kolkata,22.5726,88.3639,2024-10-30,2024,10,30,29.004,85.75,18.708,6.083,188.125,133.792,54.333,215.554,18.036,10.232
Kolkata,22.5726,88.3639,2024-10-31,2024,10,31,29.296,85.75,16.167,5.779,177.125,123.625,53.5,203.288,16.976,10.027
Kolkata,22.5726,88.3639,2024-11-01,2024,11,1,28.667,80.875,11.208,4.946,196.542,143.875,52.667,240.592,18.832,10.206
Kolkata,22.5726,88.3639,2024-11-02,2024,11,2,28.512,77.5,22.708,4.446,205.375,154.0,51.375,260.421,19.684,10.574
Kolkata,22.5726,88.3639,2024-11-03,2024,11,3,27.358,81.625,18.0,4.658,190.917,138.958,51.958,237.746,18.3,10.507
Kolkata,22.5726,88.3639,2024-11-04,2024,11,4,27.171,83.25,30.792,4.571,190.792,138.583,52.208,232.333,18.288,10.441
Kolkata,22.5726,88.3639,2024-11-05,2024,11,5,27.242,83.583,20.333,5.471,174.75,122.083,52.667,206.017,16.756,10.374
Kolkata,22.5726,88.3639,2024-11-06,2024,11,6,27.058,83.542,21.0,4.867,176.292,124.083,52.208,212.483,16.9,10.161
Kolkata,22.5726,88.3639,2024-11-07,2024,11,7,27.121,82.333,19.583,4.988,182.75,129.792,52.958,221.975,17.524,10.167
Kolkata,22.5726,88.3639,2024-11-08,2024,11,8,27.054,81.667,14.583,6.617,173.25,119.792,53.458,208.583,16.612,10.319
Kolkata,22.5726,88.3639,2024-11-09,2024,11,9,26.517,81.792,13.25,7.583,180.167,127.792,52.375,224.696,17.276,10.325
Kolkata,22.5726,88.3639,2024-11-10,2024,11,10,26.429,79.583,7.0,7.154,197.5,145.125,52.375,252.071,18.94,10.331
Kolkata,22.5726,88.3639,2024-11-11,2024,11,11,26.242,78.125,34.333,6.808,176.417,119.75,56.667,205.208,16.916,10.043
Kolkata,22.5726,88.3639,2024-11-12,2024,11,12,26.342,76.125,90.417,5.7,167.667,109.042,58.625,190.421,16.08,10.123
Kolkata,22.5726,88.3639,2024-11-13,2024,11,13,25.638,80.792,18.042,6.746,188.25,136.083,52.167,241.046,18.052,10.277
Kolkata,22.5726,88.3639,2024-11-14,2024,11,14,25.367,78.833,25.292,7.367,189.417,137.208,52.208,241.221,18.164,10.135
Kolkata,22.5726,88.3639,2024-11-15,2024,11,15,24.85,74.5,21.208,8.096,196.0,145.167,50.833,256.458,18.796,10.067
Kolkata,22.5726,88.3639,2024-11-16,2024,11,16,23.525,70.417,2.208,9.558,205.125,158.875,46.25,283.992,19.672,10.222
Kolkata,22.5726,88.3639,2024-11-17,2024,11,17,22.792,74.875,6.042,6.958,198.792,150.125,48.667,269.267,19.064,10.154
Kolkata,22.5726,88.3639,2024-11-18,2024,11,18,22.55,74.958,10.625,7.171,189.208,138.458,50.75,252.121,18.148,10.16
Kolkata,22.5726,88.3639,2024-11-19,2024,11,19,22.829,73.5,17.792,7.204,180.083,128.708,51.375,233.446,17.272,10.092
Kolkata,22.5726,88.3639,2024-11-20,2024,11,20,23.338,75.958,36.833,6.746,163.958,107.833,56.125,191.667,15.728,9.989
Kolkata,22.5726,88.3639,2024-11-21,2024,11,21,23.488,74.625,54.667,6.871,143.208,83.833,59.375,150.129,13.732,10.0
Kolkata,22.5726,88.3639,2024-11-22,2024,11,22,23.117,74.542,59.917,7.992,113.708,42.875,70.833,76.092,10.908,6.813
Kolkata,22.5726,88.3639,2024-11-23,2024,11,23,23.196,70.458,50.5,6.096,134.167,70.958,63.208,120.15,12.868,7.531
Kolkata,22.5726,88.3639,2024-11-24,2024,11,24,22.279,74.667,50.083,5.812,165.625,104.5,61.125,191.088,15.888,9.918
Kolkata,22.5726,88.3639,2024-11-25,2024,11,25,21.383,77.125,67.333,8.221,173.542,110.75,62.792,209.654,16.644,10.0
Kolkata,22.5726,88.3639,2024-11-26,2024,11,26,21.171,77.542,39.0,7.258,184.167,135.333,48.833,253.125,17.664,10.0
Kolkata,22.5726,88.3639,2024-11-27,2024,11,27,21.583,78.208,86.5,7.433,169.375,102.167,67.208,195.671,16.244,10.0
Kolkata,22.5726,88.3639,2024-11-28,2024,11,28,22.55,76.708,92.542,8.604,176.0,126.958,49.042,235.633,16.884,10.0
Kolkata,22.5726,88.3639,2024-11-29,2024,11,29,23.696,73.375,81.0,7.129,105.917,55.375,50.542,98.308,10.164,8.095
Kolkata,22.5726,88.3639,2024-11-30,2024,11,30,21.071,86.333,85.458,6.771,36.0,5.292,30.708,13.425,3.448,0.618
Kolkata,22.5726,88.3639,2024-12-01,2024,12,1,23.05,75.667,61.417,7.358,140.958,80.917,60.042,147.8,13.52,9.545
Kolkata,22.5726,88.3639,2024-12-02,2024,12,2,22.562,74.875,69.625,6.596,96.25,47.792,48.458,91.179,9.232,8.908
Kolkata,22.5726,88.3639,2024-12-03,2024,12,3,22.562,74.333,16.333,8.146,164.792,118.125,46.667,217.15,15.804,9.706
Kolkata,22.5726,88.3639,2024-12-04,2024,12,4,21.704,76.75,0.625,6.567,185.333,142.167,43.167,270.308,17.776,10.0
Kolkata,22.5726,88.3639,2024-12-05,2024,12,5,22.138,72.042,1.875,6.304,187.708,145.708,42.0,278.079,18.004,10.0
Kolkata,22.5726,88.3639,2024-12-06,2024,12,6,21.488,71.583,0.542,7.142,188.125,145.958,42.167,278.963,18.044,10.0
Kolkata,22.5726,88.3639,2024-12-07,2024,12,7,20.362,74.792,1.083,6.483,188.25,145.833,42.417,278.967,18.052,10.0
Kolkata,22.5726,88.3639,2024-12-08,2024,12,8,19.85,73.958,35.125,6.612,186.708,144.375,42.333,276.45,17.904,10.0
Kolkata,22.5726,88.3639,2024-12-09,2024,12,9,20.429,75.167,83.958,5.933,127.917,84.292,43.625,163.425,12.264,9.773
Kolkata,22.5726,88.3639,2024-12-10,2024,12,10,20.438,78.417,80.75,7.529,176.833,131.708,45.125,247.725,16.956,10.0
Kolkata,22.5726,88.3639,2024-12-11,2024,12,11,18.871,76.417,56.292,8.483,186.458,141.417,45.042,273.679,17.88,10.0
Kolkata,22.5726,88.3639,2024-12-12,2024,12,12,17.892,73.417,70.25,8.925,191.25,149.0,42.25,287.983,18.34,10.0
Kolkata,22.5726,88.3639,2024-12-13,2024,12,13,17.938,73.167,55.625,9.542,190.125,145.542,44.583,282.454,18.228,10.0
Kolkata,22.5726,88.3639,2024-12-14,2024,12,14,17.904,67.917,6.042,9.729,192.917,151.542,41.375,294.408,18.496,10.0
Kolkata,22.5726,88.3639,2024-12-15,2024,12,15,17.679,69.292,0.0,9.525,192.75,151.292,41.458,295.096,18.48,10.0
Kolkata,22.5726,88.3639,2024-12-16,2024,12,16,18.254,77.875,0.042,7.496,189.375,147.542,41.833,287.346,18.152,10.0
Kolkata,22.5726,88.3639,2024-12-17,2024,12,17,19.729,76.792,49.333,7.342,182.083,140.167,41.917,270.392,17.456,10.0
Kolkata,22.5726,88.3639,2024-12-18,2024,12,18,20.254,73.292,90.125,8.138,176.625,122.75,53.875,232.421,16.928,10.0
Kolkata,22.5726,88.3639,2024-12-19,2024,12,19,19.754,76.667,91.25,7.792,181.333,128.333,53.0,246.546,17.38,10.0
Kolkata,22.5726,88.3639,2024-12-20,2024,12,20,20.183,76.292,98.875,6.108,157.583,98.917,58.667,180.958,15.108,9.479
Kolkata,22.5726,88.3639,2024-12-21,2024,12,21,19.271,89.208,74.375,4.1,60.125,25.083,35.042,46.533,5.756,4.464
Kolkata,22.5726,88.3639,2024-12-22,2024,12,22,19.812,85.583,85.583,6.842,156.5,102.958,53.542,188.546,14.996,8.715
Kolkata,22.5726,88.3639,2024-12-23,2024,12,23,20.546,72.125,12.125,8.371,186.083,145.5,40.583,282.758,17.828,10.0
Kolkata,22.5726,88.3639,2024-12-24,2024,12,24,20.608,72.167,39.708,6.958,150.375,101.208,49.167,205.375,14.408,10.0
Kolkata,22.5726,88.3639,2024-12-25,2024,12,25,21.35,77.958,84.083,4.067,112.958,58.75,54.208,112.625,10.82,9.23
Kolkata,22.5726,88.3639,2024-12-26,2024,12,26,21.804,74.708,28.667,8.225,172.792,129.583,43.208,240.958,16.548,9.535
Kolkata,22.5726,88.3639,2024-12-27,2024,12,27,20.888,73.792,0.0,9.013,186.167,145.292,40.875,282.096,17.828,10.004
Kolkata,22.5726,88.3639,2024-12-28,2024,12,28,20.354,73.958,0.0,8.079,187.708,147.125,40.583,285.979,17.976,10.076
Kolkata,22.5726,88.3639,2024-12-29,2024,12,29,21.512,71.958,2.292,7.254,179.958,138.583,41.375,268.142,17.232,10.0
Kolkata,22.5726,88.3639,2024-12-30,2024,12,30,21.133,78.125,24.958,7.583,149.5,101.292,48.208,195.696,14.32,9.707
Kolkata,22.5726,88.3639,2024-12-31,2024,12,31,19.008,79.25,7.417,10.233,179.292,133.5,45.792,256.879,17.16,10.06
Kolkata,22.5726,88.3639,2025-01-01,2025,1,1,17.871,80.792,17.625,9.412,181.5,133.583,47.917,258.708,17.372,10.054
Kolkata,22.5726,88.3639,2025-01-02,2025,1,2,16.392,81.583,0.042,9.45,191.917,150.083,41.833,289.017,18.364,10.125
Kolkata,22.5726,88.3639,2025-01-03,2025,1,3,16.458,81.375,19.542,7.471,185.792,139.833,45.958,271.438,17.78,10.12
Kolkata,22.5726,88.3639,2025-01-04,2025,1,4,18.396,79.042,70.542,7.667,117.875,47.583,70.292,91.933,11.288,6.119
Kolkata,22.5726,88.3639,2025-01-05,2025,1,5,18.804,81.875,46.417,6.558,133.042,68.333,64.708,140.7,12.72,9.494
Kolkata,22.5726,88.3639,2025-01-06,2025,1,6,19.65,76.833,14.125,2.771,189.75,145.125,44.625,274.604,18.148,10.179
Kolkata,22.5726,88.3639,2025-01-07,2025,1,7,20.496,79.583,26.208,6.696,161.458,109.375,52.083,204.696,15.456,10.0
Kolkata,22.5726,88.3639,2025-01-08,2025,1,8,18.196,77.0,3.125,9.871,193.542,151.125,42.417,286.196,18.5,10.32
Kolkata,22.5726,88.3639,2025-01-09,2025,1,9,17.292,80.833,0.042,8.987,196.083,153.458,42.625,291.862,18.74,10.313
Kolkata,22.5726,88.3639,2025-01-10,2025,1,10,17.125,75.958,6.333,8.742,198.458,156.708,41.75,298.771,18.964,10.459
Kolkata,22.5726,88.3639,2025-01-11,2025,1,11,17.592,79.417,61.625,8.254,197.583,153.75,43.833,289.967,18.876,10.377
Kolkata,22.5726,88.3639,2025-01-12,2025,1,12,18.883,76.708,37.458,4.758,197.292,155.0,42.292,291.717,18.848,10.446
Kolkata,22.5726,88.3639,2025-01-13,2025,1,13,19.433,78.333,2.125,5.125,191.542,149.667,41.875,281.925,18.296,10.439
Kolkata,22.5726,88.3639,2025-01-14,2025,1,14,19.629,79.833,16.833,8.117,180.417,132.417,48.0,243.767,17.228,10.356
Kolkata,22.5726,88.3639,2025-01-15,2025,1,15,18.979,77.625,55.542,9.942,189.208,130.0,59.208,242.95,18.064,10.198
Kolkata,22.5726,88.3639,2025-01-16,2025,1,16,18.621,78.75,11.208,8.233,197.5,150.25,47.25,282.083,18.848,10.569
Kolkata,22.5726,88.3639,2025-01-17,2025,1,17,19.192,78.333,1.292,9.0,197.208,151.75,45.458,283.521,18.816,10.637
Kolkata,22.5726,88.3639,2025-01-18,2025,1,18,19.329,77.958,0.583,9.288,198.875,155.792,43.083,288.633,18.972,10.699
Kolkata,22.5726,88.3639,2025-01-19,2025,1,19,19.088,72.708,0.0,9.808,207.542,165.083,42.458,306.667,19.792,10.711
Kolkata,22.5726,88.3639,2025-01-20,2025,1,20,18.958,67.75,0.0,7.462,210.708,168.75,41.958,312.962,20.092,10.723
Kolkata,22.5726,88.3639,2025-01-21,2025,1,21,20.479,72.417,4.708,5.538,204.708,161.042,43.667,295.642,19.516,10.735
Kolkata,22.5726,88.3639,2025-01-22,2025,1,22,20.429,77.542,4.042,7.275,207.083,164.208,42.875,300.979,19.736,10.747
Kolkata,22.5726,88.3639,2025-01-23,2025,1,23,20.025,83.375,17.125,4.621,204.542,160.833,43.708,293.579,19.492,10.758
Kolkata,22.5726,88.3639,2025-01-24,2025,1,24,20.688,85.0,30.083,3.604,189.375,139.333,50.042,242.521,18.036,10.523
Kolkata,22.5726,88.3639,2025-01-25,2025,1,25,20.533,84.042,52.0,5.658,137.333,72.542,64.792,136.538,13.056,9.665
Kolkata,22.5726,88.3639,2025-01-26,2025,1,26,19.458,71.333,0.5,8.367,210.667,165.083,45.583,299.771,20.052,10.793
Kolkata,22.5726,88.3639,2025-01-27,2025,1,27,18.754,69.167,9.5,7.483,215.583,171.792,43.792,309.846,20.52,10.804
Kolkata,22.5726,88.3639,2025-01-28,2025,1,28,19.488,72.583,10.208,5.417,212.0,166.75,45.25,299.079,20.184,10.815
Kolkata,22.5726,88.3639,2025-01-29,2025,1,29,21.221,84.125,32.75,6.671,146.542,83.667,62.875,154.162,13.924,10.826
Kolkata,22.5726,88.3639,2025-01-30,2025,1,30,23.421,83.208,36.375,12.588,147.292,83.917,63.375,142.888,13.992,8.215
Kolkata,22.5726,88.3639,2025-01-31,2025,1,31,24.167,85.292,48.792,9.225,152.292,86.333,65.958,163.788,14.456,9.848
Kolkata,22.5726,88.3639,2025-02-01,2025,2,1,24.454,86.75,35.042,5.246,134.5,73.0,61.5,128.821,12.744,8.319
Kolkata,22.5726,88.3639,2025-02-02,2025,2,2,23.838,89.667,44.042,4.858,153.083,82.458,70.625,146.925,14.524,10.18
Kolkata,22.5726,88.3639,2025-02-03,2025,2,3,23.525,78.583,26.542,6.458,200.5,148.292,52.208,249.4,19.044,10.136
Kolkata,22.5726,88.3639,2025-02-04,2025,2,4,22.471,69.792,11.292,6.071,219.417,173.792,45.625,303.05,20.848,10.891
Kolkata,22.5726,88.3639,2025-02-05,2025,2,5,22.963,78.292,41.583,6.3,210.583,156.333,54.25,264.804,20.0,10.901
Kolkata,22.5726,88.3639,2025-02-06,2025,2,6,24.225,76.083,19.208,7.721,209.167,161.792,47.375,271.7,19.86,10.912
Kolkata,22.5726,88.3639,2025-02-07,2025,2,7,20.804,60.25,0.0,8.162,235.917,190.417,45.5,329.629,22.396,10.922
Kolkata,22.5726,88.3639,2025-02-08,2025,2,8,19.875,63.75,0.0,7.888,233.125,187.458,45.667,322.854,22.128,10.932
Kolkata,22.5726,88.3639,2025-02-09,2025,2,9,20.062,68.25,1.25,6.312,232.125,185.583,46.542,317.579,22.284,10.942
Kolkata,22.5726,88.3639,2025-02-10,2025,2,10,22.358,76.792,2.833,6.179,227.083,178.833,48.25,304.65,21.8,10.952
Kolkata,22.5726,88.3639,2025-02-11,2025,2,11,24.804,78.625,23.042,8.288,223.292,173.208,50.083,287.771,21.436,10.962
Kolkata,22.5726,88.3639,2025-02-12,2025,2,12,24.871,81.667,33.792,5.933,194.292,136.0,58.292,220.992,18.652,10.616
Kolkata,22.5726,88.3639,2025-02-13,2025,2,13,25.179,77.5,29.625,5.654,197.792,137.792,60.0,222.754,18.988,9.827
Kolkata,22.5726,88.3639,2025-02-14,2025,2,14,22.383,56.375,0.0,7.842,240.417,193.375,47.042,324.729,23.08,10.991
Kolkata,22.5726,88.3639,2025-02-15,2025,2,15,22.254,64.792,0.0,6.046,237.208,190.125,47.083,317.133,22.772,11.0
Kolkata,22.5726,88.3639,2025-02-16,2025,2,16,24.067,74.667,14.875,8.596,233.042,184.167,48.875,305.158,22.372,11.0
Kolkata,22.5726,88.3639,2025-02-17,2025,2,17,25.338,79.958,26.917,9.812,210.5,151.542,58.958,237.892,20.208,10.917
Kolkata,22.5726,88.3639,2025-02-18,2025,2,18,25.458,82.333,34.458,3.979,223.125,169.292,53.833,272.067,21.42,11.0
Kolkata,22.5726,88.3639,2025-02-19,2025,2,19,24.65,88.042,50.583,3.842,189.708,124.792,64.917,195.321,18.212,10.746
Kolkata,22.5726,88.3639,2025-02-20,2025,2,20,23.362,86.417,51.0,5.233,148.667,87.875,60.792,145.688,14.272,10.276
Kolkata,22.5726,88.3639,2025-02-21,2025,2,21,23.429,84.333,18.625,5.883,182.292,110.083,72.208,178.2,17.5,9.312
Kolkata,22.5726,88.3639,2025-02-22,2025,2,22,24.333,83.917,56.0,5.983,202.125,136.708,65.417,213.646,19.404,10.895
Kolkata,22.5726,88.3639,2025-02-23,2025,2,23,24.033,82.625,42.333,4.112,173.958,105.875,68.083,159.55,16.7,8.439
Kolkata,22.5726,88.3639,2025-02-24,2025,2,24,24.579,78.333,16.75,4.804,220.583,162.125,58.458,254.112,21.176,10.691
Kolkata,22.5726,88.3639,2025-02-25,2025,2,25,24.758,75.625,25.375,5.958,196.917,133.75,63.167,208.096,18.904,10.828
Kolkata,22.5726,88.3639,2025-02-26,2025,2,26,24.479,74.792,45.958,5.704,226.167,165.083,61.083,260.754,21.712,11.0
Kolkata,22.5726,88.3639,2025-02-27,2025,2,27,24.508,76.875,24.958,4.888,195.25,135.208,60.042,214.433,18.744,10.853
Kolkata,22.5726,88.3639,2025-02-28,2025,2,28,25.675,77.542,34.583,5.471,235.5,180.208,55.292,280.933,22.604,11.0
Kolkata,22.5726,88.3639,2025-03-01,2025,3,1,27.075,78.125,22.667,11.504,246.167,195.25,50.917,302.829,23.628,11.0
Kolkata,22.5726,88.3639,2025-03-02,2025,3,2,27.588,71.875,8.958,7.896,247.125,197.0,50.125,303.554,23.72,11.038
Kolkata,22.5726,88.3639,2025-03-03,2025,3,3,27.842,68.0,16.375,6.462,247.708,195.0,52.708,302.946,23.776,11.0
Kolkata,22.5726,88.3639,2025-03-04,2025,3,4,26.525,59.25,0.125,8.025,262.792,212.583,50.208,331.154,25.224,11.093
Kolkata,22.5726,88.3639,2025-03-05,2025,3,5,25.979,62.958,0.583,7.042,260.125,208.875,51.25,323.517,24.968,11.085
Kolkata,22.5726,88.3639,2025-03-06,2025,3,6,23.471,53.292,0.25,9.462,274.208,223.667,50.542,348.008,26.32,11.217
Kolkata,22.5726,88.3639,2025-03-07,2025,3,7,23.412,60.0,0.083,7.783,273.333,222.75,50.583,345.083,26.236,11.279
Kolkata,22.5726,88.3639,2025-03-08,2025,3,8,25.175,74.542,11.708,9.533,250.833,194.75,56.083,302.392,24.076,11.202
Kolkata,22.5726,88.3639,2025-03-09,2025,3,9,26.575,76.083,31.833,6.196,227.125,161.25,65.875,240.904,21.8,11.0
Kolkata,22.5726,88.3639,2025-03-10,2025,3,10,26.617,73.625,25.792,6.462,245.125,183.583,61.542,265.804,23.528,10.0
Kolkata,22.5726,88.3639,2025-03-11,2025,3,11,27.279,62.708,0.375,10.688,267.0,215.417,51.583,328.108,25.624,11.317
Kolkata,22.5726,88.3639,2025-03-12,2025,3,12,27.8,68.833,3.875,7.85,265.0,213.542,51.458,319.533,25.432,11.379
Kolkata,22.5726,88.3639,2025-03-13,2025,3,13,29.262,70.542,2.458,11.612,265.875,214.042,51.833,323.537,25.516,11.44
Kolkata,22.5726,88.3639,2025-03-14,2025,3,14,29.721,76.083,18.208,9.204,265.875,213.208,52.667,319.242,25.516,11.432
Kolkata,22.5726,88.3639,2025-03-15,2025,3,15,29.946,77.625,29.125,7.762,259.75,201.208,58.542,296.283,24.928,11.216
Kolkata,22.5726,88.3639,2025-03-16,2025,3,16,30.271,74.167,38.583,10.433,265.542,211.667,53.875,309.617,25.484,11.485
Kolkata,22.5726,88.3639,2025-03-17,2025,3,17,28.713,79.333,57.375,7.163,235.5,172.167,63.333,254.792,22.6,11.476
Kolkata,22.5726,88.3639,2025-03-18,2025,3,18,28.871,65.292,20.375,6.958,269.875,214.292,55.583,316.325,25.9,11.468
Kolkata,22.5726,88.3639,2025-03-19,2025,3,19,28.604,73.625,10.875,6.988,270.875,216.417,54.458,319.65,25.996,11.668
Kolkata,22.5726,88.3639,2025-03-20,2025,3,20,28.067,75.708,51.167,7.212,230.292,164.833,65.458,245.092,22.1,11.521
Kolkata,22.5726,88.3639,2025-03-21,2025,3,21,26.517,70.083,53.417,7.792,225.625,156.25,69.375,222.596,21.652,10.979
Kolkata,22.5726,88.3639,2025-03-22,2025,3,22,23.346,78.375,75.125,6.642,133.417,39.833,93.583,69.175,12.796,4.235
Kolkata,22.5726,88.3639,2025-03-23,2025,3,23,24.525,78.875,41.167,4.796,206.167,121.75,84.417,177.583,19.784,11.151
Kolkata,22.5726,88.3639,2025-03-24,2025,3,24,26.271,72.417,20.25,5.658,267.083,208.458,58.625,300.596,25.628,11.819
Kolkata,22.5726,88.3639,2025-03-25,2025,3,25,27.188,69.917,15.0,6.367,269.792,206.833,62.958,302.479,25.884,11.835
Kolkata,22.5726,88.3639,2025-03-26,2025,3,26,28.592,71.333,6.708,10.696,254.792,190.667,64.125,282.042,24.444,11.851
Kolkata,22.5726,88.3639,2025-03-27,2025,3,27,29.704,68.75,17.083,9.921,288.542,233.417,55.125,338.067,27.684,11.866
Kolkata,22.5726,88.3639,2025-03-28,2025,3,28,31.1,64.292,0.458,11.5,291.167,236.708,54.458,344.283,27.936,11.882
Kolkata,22.5726,88.3639,2025-03-29,2025,3,29,31.012,65.333,1.792,7.654,290.875,236.375,54.5,342.592,27.908,11.897
Kolkata,22.5726,88.3639,2025-03-30,2025,3,30,30.2,77.0,45.0,7.892,256.75,189.5,67.25,261.725,24.632,11.0
Kolkata,22.5726,88.3639,2025-03-31,2025,3,31,29.738,76.083,26.417,10.954,246.958,179.458,67.5,252.671,23.692,11.367
Kolkata,22.5726,88.3639,2025-04-01,2025,4,1,29.588,76.167,27.167,13.683,263.833,203.25,60.583,285.912,25.312,11.944
Kolkata,22.5726,88.3639,2025-04-02,2025,4,2,29.692,75.792,31.625,11.388,272.75,211.0,61.75,295.696,26.168,11.959
Kolkata,22.5726,88.3639,2025-04-03,2025,4,3,29.758,75.25,58.042,7.625,268.708,199.5,69.208,281.588,25.78,11.97
Kolkata,22.5726,88.3639,2025-04-04,2025,4,4,29.646,73.917,68.875,7.908,206.542,111.0,95.542,141.696,19.808,9.198
Kolkata,22.5726,88.3639,2025-04-05,2025,4,5,30.542,71.542,5.542,9.554,268.667,208.208,60.458,294.346,25.772,12.0
Kolkata,22.5726,88.3639,2025-04-06,2025,4,6,30.446,75.667,24.125,14.221,271.375,210.25,61.125,292.75,26.032,12.0
Kolkata,22.5726,88.3639,2025-04-07,2025,4,7,29.812,76.5,33.375,12.979,264.125,196.875,67.25,261.083,25.336,11.407
Kolkata,22.5726,88.3639,2025-04-08,2025,4,8,29.963,74.25,47.833,10.496,235.042,162.833,72.208,217.487,22.54,11.445
Kolkata,22.5726,88.3639,2025-04-09,2025,4,9,29.496,72.667,27.375,10.167,250.25,180.917,69.333,251.058,24.0,12.0
Kolkata,22.5726,88.3639,2025-04-10,2025,4,10,28.596,75.542,32.0,10.442,236.667,162.167,74.5,232.575,22.7,12.0
Kolkata,22.5726,88.3639,2025-04-11,2025,4,11,27.292,75.792,62.5,6.983,201.542,120.375,81.167,173.896,19.324,12.0
Kolkata,22.5726,88.3639,2025-04-12,2025,4,12,29.6,75.25,75.875,8.25,249.375,160.833,88.542,228.938,23.92,11.982
Kolkata,22.5726,88.3639,2025-04-13,2025,4,13,29.2,73.458,43.417,6.85,226.75,138.333,88.417,191.217,21.74,10.994
Kolkata,22.5726,88.3639,2025-04-14,2025,4,14,29.6,71.5,52.167,4.413,255.125,168.458,86.667,232.638,24.464,12.0
Kolkata,22.5726,88.3639,2025-04-15,2025,4,15,28.25,72.208,38.667,4.325,264.25,195.625,68.625,273.346,25.34,12.0
Kolkata,22.5726,88.3639,2025-04-16,2025,4,16,29.017,76.792,31.583,8.871,249.792,174.292,75.5,231.938,23.952,11.595
Kolkata,22.5726,88.3639,2025-04-17,2025,4,17,28.379,79.583,41.0,11.646,233.917,152.083,81.833,208.108,22.432,11.472
Kolkata,22.5726,88.3639,2025-04-18,2025,4,18,26.729,81.667,37.0,9.179,226.667,143.792,82.875,206.908,21.732,12.0
Kolkata,22.5726,88.3639,2025-04-19,2025,4,19,27.704,83.167,41.583,5.275,190.708,93.708,97.0,124.258,18.284,9.891
Kolkata,22.5726,88.3639,2025-04-20,2025,4,20,30.671,80.792,31.417,11.804,231.167,144.708,86.458,205.904,22.16,12.0
Kolkata,22.5726,88.3639,2025-04-21,2025,4,21,30.671,81.125,36.208,16.654,242.417,155.042,87.375,216.612,23.236,11.794
Kolkata,22.5726,88.3639,2025-04-22,2025,4,22,30.862,82.958,32.0,17.442,257.375,170.417,86.958,231.992,24.672,12.0
Kolkata,22.5726,88.3639,2025-04-23,2025,4,23,31.946,78.125,14.333,15.971,298.75,235.167,63.583,317.85,28.64,12.0
Kolkata,22.5726,88.3639,2025-04-24,2025,4,24,31.546,81.167,27.417,16.329,274.25,199.083,75.167,267.683,26.292,12.0
Kolkata,22.5726,88.3639,2025-04-25,2025,4,25,31.567,81.792,29.417,16.521,278.25,201.417,76.833,273.633,26.676,12.0
Kolkata,22.5726,88.3639,2025-04-26,2025,4,26,31.013,79.75,18.375,18.883,291.625,225.583,66.042,299.7,27.968,11.865
Kolkata,22.5726,88.3639,2025-04-27,2025,4,27,29.471,77.333,50.0,10.521,243.167,155.042,88.125,213.517,23.308,12.0
Kolkata,22.5726,88.3639,2025-04-28,2025,4,28,28.658,79.542,47.625,7.704,253.833,177.708,76.125,237.65,24.332,11.485
Kolkata,22.5726,88.3639,2025-04-29,2025,4,29,26.596,81.0,31.958,4.996,215.083,127.583,87.5,158.929,20.624,9.236
Kolkata,22.5726,88.3639,2025-04-30,2025,4,30,25.971,86.167,51.75,6.258,198.917,103.75,95.167,153.362,19.052,11.0
Kolkata,22.5726,88.3639,2025-05-01,2025,5,1,27.496,79.417,38.208,4.438,251.833,172.875,78.958,232.121,24.136,11.833
Kolkata,22.5726,88.3639,2025-05-02,2025,5,2,27.096,77.083,23.417,3.712,278.042,197.875,80.167,270.25,26.652,12.0
Kolkata,22.5726,88.3639,2025-05-03,2025,5,3,28.725,78.417,39.875,6.967,270.042,195.583,74.458,263.475,25.876,12.0
Kolkata,22.5726,88.3639,2025-05-04,2025,5,4,28.383,78.208,63.167,5.996,248.542,170.25,78.292,220.933,23.82,11.037
Kolkata,22.5726,88.3639,2025-05-05,2025,5,5,29.812,76.458,29.5,5.583,278.125,207.417,70.708,274.612,26.656,12.0
Kolkata,22.5726,88.3639,2025-05-06,2025,5,6,28.787,82.458,39.833,6.496,271.208,196.583,74.625,263.125,25.988,12.0
Kolkata,22.5726,88.3639,2025-05-07,2025,5,7,29.771,79.125,33.5,6.829,279.667,207.25,72.417,281.388,26.804,12.0
Kolkata,22.5726,88.3639,2025-05-08,2025,5,8,30.75,77.0,40.833,9.608,280.875,206.25,74.625,270.038,26.912,12.0
Kolkata,22.5726,88.3639,2025-05-09,2025,5,9,31.779,74.5,39.375,7.554,290.0,218.917,71.083,279.921,27.792,11.465
Kolkata,22.5726,88.3639,2025-05-10,2025,5,10,32.717,69.75,9.958,8.592,279.042,208.083,70.958,284.358,26.732,12.008
Kolkata,22.5726,88.3639,2025-05-11,2025,5,11,33.021,68.667,12.167,10.062,290.958,225.958,65.0,301.45,27.88,12.005
Kolkata,22.5726,88.3639,2025-05-12,2025,5,12,31.533,73.333,40.875,12.358,280.0,209.917,70.083,285.133,26.832,12.0
Kolkata,22.5726,88.3639,2025-05-13,2025,5,13,31.35,75.792,30.542,14.604,250.958,168.333,82.625,225.525,24.052,12.0
Kolkata,22.5726,88.3639,2025-05-14,2025,5,14,32.133,76.167,40.833,15.925,258.375,173.333,85.042,234.267,24.744,11.768
Kolkata,22.5726,88.3639,2025-05-15,2025,5,15,31.446,76.667,52.75,15.775,242.292,157.917,84.375,214.546,23.196,12.0
Kolkata,22.5726,88.3639,2025-05-16,2025,5,16,31.4,76.917,66.458,15.429,240.875,159.667,81.208,218.375,23.064,12.0
Kolkata,22.5726,88.3639,2025-05-17,2025,5,17,30.954,75.208,48.25,15.308,266.583,191.125,75.458,258.642,25.528,12.058
Kolkata,22.5726,88.3639,2025-05-18,2025,5,18,29.167,80.167,71.542,11.696,203.042,125.167,77.875,171.733,19.428,12.0
Kolkata,22.5726,88.3639,2025-05-19,2025,5,19,30.771,77.208,63.333,11.654,205.5,121.542,83.958,164.692,19.672,11.152
Kolkata,22.5726,88.3639,2025-05-20,2025,5,20,31.346,75.333,59.333,15.117,246.625,169.25,77.375,224.758,23.612,12.0
Kolkata,22.5726,88.3639,2025-05-21,2025,5,21,31.196,75.5,54.833,14.054,247.167,168.167,79.0,222.429,23.668,12.0
Kolkata,22.5726,88.3639,2025-05-22,2025,5,22,29.25,79.875,93.833,6.658,198.958,111.167,87.792,139.25,19.052,9.911
Kolkata,22.5726,88.3639,2025-05-23,2025,5,23,29.183,83.375,89.417,5.45,105.292,28.833,76.458,51.554,10.036,3.326
Kolkata,22.5726,88.3639,2025-05-24,2025,5,24,28.912,85.875,98.75,5.325,161.708,67.125,94.583,83.654,15.492,8.041
Kolkata,22.5726,88.3639,2025-05-25,2025,5,25,29.021,86.75,99.625,7.346,137.417,40.458,96.958,52.925,13.132,4.626
Kolkata,22.5726,88.3639,2025-05-26,2025,5,26,28.629,89.833,98.083,8.475,137.125,56.708,80.417,73.775,13.124,6.331
Kolkata,22.5726,88.3639,2025-05-27,2025,5,27,29.146,85.875,99.458,11.796,153.167,47.375,105.792,66.15,14.66,6.724
Kolkata,22.5726,88.3639,2025-05-28,2025,5,28,29.267,85.542,99.333,14.771,130.333,40.25,90.083,53.55,12.476,5.602
Kolkata,22.5726,88.3639,2025-05-29,2025,5,29,27.412,94.75,100.0,17.167,47.5,8.917,38.583,9.487,4.552,1.0
Kolkata,22.5726,88.3639,2025-05-30,2025,5,30,29.433,86.75,100.0,14.65,161.75,46.083,115.667,54.196,15.48,5.406
Kolkata,22.5726,88.3639,2025-05-31,2025,5,31,30.621,86.0,99.875,13.788,128.333,24.75,103.583,29.671,12.264,2.049
Kolkata,22.5726,88.3639,2025-06-01,2025,6,1,31.262,83.25,99.917,10.554,186.708,87.167,99.542,121.346,17.848,9.839
Kolkata,22.5726,88.3639,2025-06-02,2025,6,2,32.417,72.875,85.875,7.642,274.417,195.333,79.083,253.067,26.264,11.74
Kolkata,22.5726,88.3639,2025-06-03,2025,6,3,31.338,75.917,58.083,9.154,292.583,221.042,71.542,294.721,27.992,12.23
Kolkata,22.5726,88.3639,2025-06-04,2025,6,4,29.5,84.0,85.458,7.383,231.875,128.5,103.375,173.629,22.18,11.292
Kolkata,22.5726,88.3639,2025-06-05,2025,6,5,29.088,85.542,80.25,5.058,158.375,67.75,90.625,84.554,15.124,6.111
Kolkata,22.5726,88.3639,2025-06-06,2025,6,6,30.354,81.25,40.458,4.921,244.208,154.042,90.167,202.913,23.364,11.448
Kolkata,22.5726,88.3639,2025-06-07,2025,6,7,30.396,82.292,38.625,5.325,253.208,181.292,71.917,243.979,24.224,12.068
Kolkata,22.5726,88.3639,2025-06-08,2025,6,8,31.296,79.958,33.583,6.312,240.75,163.708,77.042,225.142,23.032,12.065
Kolkata,22.5726,88.3639,2025-06-09,2025,6,9,31.525,81.583,45.583,6.408,271.75,197.333,74.417,265.938,25.98,12.288
Kolkata,22.5726,88.3639,2025-06-10,2025,6,10,31.283,79.958,76.917,8.583,260.083,179.917,80.167,242.492,24.868,12.21
Kolkata,22.5726,88.3639,2025-06-11,2025,6,11,30.767,81.542,72.458,7.796,187.167,103.208,83.958,134.633,17.872,10.72
Kolkata,22.5726,88.3639,2025-06-12,2025,6,12,31.046,79.75,46.042,8.167,226.167,143.292,82.875,194.054,21.612,12.13
Kolkata,22.5726,88.3639,2025-06-13,2025,6,13,31.304,80.583,49.458,7.008,246.667,169.167,77.5,224.671,23.58,12.127
Kolkata,22.5726,88.3639,2025-06-14,2025,6,14,31.704,79.083,78.375,8.808,247.583,168.042,79.542,224.058,23.672,12.0
Kolkata,22.5726,88.3639,2025-06-15,2025,6,15,29.912,85.0,99.375,8.858,142.542,51.333,91.208,78.925,13.612,6.894
Kolkata,22.5726,88.3639,2025-06-16,2025,6,16,29.542,84.875,97.833,5.733,147.958,63.208,84.75,85.988,14.18,7.502
Kolkata,22.5726,88.3639,2025-06-17,2025,6,17,27.383,94.75,99.917,11.892,45.542,3.667,41.875,4.663,4.336,0.0
Kolkata,22.5726,88.3639,2025-06-18,2025,6,18,27.287,92.708,99.958,21.088,42.25,6.208,36.042,7.983,4.048,0.205
Kolkata,22.5726,88.3639,2025-06-19,2025,6,19,27.558,85.333,98.625,21.733,126.5,46.167,80.333,73.104,12.036,7.954
Kolkata,22.5726,88.3639,2025-06-20,2025,6,20,28.954,86.833,99.75,13.308,96.458,18.417,78.042,26.546,9.192,1.421
Kolkata,22.5726,88.3639,2025-06-21,2025,6,21,30.146,83.708,96.208,8.487,215.958,127.0,88.958,166.038,20.672,9.427
Kolkata,22.5726,88.3639,2025-06-22,2025,6,22,29.529,88.25,98.708,7.117,121.833,30.167,91.667,36.096,11.648,2.215
Kolkata,22.5726,88.3639,2025-06-23,2025,6,23,29.9,83.833,99.542,9.108,207.417,112.5,94.917,137.496,19.836,8.519
Kolkata,22.5726,88.3639,2025-06-24,2025,6,24,29.75,85.833,99.375,8.104,185.417,90.583,94.833,111.217,17.72,7.929
Kolkata,22.5726,88.3639,2025-06-25,2025,6,25,29.6,87.042,92.667,13.188,150.958,49.458,101.5,59.954,14.412,5.29
Kolkata,22.5726,88.3639,2025-06-26,2025,6,26,29.338,87.75,87.583,16.354,157.583,64.833,92.75,86.612,15.04,8.586
Kolkata,22.5726,88.3639,2025-06-27,2025,6,27,28.688,89.167,97.167,9.183,158.5,74.792,83.708,98.146,15.168,6.712
Kolkata,22.5726,88.3639,2025-06-28,2025,6,28,27.883,91.917,99.625,8.904,42.5,2.875,39.625,5.633,3.988,0.0
Kolkata,22.5726,88.3639,2025-06-29,2025,6,29,28.396,89.833,95.792,5.629,131.542,56.5,75.042,68.629,12.564,6.135
Kolkata,22.5726,88.3639,2025-06-30,2025,6,30,28.608,89.667,99.417,6.1,114.958,36.5,78.458,46.579,10.96,3.971
Kolkata,22.5726,88.3639,2025-07-01,2025,7,1,29.175,87.333,99.583,11.771,165.25,71.667,93.583,96.504,15.756,8.172
Kolkata,22.5726,88.3639,2025-07-02,2025,7,2,29.25,87.583,98.958,8.417,186.208,96.0,90.208,120.0,17.816,9.259
Kolkata,22.5726,88.3639,2025-07-03,2025,7,3,29.104,89.5,93.125,8.171,156.292,66.417,89.875,89.783,14.932,7.593
Kolkata,22.5726,88.3639,2025-07-04,2025,7,4,28.708,88.417,99.625,7.758,88.5,16.167,72.333,19.788,8.448,1.28
Kolkata,22.5726,88.3639,2025-07-05,2025,7,5,28.787,87.25,95.333,8.013,131.542,52.625,78.917,67.517,12.58,6.772
Kolkata,22.5726,88.3639,2025-07-06,2025,7,6,28.129,90.125,99.917,4.908,130.375,52.25,78.125,68.475,12.456,4.602
Kolkata,22.5726,88.3639,2025-07-07,2025,7,7,27.246,94.792,99.875,6.2,77.417,16.417,61.0,23.412,7.4,1.241
Kolkata,22.5726,88.3639,2025-07-08,2025,7,8,27.079,92.208,99.75,13.333,86.833,20.208,66.625,26.15,8.316,1.524
Kolkata,22.5726,88.3639,2025-07-09,2025,7,9,26.717,92.875,99.75,10.996,67.917,12.0,55.917,20.262,6.42,0.294
Kolkata,22.5726,88.3639,2025-07-10,2025,7,10,28.146,89.375,92.833,11.417,149.417,63.708,85.708,87.958,14.252,8.037
Kolkata,22.5726,88.3639,2025-07-11,2025,7,11,29.229,87.083,85.042,8.362,188.083,95.333,92.75,119.025,17.968,9.19
Kolkata,22.5726,88.3639,2025-07-12,2025,7,12,30.146,85.667,88.5,7.008,167.5,66.958,100.542,90.225,15.98,7.522
Kolkata,22.5726,88.3639,2025-07-13,2025,7,13,29.079,87.708,99.75,4.629,161.375,63.542,97.833,77.038,15.44,6.616
Kolkata,22.5726,88.3639,2025-07-14,2025,7,14,27.142,93.208,99.958,10.121,65.458,8.667,56.792,10.646,6.248,0.0
Kolkata,22.5726,88.3639,2025-07-15,2025,7,15,28.283,91.917,100.0,13.667,64.5,5.708,58.792,6.238,6.16,0.036
Kolkata,22.5726,88.3639,2025-07-16,2025,7,16,28.967,90.875,99.708,11.283,152.125,47.417,104.708,54.988,14.552,4.423
Kolkata,22.5726,88.3639,2025-07-17,2025,7,17,30.083,83.667,98.042,10.162,209.042,98.542,110.5,120.754,19.988,8.606
Kolkata,22.5726,88.3639,2025-07-18,2025,7,18,30.142,83.958,80.167,8.792,208.333,125.083,83.25,165.425,19.904,11.034
Kolkata,22.5726,88.3639,2025-07-19,2025,7,19,30.342,82.542,74.833,10.0,217.125,128.875,88.25,187.421,20.76,11.511
Kolkata,22.5726,88.3639,2025-07-20,2025,7,20,30.383,82.958,99.208,7.208,205.958,104.208,101.75,138.925,19.696,10.312
Kolkata,22.5726,88.3639,2025-07-21,2025,7,21,30.579,82.75,94.958,5.558,199.583,112.167,87.417,147.013,19.06,9.106
Kolkata,22.5726,88.3639,2025-07-22,2025,7,22,30.804,81.875,91.625,5.833,211.625,106.5,105.125,144.879,20.208,10.798
Kolkata,22.5726,88.3639,2025-07-23,2025,7,23,31.75,79.417,62.583,4.758,244.25,176.5,67.75,239.867,23.368,12.041
Kolkata,22.5726,88.3639,2025-07-24,2025,7,24,29.329,89.833,99.875,4.921,109.333,15.375,93.958,20.796,10.428,0.776
Kolkata,22.5726,88.3639,2025-07-25,2025,7,25,28.342,92.125,99.625,12.779,92.958,26.792,66.167,36.275,8.884,3.569
Kolkata,22.5726,88.3639,2025-07-26,2025,7,26,28.917,90.458,98.375,13.096,142.708,61.208,81.5,77.212,13.62,6.685
Kolkata,22.5726,88.3639,2025-07-27,2025,7,27,29.975,85.083,99.875,10.679,160.458,63.958,96.5,86.117,15.332,8.31
Kolkata,22.5726,88.3639,2025-07-28,2025,7,28,28.617,90.375,99.958,9.362,87.417,13.75,73.667,14.667,8.368,0.728
Kolkata,22.5726,88.3639,2025-07-29,2025,7,29,27.963,93.375,95.125,9.412,53.708,9.208,44.5,12.438,5.096,0.283
Kolkata,22.5726,88.3639,2025-07-30,2025,7,30,27.304,94.5,98.042,8.054,49.083,4.417,44.667,7.837,4.684,0.0
Kolkata,22.5726,88.3639,2025-07-31,2025,7,31,27.883,93.792,99.875,11.112,56.125,7.208,48.917,9.046,5.344,0.336
Kolkata,22.5726,88.3639,2025-08-01,2025,8,1,29.5,87.667,98.75,8.487,147.75,52.75,95.0,60.271,14.128,5.002
Kolkata,22.5726,88.3639,2025-08-02,2025,8,2,30.196,85.625,98.5,10.608,193.75,96.333,97.417,121.083,18.532,7.665
Kolkata,22.5726,88.3639,2025-08-03,2025,8,3,30.129,86.667,94.75,14.35,194.667,97.667,97.0,127.633,18.644,10.031
Kolkata,22.5726,88.3639,2025-08-04,2025,8,4,29.888,86.125,99.167,11.208,154.292,40.25,114.042,50.887,14.752,3.363
Kolkata,22.5726,88.3639,2025-08-05,2025,8,5,29.588,86.667,95.25,7.829,171.708,77.458,94.25,101.596,16.444,9.94
Kolkata,22.5726,88.3639,2025-08-06,2025,8,6,28.188,89.875,99.375,8.812,89.417,20.875,68.542,29.162,8.56,1.303
Kolkata,22.5726,88.3639,2025-08-07,2025,8,7,27.988,91.458,98.792,8.338,66.875,9.375,57.5,14.175,6.384,0.046
Kolkata,22.5726,88.3639,2025-08-08,2025,8,8,27.525,90.875,94.167,11.421,89.75,14.667,75.083,22.213,8.572,0.535
Kolkata,22.5726,88.3639,2025-08-09,2025,8,9,29.433,84.292,72.083,11.904,208.167,126.667,81.5,169.567,19.924,11.535
Kolkata,22.5726,88.3639,2025-08-10,2025,8,10,30.367,80.833,88.792,11.879,238.0,162.0,76.0,220.3,22.788,12.0
Kolkata,22.5726,88.3639,2025-08-11,2025,8,11,30.479,82.0,98.75,9.8,201.792,90.708,111.083,117.892,19.312,10.03
Kolkata,22.5726,88.3639,2025-08-12,2025,8,12,30.721,83.292,98.208,8.325,214.583,127.583,87.0,159.433,20.56,9.352
Kolkata,22.5726,88.3639,2025-08-13,2025,8,13,29.542,87.333,99.708,10.65,155.875,58.0,97.875,80.279,14.936,6.017
Kolkata,22.5726,88.3639,2025-08-14,2025,8,14,28.796,88.417,98.292,11.217,158.333,63.208,95.125,80.554,15.156,6.393
Kolkata,22.5726,88.3639,2025-08-15,2025,8,15,28.85,87.958,91.25,9.75,158.708,66.875,91.833,91.117,15.184,7.568
Kolkata,22.5726,88.3639,2025-08-16,2025,8,16,30.204,82.125,87.125,7.283,212.875,130.75,82.125,183.987,20.392,11.733
Kolkata,22.5726,88.3639,2025-08-17,2025,8,17,29.721,84.167,99.583,10.733,147.5,53.083,94.417,66.954,14.132,6.39
Kolkata,22.5726,88.3639,2025-08-18,2025,8,18,29.287,83.917,89.875,16.525,182.625,102.375,80.25,129.704,17.496,9.3
Kolkata,22.5726,88.3639,2025-08-19,2025,8,19,28.483,89.208,94.75,15.75,148.292,68.667,79.625,94.604,14.204,8.61
Kolkata,22.5726,88.3639,2025-08-20,2025,8,20,28.054,91.125,98.958,11.658,143.125,58.833,84.292,84.225,13.708,7.209
Kolkata,22.5726,88.3639,2025-08-21,2025,8,21,27.454,93.458,99.75,10.096,59.792,3.75,56.042,4.25,5.72,0.0
Kolkata,22.5726,88.3639,2025-08-22,2025,8,22,27.154,92.375,99.958,9.796,58.125,6.042,52.083,6.938,5.564,0.064
Kolkata,22.5726,88.3639,2025-08-23,2025,8,23,27.146,92.042,99.75,11.233,73.125,17.167,55.958,24.896,7.004,1.828
Kolkata,22.5726,88.3639,2025-08-24,2025,8,24,27.833,87.625,95.75,11.229,92.292,26.333,65.958,31.846,8.836,2.632
Kolkata,22.5726,88.3639,2025-08-25,2025,8,25,28.733,85.375,92.208,6.362,168.125,77.458,90.667,107.133,16.116,9.583
Kolkata,22.5726,88.3639,2025-08-26,2025,8,26,29.492,82.375,61.667,8.142,218.167,148.875,69.292,210.8,20.916,12.0
Kolkata,22.5726,88.3639,2025-08-27,2025,8,27,29.004,85.875,76.417,13.396,201.625,123.083,78.542,173.725,19.336,11.652
Kolkata,22.5726,88.3639,2025-08-28,2025,8,28,28.996,85.125,91.25,13.45,188.333,108.792,79.542,136.879,18.056,9.001
Kolkata,22.5726,88.3639,2025-08-29,2025,8,29,28.638,87.208,97.542,11.696,162.792,72.5,90.292,111.617,15.608,10.111
Kolkata,22.5726,88.3639,2025-08-30,2025,8,30,29.1,85.542,97.667,8.125,168.583,72.5,96.083,98.642,16.168,7.28
Kolkata,22.5726,88.3639,2025-08-31,2025,8,31,29.883,83.792,76.375,5.525,197.292,118.0,79.292,158.25,18.924,8.814
Kolkata,22.5726,88.3639,2025-09-01,2025,9,1,30.617,81.792,96.333,5.754,214.167,131.958,82.208,178.788,20.544,10.205
Kolkata,22.5726,88.3639,2025-09-02,2025,9,2,28.388,87.042,98.542,12.904,150.292,75.125,75.167,95.7,14.416,7.506
Kolkata,22.5726,88.3639,2025-09-03,2025,9,3,27.992,88.833,96.208,17.521,119.708,37.0,82.708,50.738,11.484,4.165
Kolkata,22.5726,88.3639,2025-09-04,2025,9,4,28.888,86.583,89.958,11.288,187.667,105.5,82.167,136.288,18.004,9.511
Kolkata,22.5726,88.3639,2025-09-05,2025,9,5,29.475,85.333,73.458,8.792,215.708,129.042,86.667,184.417,20.696,11.088
Kolkata,22.5726,88.3639,2025-09-06,2025,9,6,30.183,82.458,50.125,7.221,230.542,163.833,66.708,233.883,22.12,12.0
Kolkata,22.5726,88.3639,2025-09-07,2025,9,7,30.188,81.625,94.208,7.254,211.167,128.875,82.292,186.688,20.268,11.947
Kolkata,22.5726,88.3639,2025-09-08,2025,9,8,30.558,79.542,69.292,6.717,214.125,140.292,73.833,206.404,20.548,12.0
Kolkata,22.5726,88.3639,2025-09-09,2025,9,9,30.537,81.208,90.417,7.029,225.5,145.042,80.458,200.562,21.64,10.85
Kolkata,22.5726,88.3639,2025-09-10,2025,9,10,30.717,79.25,88.333,7.275,233.708,169.917,63.792,242.446,22.432,11.797
Kolkata,22.5726,88.3639,2025-09-11,2025,9,11,30.592,81.5,90.417,6.7,226.583,157.125,69.458,219.2,21.748,11.879
Kolkata,22.5726,88.3639,2025-09-12,2025,9,12,29.279,86.333,99.625,6.883,146.875,51.792,95.083,65.312,14.1,5.229
Kolkata,22.5726,88.3639,2025-09-13,2025,9,13,29.433,86.375,94.583,7.546,122.333,47.125,75.208,68.158,11.744,4.918
Kolkata,22.5726,88.3639,2025-09-14,2025,9,14,28.808,89.042,99.958,8.3,155.75,67.542,88.208,94.729,14.948,6.024
Kolkata,22.5726,88.3639,2025-09-15,2025,9,15,27.963,89.292,98.375,9.625,84.208,21.125,63.083,26.287,8.084,1.459
Kolkata,22.5726,88.3639,2025-09-16,2025,9,16,28.021,90.083,99.125,10.25,94.958,23.417,71.542,31.612,9.116,2.458
Kolkata,22.5726,88.3639,2025-09-17,2025,9,17,28.983,84.917,89.667,10.779,203.75,126.583,77.167,174.317,19.56,10.364
Kolkata,22.5726,88.3639,2025-09-18,2025,9,18,30.108,82.208,97.292,8.271,225.875,147.042,78.833,201.467,21.684,10.525
Kolkata,22.5726,88.3639,2025-09-19,2025,9,19,30.204,84.125,81.708,4.862,203.125,122.083,81.042,169.129,19.5,8.658
Kolkata,22.5726,88.3639,2025-09-20,2025,9,20,28.971,88.625,98.292,3.696,121.917,22.25,99.667,31.787,11.704,1.841
Kolkata,22.5726,88.3639,2025-09-21,2025,9,21,29.362,85.917,96.583,4.288,172.875,84.333,88.542,115.733,16.596,8.374
Kolkata,22.5726,88.3639,2025-09-22,2025,9,22,27.683,91.917,99.875,4.346,71.083,6.958,64.125,11.062,6.824,0.094
Kolkata,22.5726,88.3639,2025-09-23,2025,9,23,27.742,90.042,98.125,7.225,99.917,37.792,62.125,48.496,9.592,3.293
Kolkata,22.5726,88.3639,2025-09-24,2025,9,24,29.129,85.833,80.667,7.333,191.25,119.417,71.833,181.112,18.36,11.211
Kolkata,22.5726,88.3639,2025-09-25,2025,9,25,30.088,82.0,42.417,5.312,217.5,159.0,58.5,238.788,20.88,11.944
Kolkata,22.5726,88.3639,2025-09-26,2025,9,26,29.304,86.583,98.125,13.654,158.625,83.75,74.875,123.908,15.132,9.862
Kolkata,22.5726,88.3639,2025-09-27,2025,9,27,29.7,84.375,80.167,13.833,176.875,109.833,67.042,154.904,16.848,10.201
Kolkata,22.5726,88.3639,2025-09-28,2025,9,28,29.5,86.5,93.875,7.3,199.417,124.292,75.125,174.625,19.012,9.659
Kolkata,22.5726,88.3639,2025-09-29,2025,9,29,30.258,82.542,48.292,3.387,211.625,143.75,67.875,216.142,20.16,11.714
Kolkata,22.5726,88.3639,2025-09-30,2025,9,30,30.508,81.625,41.042,3.9,207.833,146.125,61.708,220.346,19.808,11.301
Kolkata,22.5726,88.3639,2025-10-01,2025,10,1,29.329,85.333,94.25,8.4,173.542,95.25,78.292,131.304,16.56,8.907
Kolkata,22.5726,88.3639,2025-10-02,2025,10,2,27.596,91.375,98.792,14.475,87.458,14.833,72.625,18.662,8.34,1.03
Kolkata,22.5726,88.3639,2025-10-03,2025,10,3,28.025,89.875,98.083,15.396,127.958,51.5,76.458,78.312,12.144,8.255
Kolkata,22.5726,88.3639,2025-10-04,2025,10,4,28.833,87.875,99.042,15.458,124.5,52.333,72.167,79.421,11.848,7.07
Kolkata,22.5726,88.3639,2025-10-05,2025,10,5,27.692,90.583,99.5,10.2,119.125,43.833,75.292,65.458,11.372,6.55
Kolkata,22.5726,88.3639,2025-10-06,2025,10,6,27.575,89.875,97.083,4.479,115.292,29.417,85.875,37.75,11.028,3.672
Kolkata,22.5726,88.3639,2025-10-07,2025,10,7,27.717,87.25,95.042,4.892,141.792,55.208,86.583,80.837,13.544,6.99
Kolkata,22.5726,88.3639,2025-10-08,2025,10,8,28.071,87.5,81.125,4.712,153.0,71.458,81.542,109.633,14.628,8.298
Kolkata,22.5726,88.3639,2025-10-09,2025,10,9,28.138,88.167,70.417,4.817,174.458,97.208,77.25,148.558,16.668,10.146
Kolkata,22.5726,88.3639,2025-10-10,2025,10,10,28.175,86.042,74.458,5.254,145.583,73.0,72.583,113.054,13.912,6.915
Kolkata,22.5726,88.3639,2025-10-11,2025,10,11,27.862,88.542,58.417,6.654,161.375,91.542,69.833,130.929,15.428,9.049
Kolkata,22.5726,88.3639,2025-10-12,2025,10,12,28.2,83.292,32.667,6.904,215.833,156.833,59.0,236.596,20.616,10.612
Kolkata,22.5726,88.3639,2025-10-13,2025,10,13,28.213,80.708,1.583,7.383,229.625,173.458,56.167,272.979,21.948,11.194
Kolkata,22.5726,88.3639,2025-10-14,2025,10,14,27.833,79.667,1.042,7.992,234.292,181.125,53.167,285.604,22.396,11.195
Kolkata,22.5726,88.3639,2025-10-15,2025,10,15,27.842,76.542,1.042,7.317,236.917,184.5,52.417,291.438,22.652,11.196
Kolkata,22.5726,88.3639,2025-10-16,2025,10,16,27.146,79.042,5.167,6.975,233.417,181.042,52.375,286.642,22.324,11.056
Kolkata,22.5726,88.3639,2025-10-17,2025,10,17,27.75,78.417,2.292,5.517,221.625,166.958,54.667,265.738,21.196,11.056
Kolkata,22.5726,88.3639,2025-10-18,2025,10,18,28.604,79.5,22.417,5.5,188.25,134.0,54.25,215.954,18.02,10.772
Kolkata,22.5726,88.3639,2025-10-19,2025,10,19,29.092,80.208,21.875,6.042,191.75,137.75,54.0,214.704,18.344,10.485
Kolkata,22.5726,88.3639,2025-10-20,2025,10,20,28.758,80.5,29.5,7.329,214.208,155.292,58.917,252.763,20.492,10.922
Kolkata,22.5726,88.3639,2025-10-21,2025,10,21,28.512,80.0,5.583,7.875,228.833,178.417,50.417,288.121,21.904,10.985
Kolkata,22.5726,88.3639,2025-10-22,2025,10,22,28.583,78.292,7.25,6.817,216.917,160.792,56.125,259.471,20.764,10.914
Kolkata,22.5726,88.3639,2025-10-23,2025,10,23,28.679,77.0,5.833,4.75,215.042,162.083,52.958,264.429,20.588,10.842
Kolkata,22.5726,88.3639,2025-10-24,2025,10,24,28.521,77.083,6.583,4.746,210.792,158.667,52.125,259.258,20.188,10.841
Kolkata,22.5726,88.3639,2025-10-25,2025,10,25,28.262,81.583,26.917,5.408,186.0,131.292,54.708,215.346,17.816,10.668
Kolkata,22.5726,88.3639,2025-10-26,2025,10,26,28.488,82.667,27.833,5.096,179.958,126.833,53.125,208.958,17.248,10.459
Kolkata,22.5726,88.3639,2025-10-27,2025,10,27,28.871,80.5,55.542,6.417,192.583,140.292,52.292,232.771,18.448,10.608
Kolkata,22.5726,88.3639,2025-10-28,2025,10,28,28.317,85.25,51.792,6.938,176.917,127.0,49.917,205.758,16.964,10.243
Kolkata,22.5726,88.3639,2025-10-29,2025,10,29,27.067,90.708,91.125,8.817,94.333,36.792,57.542,52.433,9.036,3.723
Kolkata,22.5726,88.3639,2025-10-30,2025,10,30,27.283,89.708,76.667,8.071,130.167,69.25,60.917,115.983,12.464,9.388
Kolkata,22.5726,88.3639,2025-10-31,2025,10,31,28.467,83.792,23.417,10.362,174.417,121.875,52.542,204.25,16.712,10.271
Kolkata,22.5726,88.3639,2025-11-01,2025,11,1,28.463,87.667,76.833,7.779,127.458,62.25,65.208,101.15,12.212,8.735
Kolkata,22.5726,88.3639,2025-11-02,2025,11,2,26.571,84.708,71.5,8.733,129.958,57.167,72.792,97.404,12.452,6.509
Kolkata,22.5726,88.3639,2025-11-03,2025,11,3,25.858,80.375,33.875,8.821,192.083,136.625,55.458,239.775,18.408,10.506
Kolkata,22.5726,88.3639,2025-11-04,2025,11,4,24.996,79.25,89.0,8.679,192.958,124.0,68.958,210.325,18.492,10.487
Kolkata,22.5726,88.3639,2025-11-05,2025,11,5,25.325,78.458,28.625,8.529,207.5,154.792,52.708,266.446,19.888,10.445
Kolkata,22.5726,88.3639,2025-11-06,2025,11,6,26.033,79.75,22.667,6.275,188.083,134.75,53.333,230.6,18.032,10.451
Kolkata,22.5726,88.3639,2025-11-07,2025,11,7,26.438,77.667,12.375,9.254,184.458,133.667,50.792,228.821,17.684,10.312
Kolkata,22.5726,88.3639,2025-11-08,2025,11,8,24.717,66.958,12.208,11.092,212.167,164.958,47.208,286.713,20.34,10.391
Kolkata,22.5726,88.3639,2025-11-09,2025,11,9,23.221,68.125,0.0,8.487,215.958,168.917,47.042,295.462,20.704,10.544
Kolkata,22.5726,88.3639,2025-11-10,2025,11,10,23.138,74.375,0.0,8.742,210.5,163.167,47.333,285.517,20.184,10.404
Kolkata,22.5726,88.3639,2025-11-11,2025,11,11,22.221,71.667,0.0,8.133,211.167,164.25,46.917,289.404,20.248,10.41
Kolkata,22.5726,88.3639,2025-11-12,2025,11,12,21.867,69.583,0.0,7.967,211.583,164.583,47.0,291.208,20.288,10.417
Kolkata,22.5726,88.3639,2025-11-13,2025,11,13,21.754,73.333,0.083,8.562,209.25,162.417,46.833,287.787,20.064,10.276
Kolkata,22.5726,88.3639,2025-11-14,2025,11,14,21.671,73.417,1.208,8.288,208.208,161.542,46.667,287.304,19.968,10.282
Kolkata,22.5726,88.3639,2025-11-15,2025,11,15,21.779,75.792,13.083,8.846,192.542,141.417,51.125,252.442,18.464,10.14
Kolkata,22.5726,88.3639,2025-11-16,2025,11,16,22.138,70.708,23.083,7.892,184.875,132.833,52.042,235.883,17.728,10.072
Kolkata,22.5726,88.3639,2025-11-17,2025,11,17,22.463,72.125,34.75,7.396,162.833,97.208,65.625,180.329,15.612,10.078
Kolkata,22.5726,88.3639,2025-11-18,2025,11,18,23.075,68.833,12.417,4.525,204.583,159.417,45.167,287.471,19.62,10.159
Kolkata,22.5726,88.3639,2025-11-19,2025,11,19,23.229,71.667,0.208,5.738,198.042,152.625,45.417,277.192,18.996,10.165
Kolkata,22.5726,88.3639,2025-11-20,2025,11,20,23.262,71.792,0.083,8.125,195.667,149.542,46.125,272.488,18.768,10.171
Kolkata,22.5726,88.3639,2025-11-21,2025,11,21,23.029,73.708,10.5,6.738,175.25,121.708,53.542,228.204,16.808,10.102
Kolkata,22.5726,88.3639,2025-11-22,2025,11,22,22.588,76.792,1.5,7.246,193.417,147.292,46.125,269.638,18.552,10.108
Kolkata,22.5726,88.3639,2025-11-23,2025,11,23,22.721,76.125,17.708,5.254,189.042,141.0,48.042,259.146,18.132,10.039
Kolkata,22.5726,88.3639,2025-11-24,2025,11,24,21.988,74.917,6.0,9.788,194.75,150.042,44.708,276.604,18.68,10.045
Kolkata,22.5726,88.3639,2025-11-25,2025,11,25,21.025,69.583,0.0,9.662,197.792,153.5,44.292,284.6,18.972,10.051
Kolkata,22.5726,88.3639,2025-11-26,2025,11,26,20.775,68.458,2.0,8.567,196.083,151.458,44.625,281.817,18.808,10.057
Kolkata,22.5726,88.3639,2025-11-27,2025,11,27,21.096,73.833,0.833,7.229,193.542,148.792,44.75,277.7,18.564,10.063
Kolkata,22.5726,88.3639,2025-11-28,2025,11,28,21.583,73.625,0.75,5.312,192.083,148.458,43.625,277.175,18.424,10.0
Kolkata,22.5726,88.3639,2025-11-29,2025,11,29,21.925,73.25,65.458,6.625,156.0,99.75,56.25,186.412,14.964,10.0
Kolkata,22.5726,88.3639,2025-11-30,2025,11,30,21.588,73.875,86.125,5.846,156.958,95.208,61.75,174.583,15.052,9.619
Kolkata,22.5726,88.3639,2025-12-01,2025,12,1,21.946,75.542,84.292,5.938,164.75,106.583,58.167,180.158,15.808,8.351
Kolkata,22.5726,88.3639,2025-12-02,2025,12,2,22.162,73.458,83.875,6.758,180.375,133.583,46.792,245.625,17.3,10.0
Kolkata,22.5726,88.3639,2025-12-03,2025,12,3,20.892,74.833,72.583,7.721,175.708,114.292,61.417,218.458,16.852,10.0
Kolkata,22.5726,88.3639,2025-12-04,2025,12,4,20.138,72.208,20.958,8.983,192.583,149.5,43.083,283.104,18.472,10.0
Kolkata,22.5726,88.3639,2025-12-05,2025,12,5,20.025,67.25,3.833,10.179,193.417,151.0,42.417,288.458,18.552,10.0
Kolkata,22.5726,88.3639,2025-12-06,2025,12,6,18.946,65.667,22.667,9.746,194.542,150.875,43.667,287.096,18.656,10.0
Kolkata,22.5726,88.3639,2025-12-07,2025,12,7,19.254,68.958,27.958,9.008,192.875,150.625,42.25,287.721,18.496,10.0
Kolkata,22.5726,88.3639,2025-12-08,2025,12,8,19.362,69.0,86.667,8.225,183.167,131.542,51.625,248.15,17.564,10.0
Kolkata,22.5726,88.3639,2025-12-09,2025,12,9,19.483,74.708,87.917,8.4,178.083,123.292,54.792,235.446,17.076,10.0
Kolkata,22.5726,88.3639,2025-12-10,2025,12,10,19.767,74.458,47.458,8.692,187.25,142.208,45.042,267.304,17.956,10.0
Kolkata,22.5726,88.3639,2025-12-11,2025,12,11,19.292,74.167,1.208,8.096,188.792,146.083,42.708,282.017,18.104,10.0
Kolkata,22.5726,88.3639,2025-12-12,2025,12,12,19.133,75.375,1.25,7.904,185.292,141.875,43.417,275.021,17.768,10.0
Kolkata,22.5726,88.3639,2025-12-13,2025,12,13,19.65,76.083,4.167,7.262,183.083,138.833,44.25,269.612,17.556,10.0
Kolkata,22.5726,88.3639,2025-12-14,2025,12,14,20.321,74.375,0.75,7.304,184.542,141.25,43.292,274.679,17.692,10.0
Kolkata,22.5726,88.3639,2025-12-15,2025,12,15,20.421,73.875,0.083,7.538,184.875,143.083,41.792,277.033,17.724,10.0
Kolkata,22.5726,88.3639,2025-12-16,2025,12,16,19.846,73.75,0.75,8.212,184.417,141.5,42.917,275.158,17.68,10.0
Kolkata,22.5726,88.3639,2025-12-17,2025,12,17,19.833,74.333,2.25,8.362,180.208,134.625,45.583,263.238,17.276,10.0
Kolkata,22.5726,88.3639,2025-12-18,2025,12,18,20.375,75.0,9.333,7.675,177.667,131.708,45.958,255.242,17.028,10.0
Kolkata,22.5726,88.3639,2025-12-19,2025,12,19,21.012,72.917,33.875,7.758,159.917,111.042,48.875,208.896,15.336,9.444
Kolkata,22.5726,88.3639,2025-12-20,2025,12,20,18.729,80.875,73.708,10.325,116.125,59.417,56.708,115.4,11.128,8.486
Kolkata,22.5726,88.3639,2025-12-21,2025,12,21,17.95,83.708,61.917,8.429,135.583,73.5,62.083,142.646,12.992,9.56
Kolkata,22.5726,88.3639,2025-12-22,2025,12,22,18.879,82.875,51.417,7.742,148.083,94.542,53.542,171.121,14.2,9.156
Kolkata,22.5726,88.3639,2025-12-23,2025,12,23,18.917,80.667,19.417,7.454,166.833,114.125,52.708,223.513,15.984,10.0
Kolkata,22.5726,88.3639,2025-12-24,2025,12,24,18.129,79.833,14.042,8.796,178.875,131.25,47.625,253.175,17.136,10.0
Kolkata,22.5726,88.3639,2025-12-25,2025,12,25,16.338,79.333,6.0,9.396,182.333,135.375,46.958,263.463,17.464,10.014
Kolkata,22.5726,88.3639,2025-12-26,2025,12,26,16.379,78.375,5.875,8.383,185.458,140.208,45.25,275.246,17.764,10.01
Kolkata,22.5726,88.3639,2025-12-27,2025,12,27,17.242,78.542,25.708,7.896,156.292,96.292,60.0,189.904,14.964,10.005
Kolkata,22.5726,88.3639,2025-12-28,2025,12,28,16.146,83.875,6.958,8.188,175.375,125.042,50.333,243.158,16.792,10.0
Kolkata,22.5726,88.3639,2025-12-29,2025,12,29,14.733,85.542,0.917,8.004,188.583,146.667,41.917,285.117,18.056,10.071
Kolkata,22.5726,88.3639,2025-12-30,2025,12,30,14.533,83.708,6.542,8.358,187.958,145.583,42.375,281.438,17.996,10.066
Kolkata,22.5726,88.3639,2025-12-31,2025,12,31,14.662,83.292,1.042,7.533,188.083,145.458,42.625,282.321,18.004,10.138
Mumbai,19.076,72.8777,2023-01-01,2023,1,1,22.525,69.583,2.417,10.742,213.125,171.875,41.25,316.571,20.36,10.582
Mumbai,19.076,72.8777,2023-01-02,2023,1,2,23.258,70.25,0.0,10.467,211.333,170.25,41.083,312.721,20.184,10.576
Mumbai,19.076,72.8777,2023-01-03,2023,1,3,23.5,70.75,18.083,10.208,209.417,168.125,41.292,307.779,20.0,10.571
Mumbai,19.076,72.8777,2023-01-04,2023,1,4,23.496,71.625,8.917,7.738,204.375,162.5,41.875,294.004,19.52,10.416
Mumbai,19.076,72.8777,2023-01-05,2023,1,5,24.025,75.875,15.667,7.825,190.458,141.958,48.5,252.487,18.196,10.335
Mumbai,19.076,72.8777,2023-01-06,2023,1,6,25.204,73.583,25.792,8.888,195.167,150.917,44.25,268.854,18.648,10.255
Mumbai,19.076,72.8777,2023-01-07,2023,1,7,25.821,69.5,13.583,9.871,189.625,141.417,48.208,251.929,18.108,10.323
Mumbai,19.076,72.8777,2023-01-08,2023,1,8,25.233,67.875,5.917,9.775,202.583,156.667,45.917,283.196,19.324,10.689
Mumbai,19.076,72.8777,2023-01-09,2023,1,9,24.217,61.333,0.0,9.883,217.542,176.167,41.375,319.792,20.748,10.714
Mumbai,19.076,72.8777,2023-01-10,2023,1,10,23.862,59.125,0.0,9.3,221.083,179.708,41.375,326.171,21.08,10.725
Mumbai,19.076,72.8777,2023-01-11,2023,1,11,23.771,64.208,0.0,7.571,220.042,178.542,41.5,323.287,20.976,10.736
Mumbai,19.076,72.8777,2023-01-12,2023,1,12,22.963,70.958,1.208,9.379,222.375,180.542,41.833,326.525,21.196,10.747
Mumbai,19.076,72.8777,2023-01-13,2023,1,13,22.246,73.375,19.125,10.254,217.208,174.292,42.917,311.038,20.696,10.758
Mumbai,19.076,72.8777,2023-01-14,2023,1,14,21.079,62.667,18.333,12.217,224.375,182.167,42.208,328.083,21.372,10.769
Mumbai,19.076,72.8777,2023-01-15,2023,1,15,21.342,66.625,27.667,10.667,223.792,180.875,42.917,324.029,21.312,10.78
Mumbai,19.076,72.8777,2023-01-16,2023,1,16,21.533,72.0,3.083,7.729,227.125,184.792,42.333,331.554,21.624,10.79
Mumbai,19.076,72.8777,2023-01-17,2023,1,17,21.738,72.333,0.0,7.913,227.25,185.083,42.167,331.296,21.632,10.801
Mumbai,19.076,72.8777,2023-01-18,2023,1,18,22.496,73.583,1.625,6.637,230.208,188.167,42.042,336.196,21.908,10.811
Mumbai,19.076,72.8777,2023-01-19,2023,1,19,22.796,75.958,3.5,5.658,226.583,184.667,41.917,328.742,21.56,10.821
Mumbai,19.076,72.8777,2023-01-20,2023,1,20,23.054,72.542,13.583,7.254,225.25,183.0,42.25,323.858,21.428,10.832
Mumbai,19.076,72.8777,2023-01-21,2023,1,21,22.758,72.125,3.708,8.579,224.333,181.583,42.75,319.908,21.336,10.842
Mumbai,19.076,72.8777,2023-01-22,2023,1,22,22.012,63.792,0.0,11.962,224.333,181.0,43.333,317.508,21.332,10.852
Mumbai,19.076,72.8777,2023-01-23,2023,1,23,21.521,61.417,0.0,12.467,224.875,180.917,43.958,316.529,21.376,10.863
Mumbai,19.076,72.8777,2023-01-24,2023,1,24,21.1,61.958,0.0,12.129,223.458,179.042,44.417,311.533,21.24,10.873
Mumbai,19.076,72.8777,2023-01-25,2023,1,25,21.525,58.5,2.208,14.808,220.542,174.792,45.75,301.146,20.956,10.883
Mumbai,19.076,72.8777,2023-01-26,2023,1,26,22.596,62.083,4.792,13.121,217.667,171.958,45.708,296.858,20.676,10.893
Mumbai,19.076,72.8777,2023-01-27,2023,1,27,24.588,70.5,4.375,8.883,220.958,175.875,45.083,296.675,20.992,10.904
Mumbai,19.076,72.8777,2023-01-28,2023,1,28,24.321,76.5,1.583,7.279,230.708,186.542,44.167,320.05,21.908,10.914
Mumbai,19.076,72.8777,2023-01-29,2023,1,29,23.758,85.792,46.083,8.383,184.417,125.667,58.75,207.888,17.496,10.783
Mumbai,19.076,72.8777,2023-01-30,2023,1,30,23.912,79.583,24.583,11.071,212.542,161.875,50.667,275.104,20.16,10.934
Mumbai,19.076,72.8777,2023-01-31,2023,1,31,24.925,67.917,21.583,13.075,216.125,166.458,49.667,280.383,20.748,10.943
Mumbai,19.076,72.8777,2023-02-01,2023,2,1,25.708,62.042,19.208,11.438,196.917,140.5,56.417,239.571,18.904,10.953
Mumbai,19.076,72.8777,2023-02-02,2023,2,2,25.938,62.125,9.667,11.525,218.583,165.417,53.167,274.217,20.984,10.963
Mumbai,19.076,72.8777,2023-02-03,2023,2,3,25.117,61.917,13.75,9.242,235.917,190.083,45.833,318.888,22.648,10.972
Mumbai,19.076,72.8777,2023-02-04,2023,2,4,24.846,63.792,2.292,9.333,239.333,193.292,46.042,323.654,22.976,10.981
Mumbai,19.076,72.8777,2023-02-05,2023,2,5,25.283,63.917,29.208,6.696,241.667,195.583,46.083,327.425,23.2,10.99
Mumbai,19.076,72.8777,2023-02-06,2023,2,6,24.646,66.458,9.708,8.742,244.583,198.042,46.542,330.617,23.48,10.999
Mumbai,19.076,72.8777,2023-02-07,2023,2,7,24.517,63.417,10.625,10.792,247.167,200.375,46.792,332.838,23.728,11.0
Mumbai,19.076,72.8777,2023-02-08,2023,2,8,25.138,63.917,57.083,9.4,245.917,198.458,47.458,328.438,23.608,11.0
Mumbai,19.076,72.8777,2023-02-09,2023,2,9,25.638,61.792,35.5,8.279,248.75,201.208,47.542,331.625,23.88,11.0
Mumbai,19.076,72.8777,2023-02-10,2023,2,10,25.304,61.875,4.292,9.271,251.542,203.667,47.875,334.692,24.148,11.0
Mumbai,19.076,72.8777,2023-02-11,2023,2,11,24.963,59.167,0.0,11.325,254.542,206.417,48.125,337.992,24.436,11.0
Mumbai,19.076,72.8777,2023-02-12,2023,2,12,25.146,54.958,0.0,12.692,254.792,206.583,48.208,336.933,24.46,11.0
Mumbai,19.076,72.8777,2023-02-13,2023,2,13,25.825,51.542,0.0,11.342,255.833,207.375,48.458,336.3,24.56,11.0
Mumbai,19.076,72.8777,2023-02-14,2023,2,14,25.133,56.375,0.0,9.183,258.333,209.458,48.875,338.542,24.8,11.0
Mumbai,19.076,72.8777,2023-02-15,2023,2,15,25.517,58.208,0.0,8.108,259.375,210.417,48.958,338.612,24.9,11.0
Mumbai,19.076,72.8777,2023-02-16,2023,2,16,26.221,53.375,0.0,9.933,260.875,211.875,49.0,340.138,25.044,11.0
Mumbai,19.076,72.8777,2023-02-17,2023,2,17,26.517,52.375,0.0,11.158,261.417,212.292,49.125,339.488,25.096,11.0
Mumbai,19.076,72.8777,2023-02-18,2023,2,18,26.246,53.625,0.0,10.454,265.333,215.833,49.5,343.996,25.472,11.0
Mumbai,19.076,72.8777,2023-02-19,2023,2,19,26.146,55.5,0.0,8.246,265.875,216.292,49.583,343.554,25.52,11.0
Mumbai,19.076,72.8777,2023-02-20,2023,2,20,26.146,63.417,0.0,6.146,262.208,212.75,49.458,336.408,25.168,11.0
Mumbai,19.076,72.8777,2023-02-21,2023,2,21,26.208,65.375,15.667,8.196,265.875,216.458,49.417,340.642,25.52,11.0
Mumbai,19.076,72.8777,2023-02-22,2023,2,22,25.404,67.667,26.292,10.542,260.958,202.417,58.542,323.188,25.048,11.005
Mumbai,19.076,72.8777,2023-02-23,2023,2,23,25.75,59.708,0.0,10.754,269.083,219.292,49.792,343.362,25.828,11.0
Mumbai,19.076,72.8777,2023-02-24,2023,2,24,26.713,53.542,0.0,10.9,269.208,219.25,49.958,342.037,25.84,11.0
Mumbai,19.076,72.8777,2023-02-25,2023,2,25,26.867,51.917,13.125,12.362,268.917,217.917,51.0,338.458,25.812,11.0
Mumbai,19.076,72.8777,2023-02-26,2023,2,26,26.979,52.625,0.0,11.592,271.417,221.25,50.167,342.892,26.052,11.051
Mumbai,19.076,72.8777,2023-02-27,2023,2,27,27.146,51.125,0.167,10.408,272.0,221.708,50.292,342.508,26.108,11.045
Mumbai,19.076,72.8777,2023-02-28,2023,2,28,26.762,57.792,0.417,7.329,272.0,221.667,50.333,341.583,26.108,11.039
Mumbai,19.076,72.8777,2023-03-01,2023,3,1,26.617,58.792,0.458,8.946,272.083,221.583,50.5,339.771,26.116,11.101
Mumbai,19.076,72.8777,2023-03-02,2023,3,2,27.417,59.875,0.0,7.817,269.125,217.75,51.375,331.058,25.832,11.095
Mumbai,19.076,72.8777,2023-03-03,2023,3,3,27.362,65.458,1.708,5.425,267.5,215.042,52.458,326.596,25.672,11.088
Mumbai,19.076,72.8777,2023-03-04,2023,3,4,27.521,69.958,11.625,5.346,262.542,210.458,52.083,315.204,25.196,11.082
Mumbai,19.076,72.8777,2023-03-05,2023,3,5,28.483,65.75,19.208,6.417,257.875,201.458,56.417,303.004,24.748,11.075
Mumbai,19.076,72.8777,2023-03-06,2023,3,6,28.017,61.833,29.125,10.508,248.875,184.208,64.667,271.029,23.884,11.001
Mumbai,19.076,72.8777,2023-03-07,2023,3,7,27.704,55.083,34.083,12.033,262.625,205.0,57.625,303.167,25.204,11.062
Mumbai,19.076,72.8777,2023-03-08,2023,3,8,26.979,61.333,30.75,9.929,239.083,171.625,67.458,259.833,22.944,11.123
Mumbai,19.076,72.8777,2023-03-09,2023,3,9,28.225,51.917,5.583,11.367,263.667,207.333,56.333,309.217,25.304,11.116
Mumbai,19.076,72.8777,2023-03-10,2023,3,10,27.988,48.625,4.833,12.217,272.875,219.792,53.083,326.567,26.188,11.244
Mumbai,19.076,72.8777,2023-03-11,2023,3,11,28.129,53.958,19.458,9.067,247.667,179.708,67.958,264.2,23.768,11.237
Mumbai,19.076,72.8777,2023-03-12,2023,3,12,28.238,57.75,61.792,7.846,219.958,142.542,77.417,208.008,21.108,11.163
Mumbai,19.076,72.8777,2023-03-13,2023,3,13,28.037,64.75,44.25,7.646,243.833,176.667,67.167,254.75,23.4,11.02
Mumbai,19.076,72.8777,2023-03-14,2023,3,14,28.504,65.042,59.125,7.071,264.5,204.708,59.792,298.692,25.384,11.216
Mumbai,19.076,72.8777,2023-03-15,2023,3,15,28.067,68.75,66.0,5.558,210.625,119.792,90.833,174.829,20.212,11.079
Mumbai,19.076,72.8777,2023-03-16,2023,3,16,26.717,81.542,43.458,9.129,215.042,131.208,83.833,203.65,20.632,11.27
Mumbai,19.076,72.8777,2023-03-17,2023,3,17,26.529,78.125,30.917,6.767,251.833,188.833,63.0,268.512,24.164,11.195
Mumbai,19.076,72.8777,2023-03-18,2023,3,18,26.804,75.208,1.625,7.879,271.292,214.667,56.625,311.233,26.032,11.391
Mumbai,19.076,72.8777,2023-03-19,2023,3,19,26.108,74.208,15.833,8.708,273.375,212.583,60.792,306.862,26.232,11.317
Mumbai,19.076,72.8777,2023-03-20,2023,3,20,25.946,71.208,21.208,7.6,275.375,214.542,60.833,311.858,26.424,11.512
Mumbai,19.076,72.8777,2023-03-21,2023,3,21,25.917,73.208,32.417,6.275,244.25,182.25,62.0,262.612,23.436,11.37
Mumbai,19.076,72.8777,2023-03-22,2023,3,22,26.467,71.333,10.917,6.967,274.042,216.917,57.125,311.667,26.296,11.566
Mumbai,19.076,72.8777,2023-03-23,2023,3,23,26.279,73.375,28.375,7.692,251.583,184.042,67.542,262.196,24.136,11.221
Mumbai,19.076,72.8777,2023-03-24,2023,3,24,26.483,72.875,4.208,10.292,285.417,226.042,59.375,325.771,27.384,11.755
Mumbai,19.076,72.8777,2023-03-25,2023,3,25,25.9,62.917,7.458,10.8,299.75,244.042,55.708,350.0,28.76,11.801
Mumbai,19.076,72.8777,2023-03-26,2023,3,26,25.475,65.125,1.875,11.513,292.25,230.917,61.333,332.879,28.04,11.815
Mumbai,19.076,72.8777,2023-03-27,2023,3,27,26.029,72.75,34.167,9.042,293.25,234.833,58.417,333.283,28.136,11.83
Mumbai,19.076,72.8777,2023-03-28,2023,3,28,26.496,72.167,30.375,8.688,296.167,239.25,56.917,337.317,28.416,11.795
Mumbai,19.076,72.8777,2023-03-29,2023,3,29,26.617,71.708,7.958,8.296,294.5,235.0,59.5,334.5,28.256,11.858
Mumbai,19.076,72.8777,2023-03-30,2023,3,30,26.354,69.917,27.042,8.321,270.292,199.792,70.5,282.467,25.932,11.511
Mumbai,19.076,72.8777,2023-03-31,2023,3,31,27.2,71.0,34.417,7.854,242.875,174.583,68.292,244.408,23.3,11.369
Mumbai,19.076,72.8777,2023-04-01,2023,4,1,26.917,69.5,16.833,9.875,300.875,243.792,57.083,340.558,28.864,11.901
Mumbai,19.076,72.8777,2023-04-02,2023,4,2,26.846,71.042,10.792,8.45,293.667,230.917,62.75,323.238,28.172,11.898
Mumbai,19.076,72.8777,2023-04-03,2023,4,3,26.808,72.375,13.833,8.217,291.75,229.458,62.292,319.354,27.988,11.929
Mumbai,19.076,72.8777,2023-04-04,2023,4,4,27.638,72.75,3.667,9.325,296.542,241.417,55.125,340.15,28.448,11.942
Mumbai,19.076,72.8777,2023-04-05,2023,4,5,27.754,75.958,9.667,9.15,292.333,232.375,59.958,325.571,28.044,11.956
Mumbai,19.076,72.8777,2023-04-06,2023,4,6,28.446,70.667,13.042,12.638,281.917,217.042,64.875,302.158,27.044,11.969
Mumbai,19.076,72.8777,2023-04-07,2023,4,7,29.929,59.583,33.625,10.8,261.125,195.292,65.833,270.292,25.048,11.983
Mumbai,19.076,72.8777,2023-04-08,2023,4,8,30.012,61.083,73.0,7.504,252.5,167.75,84.75,239.742,24.22,11.996
Mumbai,19.076,72.8777,2023-04-09,2023,4,9,30.021,64.208,5.875,6.929,284.458,227.292,57.167,320.862,27.284,12.0
Mumbai,19.076,72.8777,2023-04-10,2023,4,10,30.421,62.125,20.417,9.046,283.542,223.875,59.667,308.8,27.2,12.0
Mumbai,19.076,72.8777,2023-04-11,2023,4,11,30.358,63.042,13.292,10.617,277.083,214.0,63.083,297.362,26.576,12.0
Mumbai,19.076,72.8777,2023-04-12,2023,4,12,30.971,59.708,15.417,11.337,284.583,224.5,60.083,308.933,27.296,12.0
Mumbai,19.076,72.8777,2023-04-13,2023,4,13,31.262,54.833,88.75,11.567,245.042,135.458,109.583,175.562,23.504,11.499
Mumbai,19.076,72.8777,2023-04-14,2023,4,14,30.325,61.958,85.208,11.854,281.917,203.208,78.708,268.713,27.048,11.0
Mumbai,19.076,72.8777,2023-04-15,2023,4,15,29.679,63.083,3.375,9.429,293.917,234.458,59.458,327.15,28.188,12.0
Mumbai,19.076,72.8777,2023-04-16,2023,4,16,29.017,66.375,0.125,10.471,298.5,239.458,59.042,332.512,28.628,12.0
Mumbai,19.076,72.8777,2023-04-17,2023,4,17,29.229,70.667,3.125,10.954,290.042,225.708,64.333,313.654,27.816,12.0
Mumbai,19.076,72.8777,2023-04-18,2023,4,18,30.971,60.833,14.0,12.625,287.0,222.292,64.708,309.696,27.524,12.0
Mumbai,19.076,72.8777,2023-04-19,2023,4,19,31.65,55.625,2.542,12.992,294.833,236.042,58.792,327.204,28.276,12.0
Mumbai,19.076,72.8777,2023-04-20,2023,4,20,30.396,63.042,10.5,10.171,288.75,222.75,66.0,312.079,27.688,12.0
Mumbai,19.076,72.8777,2023-04-21,2023,4,21,28.829,68.917,0.042,9.004,310.083,251.583,58.5,349.138,29.736,12.0
Mumbai,19.076,72.8777,2023-04-22,2023,4,22,28.458,72.375,11.833,8.292,301.042,239.625,61.417,327.271,28.868,12.0
Mumbai,19.076,72.8777,2023-04-23,2023,4,23,28.125,75.208,12.167,8.025,286.25,221.458,64.792,299.071,27.448,12.0
Mumbai,19.076,72.8777,2023-04-24,2023,4,24,28.604,75.167,53.583,8.708,278.833,205.708,73.125,278.396,26.736,11.898
Mumbai,19.076,72.8777,2023-04-25,2023,4,25,28.963,80.083,50.667,9.296,295.5,235.75,59.75,317.108,28.336,12.0
Mumbai,19.076,72.8777,2023-04-26,2023,4,26,28.808,76.583,67.75,13.417,278.25,195.417,82.833,264.642,26.68,12.0
Mumbai,19.076,72.8777,2023-04-27,2023,4,27,28.792,71.75,28.458,8.658,298.833,237.042,61.792,323.054,28.652,12.0
Mumbai,19.076,72.8777,2023-04-28,2023,4,28,28.7,72.917,1.042,9.008,295.083,233.5,61.583,321.696,28.292,12.0
Mumbai,19.076,72.8777,2023-04-29,2023,4,29,28.55,72.75,13.167,8.525,298.25,234.042,64.208,318.767,28.596,12.0
Mumbai,19.076,72.8777,2023-04-30,2023,4,30,28.179,74.875,13.333,7.542,274.625,207.75,66.875,280.638,26.328,12.0
Mumbai,19.076,72.8777,2023-05-01,2023,5,1,28.225,70.292,35.375,7.867,276.25,202.958,73.292,276.671,26.484,11.989
Mumbai,19.076,72.8777,2023-05-02,2023,5,2,28.554,72.5,33.708,7.179,277.25,207.333,69.917,280.538,26.576,12.0
Mumbai,19.076,72.8777,2023-05-03,2023,5,3,28.588,72.25,10.125,8.008,280.333,215.417,64.917,295.625,26.872,12.0
Mumbai,19.076,72.8777,2023-05-04,2023,5,4,28.246,74.0,21.167,7.587,287.917,223.208,64.708,303.312,27.6,12.0
Mumbai,19.076,72.8777,2023-05-05,2023,5,5,28.858,72.75,20.5,8.267,280.083,213.708,66.375,291.329,26.848,12.0
Mumbai,19.076,72.8777,2023-05-06,2023,5,6,29.154,73.042,33.458,9.379,286.0,216.375,69.625,290.908,27.412,12.0
Mumbai,19.076,72.8777,2023-05-07,2023,5,7,29.575,74.25,44.375,9.2,228.125,146.75,81.375,200.783,21.864,12.0
Mumbai,19.076,72.8777,2023-05-08,2023,5,8,30.033,73.292,82.0,9.462,169.292,78.375,90.917,110.404,16.212,8.586
Mumbai,19.076,72.8777,2023-05-09,2023,5,9,30.354,73.875,95.833,8.621,257.208,175.625,81.583,234.112,24.656,12.0
Mumbai,19.076,72.8777,2023-05-10,2023,5,10,30.862,76.417,72.583,8.279,287.708,221.417,66.292,298.283,27.576,12.0
Mumbai,19.076,72.8777,2023-05-11,2023,5,11,30.912,79.458,45.417,9.058,293.5,229.583,63.917,314.829,28.124,12.034
Mumbai,19.076,72.8777,2023-05-12,2023,5,12,30.817,78.625,13.75,11.633,291.125,227.458,63.667,309.5,27.9,12.0
Mumbai,19.076,72.8777,2023-05-13,2023,5,13,30.954,75.667,5.875,13.408,302.042,240.625,61.417,322.458,28.948,12.0
Mumbai,19.076,72.8777,2023-05-14,2023,5,14,30.512,74.375,13.833,11.263,304.75,239.25,65.5,324.479,29.2,12.026
Mumbai,19.076,72.8777,2023-05-15,2023,5,15,30.721,74.125,20.958,11.008,284.125,213.75,70.375,284.862,27.22,11.909
Mumbai,19.076,72.8777,2023-05-16,2023,5,16,30.704,73.0,21.333,9.742,288.083,221.083,67.0,294.808,27.6,12.021
Mumbai,19.076,72.8777,2023-05-17,2023,5,17,30.533,72.5,19.0,9.4,300.292,234.708,65.583,315.604,28.768,12.018
Mumbai,19.076,72.8777,2023-05-18,2023,5,18,30.271,73.667,25.125,11.517,292.042,224.208,67.833,301.583,27.98,12.016
Mumbai,19.076,72.8777,2023-05-19,2023,5,19,30.246,75.417,8.833,12.617,294.292,226.833,67.458,306.179,28.192,12.013
Mumbai,19.076,72.8777,2023-05-20,2023,5,20,30.196,73.792,18.125,10.362,299.333,228.833,70.5,311.408,28.676,12.01
Mumbai,19.076,72.8777,2023-05-21,2023,5,21,30.3,71.292,16.125,10.904,287.125,220.625,66.5,287.967,27.504,11.539
Mumbai,19.076,72.8777,2023-05-22,2023,5,22,30.213,72.125,22.583,11.004,289.0,218.0,71.0,290.229,27.684,12.004
Mumbai,19.076,72.8777,2023-05-23,2023,5,23,30.158,73.208,7.875,10.725,300.292,233.958,66.333,313.225,28.764,12.074
Mumbai,19.076,72.8777,2023-05-24,2023,5,24,30.5,73.25,22.417,10.962,294.167,226.0,68.167,302.946,28.172,12.071
Mumbai,19.076,72.8777,2023-05-25,2023,5,25,30.796,68.167,32.375,12.8,288.333,214.875,73.458,287.062,27.616,12.0
Mumbai,19.076,72.8777,2023-05-26,2023,5,26,30.442,71.792,33.875,14.25,255.792,186.042,69.75,247.958,24.492,11.819
Mumbai,19.076,72.8777,2023-05-27,2023,5,27,30.821,67.875,34.708,12.267,246.708,154.375,92.333,213.288,23.612,11.931
Mumbai,19.076,72.8777,2023-05-28,2023,5,28,31.033,70.208,22.708,9.838,288.708,216.75,71.958,288.675,27.644,12.059
Mumbai,19.076,72.8777,2023-05-29,2023,5,29,30.633,72.417,14.75,11.642,288.125,215.417,72.708,287.358,27.588,12.057
Mumbai,19.076,72.8777,2023-05-30,2023,5,30,30.667,76.0,6.792,9.425,292.5,227.417,65.083,310.325,28.004,12.127
Mumbai,19.076,72.8777,2023-05-31,2023,5,31,30.892,77.583,12.417,9.592,296.667,230.375,66.292,310.312,28.404,12.124
Mumbai,19.076,72.8777,2023-06-01,2023,6,1,30.342,77.417,6.417,9.962,298.875,234.167,64.708,315.85,28.616,12.121
Mumbai,19.076,72.8777,2023-06-02,2023,6,2,30.583,73.458,21.625,10.046,298.208,229.458,68.75,309.338,28.548,12.119
Mumbai,19.076,72.8777,2023-06-03,2023,6,3,31.325,70.208,27.5,11.321,271.375,194.042,77.333,259.492,25.976,12.0
Mumbai,19.076,72.8777,2023-06-04,2023,6,4,30.638,76.25,29.0,9.188,244.917,164.583,80.333,228.492,23.428,12.114
Mumbai,19.076,72.8777,2023-06-05,2023,6,5,30.579,75.292,20.917,11.188,282.75,210.833,71.917,285.217,27.06,12.111
Mumbai,19.076,72.8777,2023-06-06,2023,6,6,30.758,72.5,23.667,10.65,263.583,182.708,80.875,250.838,25.216,12.123
Mumbai,19.076,72.8777,2023-06-07,2023,6,7,31.0,69.875,17.542,11.929,291.875,222.0,69.875,297.067,27.936,12.18
Mumbai,19.076,72.8777,2023-06-08,2023,6,8,31.229,72.0,56.125,11.817,275.0,198.875,76.125,261.896,26.324,12.013
Mumbai,19.076,72.8777,2023-06-09,2023,6,9,31.588,72.0,24.792,18.117,253.583,179.792,73.792,240.9,24.28,11.985
Mumbai,19.076,72.8777,2023-06-10,2023,6,10,31.492,69.333,29.042,23.858,254.167,178.375,75.792,230.487,24.344,11.846
Mumbai,19.076,72.8777,2023-06-11,2023,6,11,31.246,67.208,29.083,25.996,252.5,183.792,68.708,251.588,24.148,12.17
Mumbai,19.076,72.8777,2023-06-12,2023,6,12,30.092,75.083,52.042,29.412,190.25,109.0,81.25,144.246,18.192,9.446
Mumbai,19.076,72.8777,2023-06-13,2023,6,13,29.812,78.25,44.292,29.617,225.333,152.083,73.25,208.5,21.552,12.092
Mumbai,19.076,72.8777,2023-06-14,2023,6,14,29.571,80.0,55.25,26.771,202.667,130.542,72.125,173.525,19.372,10.246
Mumbai,19.076,72.8777,2023-06-15,2023,6,15,30.488,75.542,44.875,28.317,257.833,187.5,70.333,249.062,24.664,12.087
Mumbai,19.076,72.8777,2023-06-16,2023,6,16,29.475,81.542,53.667,29.796,239.917,167.792,72.125,221.383,22.964,11.613
Mumbai,19.076,72.8777,2023-06-17,2023,6,17,29.7,81.583,53.667,22.392,237.292,161.75,75.542,218.558,22.696,11.938
Mumbai,19.076,72.8777,2023-06-18,2023,6,18,29.458,82.708,53.25,15.767,234.75,158.375,76.375,211.717,22.456,11.541
Mumbai,19.076,72.8777,2023-06-19,2023,6,19,30.042,77.833,74.917,14.696,240.333,161.583,78.75,215.242,22.992,11.669
Mumbai,19.076,72.8777,2023-06-20,2023,6,20,29.954,77.708,67.333,13.479,235.208,158.25,76.958,213.283,22.496,12.028
Mumbai,19.076,72.8777,2023-06-21,2023,6,21,29.783,79.333,74.25,11.792,256.375,179.542,76.833,242.346,24.516,12.148
Mumbai,19.076,72.8777,2023-06-22,2023,6,22,29.942,79.458,91.167,13.296,259.458,183.667,75.792,238.883,24.812,11.588
Mumbai,19.076,72.8777,2023-06-23,2023,6,23,29.121,82.042,66.833,14.621,239.0,160.458,78.542,213.475,22.868,11.928
Mumbai,19.076,72.8777,2023-06-24,2023,6,24,27.95,87.125,99.167,12.758,156.333,62.583,93.75,76.767,14.976,6.777
Mumbai,19.076,72.8777,2023-06-25,2023,6,25,27.012,89.958,99.958,13.092,49.042,2.792,46.25,3.758,4.688,0.0
Mumbai,19.076,72.8777,2023-06-26,2023,6,26,26.938,90.5,100.0,16.296,55.0,3.0,52.0,3.133,5.26,0.0
Mumbai,19.076,72.8777,2023-06-27,2023,6,27,26.692,91.208,100.0,14.321,32.833,2.417,30.417,2.912,3.144,0.0
Mumbai,19.076,72.8777,2023-06-28,2023,6,28,26.875,91.5,100.0,16.688,39.5,2.667,36.833,3.296,3.776,0.0
Mumbai,19.076,72.8777,2023-06-29,2023,6,29,26.896,90.583,100.0,18.85,50.625,3.542,47.083,4.3,4.84,0.0
Mumbai,19.076,72.8777,2023-06-30,2023,6,30,27.058,90.75,99.875,21.358,40.583,0.917,39.667,1.354,3.88,0.0
Mumbai,19.076,72.8777,2023-07-01,2023,7,1,26.971,91.25,98.25,18.588,66.125,11.0,55.125,15.754,6.308,0.417
Mumbai,19.076,72.8777,2023-07-02,2023,7,2,27.346,89.958,96.375,17.062,117.958,51.458,66.5,70.012,11.284,7.092
Mumbai,19.076,72.8777,2023-07-03,2023,7,3,27.758,88.792,88.792,14.079,181.292,97.333,83.958,125.621,17.344,9.291
Mumbai,19.076,72.8777,2023-07-04,2023,7,4,27.854,88.458,99.583,10.867,132.708,49.333,83.375,63.217,12.728,4.984
Mumbai,19.076,72.8777,2023-07-05,2023,7,5,27.525,89.917,99.667,11.975,122.542,31.583,90.958,40.1,11.732,3.042
Mumbai,19.076,72.8777,2023-07-06,2023,7,6,26.963,89.708,100.0,17.412,46.833,7.167,39.667,8.267,4.48,0.138
Mumbai,19.076,72.8777,2023-07-07,2023,7,7,27.258,90.5,99.917,23.421,44.792,5.583,39.208,6.592,4.292,0.155
Mumbai,19.076,72.8777,2023-07-08,2023,7,8,27.621,89.083,82.5,23.442,176.042,99.542,76.5,130.458,16.82,9.912
Mumbai,19.076,72.8777,2023-07-09,2023,7,9,27.996,87.167,83.792,22.342,197.125,108.958,88.167,135.354,18.876,10.01
Mumbai,19.076,72.8777,2023-07-10,2023,7,10,28.213,86.458,64.5,17.546,210.542,118.208,92.333,153.825,20.136,10.801
Mumbai,19.076,72.8777,2023-07-11,2023,7,11,27.858,87.125,86.542,14.254,175.833,71.792,104.042,93.571,16.836,8.038
Mumbai,19.076,72.8777,2023-07-12,2023,7,12,27.371,88.708,99.458,10.65,95.208,23.75,71.458,27.562,9.112,2.093
Mumbai,19.076,72.8777,2023-07-13,2023,7,13,27.383,88.375,81.75,13.179,148.167,61.417,86.75,80.208,14.168,7.265
Mumbai,19.076,72.8777,2023-07-14,2023,7,14,26.912,89.583,92.542,14.658,132.458,61.25,71.208,78.058,12.704,6.944
Mumbai,19.076,72.8777,2023-07-15,2023,7,15,27.242,88.833,100.0,14.083,125.375,38.792,86.583,43.921,11.992,4.028
Mumbai,19.076,72.8777,2023-07-16,2023,7,16,26.754,90.667,93.042,15.121,134.667,52.917,81.75,66.038,12.888,6.168
Mumbai,19.076,72.8777,2023-07-17,2023,7,17,27.0,89.25,86.042,16.85,126.125,57.333,68.792,70.008,12.084,5.807
Mumbai,19.076,72.8777,2023-07-18,2023,7,18,26.879,91.792,100.0,19.883,40.833,1.542,39.292,1.846,3.904,0.0
Mumbai,19.076,72.8777,2023-07-19,2023,7,19,26.812,90.667,100.0,21.242,47.125,2.75,44.375,3.592,4.512,0.0
Mumbai,19.076,72.8777,2023-07-20,2023,7,20,27.404,88.458,100.0,20.858,71.083,15.833,55.25,18.012,6.8,0.739
Mumbai,19.076,72.8777,2023-07-21,2023,7,21,26.975,91.708,98.458,17.454,87.0,31.792,55.208,43.792,8.344,3.482
Mumbai,19.076,72.8777,2023-07-22,2023,7,22,26.817,90.5,100.0,21.0,47.0,3.0,44.0,3.121,4.48,0.0
Mumbai,19.076,72.8777,2023-07-23,2023,7,23,26.904,91.417,99.958,24.713,39.333,3.333,36.0,4.404,3.756,0.0
Mumbai,19.076,72.8777,2023-07-24,2023,7,24,27.146,90.5,96.458,23.15,98.417,31.917,66.5,38.942,9.42,2.879
Mumbai,19.076,72.8777,2023-07-25,2023,7,25,26.704,92.083,99.917,18.275,62.208,7.792,54.417,9.3,5.96,0.292
Mumbai,19.076,72.8777,2023-07-26,2023,7,26,26.713,92.0,100.0,17.812,38.458,2.667,35.792,2.917,3.684,0.0
Mumbai,19.076,72.8777,2023-07-27,2023,7,27,26.642,92.667,100.0,18.154,40.375,2.042,38.333,2.35,3.86,0.0
Mumbai,19.076,72.8777,2023-07-28,2023,7,28,26.496,92.25,99.958,19.4,72.208,15.833,56.375,19.183,6.912,0.919
Mumbai,19.076,72.8777,2023-07-29,2023,7,29,26.654,91.042,92.917,17.362,95.417,30.25,65.167,40.854,9.128,2.546
Mumbai,19.076,72.8777,2023-07-30,2023,7,30,26.912,89.917,74.458,19.142,174.25,86.333,87.917,114.158,16.672,9.67
Mumbai,19.076,72.8777,2023-07-31,2023,7,31,26.654,91.375,81.125,20.05,162.25,84.25,78.0,110.65,15.544,9.464
Mumbai,19.076,72.8777,2023-08-01,2023,8,1,26.588,91.208,92.417,19.083,163.458,87.0,76.458,116.829,15.628,10.058
Mumbai,19.076,72.8777,2023-08-02,2023,8,2,26.9,88.083,94.958,20.208,121.417,51.25,70.167,61.029,11.636,6.08
Mumbai,19.076,72.8777,2023-08-03,2023,8,3,27.138,88.875,98.917,22.075,170.625,79.625,91.0,99.417,16.34,8.948
Mumbai,19.076,72.8777,2023-08-04,2023,8,4,27.537,87.375,96.042,20.258,120.042,37.833,82.208,47.962,11.484,3.969
Mumbai,19.076,72.8777,2023-08-05,2023,8,5,27.554,86.458,78.333,20.638,190.958,110.333,80.625,147.475,18.276,11.101
Mumbai,19.076,72.8777,2023-08-06,2023,8,6,27.55,86.417,92.042,20.125,191.625,109.042,82.583,138.483,18.336,10.103
Mumbai,19.076,72.8777,2023-08-07,2023,8,7,27.608,86.25,99.917,20.9,221.458,139.25,82.208,177.175,21.208,10.926
Mumbai,19.076,72.8777,2023-08-08,2023,8,8,27.612,86.458,88.833,19.175,225.583,142.0,83.583,184.625,21.596,11.184
Mumbai,19.076,72.8777,2023-08-09,2023,8,9,27.533,86.75,98.625,14.871,178.0,85.583,92.417,108.962,17.04,8.975
Mumbai,19.076,72.8777,2023-08-10,2023,8,10,27.342,86.958,76.625,12.392,161.417,76.625,84.792,99.312,15.452,9.275
Mumbai,19.076,72.8777,2023-08-11,2023,8,11,27.446,85.375,52.208,10.417,217.5,130.375,87.125,170.321,20.84,10.207
Mumbai,19.076,72.8777,2023-08-12,2023,8,12,27.008,86.583,82.583,12.275,157.667,83.667,74.0,107.808,15.1,9.386
Mumbai,19.076,72.8777,2023-08-13,2023,8,13,27.55,84.917,78.625,17.429,218.25,141.042,77.208,184.517,20.908,11.096
Mumbai,19.076,72.8777,2023-08-14,2023,8,14,28.092,81.208,94.667,18.533,227.125,141.083,86.042,175.683,21.772,9.659
Mumbai,19.076,72.8777,2023-08-15,2023,8,15,27.862,83.542,75.875,15.879,190.083,101.458,88.625,132.783,18.208,10.393
Mumbai,19.076,72.8777,2023-08-16,2023,8,16,27.729,83.458,50.208,12.475,212.375,133.5,78.875,171.333,20.344,10.361
Mumbai,19.076,72.8777,2023-08-17,2023,8,17,27.537,83.625,65.333,11.1,225.458,149.792,75.667,195.917,21.608,11.292
Mumbai,19.076,72.8777,2023-08-18,2023,8,18,27.625,84.458,95.708,10.383,183.333,93.958,89.375,116.254,17.58,8.259
Mumbai,19.076,72.8777,2023-08-19,2023,8,19,27.358,86.208,91.875,11.875,169.25,81.417,87.833,96.071,16.232,7.503
Mumbai,19.076,72.8777,2023-08-20,2023,8,20,27.45,85.792,53.917,12.638,206.0,129.208,76.792,171.15,19.74,11.132
Mumbai,19.076,72.8777,2023-08-21,2023,8,21,27.146,88.208,51.958,10.021,197.375,116.792,80.583,153.388,18.916,10.845
Mumbai,19.076,72.8777,2023-08-22,2023,8,22,26.812,88.292,89.625,9.588,153.5,76.125,77.375,101.946,14.716,9.695
Mumbai,19.076,72.8777,2023-08-23,2023,8,23,27.554,84.667,94.292,12.846,217.083,130.5,86.583,170.396,20.812,10.857
Mumbai,19.076,72.8777,2023-08-24,2023,8,24,27.154,87.417,91.542,16.167,171.458,85.542,85.917,110.879,16.44,9.477
Mumbai,19.076,72.8777,2023-08-25,2023,8,25,26.771,89.708,83.292,17.021,171.292,89.333,81.958,116.308,16.424,9.416
Mumbai,19.076,72.8777,2023-08-26,2023,8,26,26.783,90.083,83.375,15.942,188.583,108.375,80.208,137.671,18.088,9.521
Mumbai,19.076,72.8777,2023-08-27,2023,8,27,26.588,89.5,58.208,12.621,171.625,94.292,77.333,119.408,16.456,8.863
Mumbai,19.076,72.8777,2023-08-28,2023,8,28,26.554,87.917,57.583,12.513,180.75,100.333,80.417,134.838,17.336,10.281
Mumbai,19.076,72.8777,2023-08-29,2023,8,29,27.346,85.083,47.667,9.992,215.458,140.083,75.375,185.308,20.664,11.058
Mumbai,19.076,72.8777,2023-08-30,2023,8,30,28.017,81.042,27.583,5.729,231.0,155.125,75.875,207.638,22.156,11.47
Mumbai,19.076,72.8777,2023-08-31,2023,8,31,28.454,79.417,17.792,6.742,239.542,164.208,75.333,221.825,22.98,11.84
Mumbai,19.076,72.8777,2023-09-01,2023,9,1,28.771,80.708,37.083,5.988,249.5,179.875,69.625,238.746,23.936,11.736
Mumbai,19.076,72.8777,2023-09-02,2023,9,2,27.725,86.792,88.042,5.096,139.625,55.25,84.375,79.342,13.396,6.748
Mumbai,19.076,72.8777,2023-09-03,2023,9,3,27.671,83.625,89.0,5.65,150.625,67.625,83.0,91.067,14.448,8.992
Mumbai,19.076,72.8777,2023-09-04,2023,9,4,27.792,80.75,61.667,7.271,202.208,126.792,75.417,173.912,19.4,11.245
Mumbai,19.076,72.8777,2023-09-05,2023,9,5,27.938,80.458,42.458,8.4,226.375,156.042,70.333,208.333,21.72,11.266
Mumbai,19.076,72.8777,2023-09-06,2023,9,6,28.308,80.792,70.875,8.487,219.5,144.667,74.833,196.158,21.064,11.115
Mumbai,19.076,72.8777,2023-09-07,2023,9,7,27.596,85.708,99.542,10.962,41.958,3.125,38.833,5.004,4.024,0.046
Mumbai,19.076,72.8777,2023-09-08,2023,9,8,26.838,92.083,99.958,14.933,40.458,3.292,37.167,3.863,3.884,0.0
Mumbai,19.076,72.8777,2023-09-09,2023,9,9,27.525,89.583,99.75,12.271,77.75,14.042,63.708,16.454,7.464,0.767
Mumbai,19.076,72.8777,2023-09-10,2023,9,10,27.604,88.125,99.583,10.2,140.083,61.958,78.125,78.892,13.444,6.245
Mumbai,19.076,72.8777,2023-09-11,2023,9,11,27.475,88.333,81.167,9.671,171.292,90.75,80.542,124.783,16.44,9.554
Mumbai,19.076,72.8777,2023-09-12,2023,9,12,27.858,84.5,74.042,10.829,210.292,138.542,71.75,190.021,20.184,11.404
Mumbai,19.076,72.8777,2023-09-13,2023,9,13,27.825,85.292,83.625,10.612,212.375,136.417,75.958,183.675,20.384,10.852
Mumbai,19.076,72.8777,2023-09-14,2023,9,14,27.621,84.25,90.917,9.333,220.875,149.042,71.833,208.108,21.2,11.61
Mumbai,19.076,72.8777,2023-09-15,2023,9,15,27.842,82.5,91.292,10.296,205.667,133.125,72.542,173.4,19.744,9.893
Mumbai,19.076,72.8777,2023-09-16,2023,9,16,27.625,86.917,100.0,13.487,67.25,2.75,64.5,3.954,6.456,0.0
Mumbai,19.076,72.8777,2023-09-17,2023,9,17,27.258,87.75,99.958,17.812,140.417,39.458,100.958,49.654,13.48,4.684
Mumbai,19.076,72.8777,2023-09-18,2023,9,18,26.833,89.125,84.542,19.667,166.083,85.875,80.208,114.062,15.944,9.012
Mumbai,19.076,72.8777,2023-09-19,2023,9,19,27.037,89.75,62.458,19.425,189.875,118.625,71.25,156.725,18.228,9.787
Mumbai,19.076,72.8777,2023-09-20,2023,9,20,27.375,88.958,84.292,16.287,173.667,107.125,66.542,137.638,16.672,8.765
Mumbai,19.076,72.8777,2023-09-21,2023,9,21,27.446,88.75,93.458,11.517,138.958,60.333,78.625,78.071,13.34,6.639
Mumbai,19.076,72.8777,2023-09-22,2023,9,22,27.342,88.583,99.958,7.446,109.833,29.5,80.333,40.767,10.544,3.82
Mumbai,19.076,72.8777,2023-09-23,2023,9,23,26.617,90.708,93.75,8.388,82.125,23.833,58.292,29.733,7.884,2.461
Mumbai,19.076,72.8777,2023-09-24,2023,9,24,26.688,89.667,99.167,7.512,57.417,7.542,49.875,9.167,5.512,0.287
Mumbai,19.076,72.8777,2023-09-25,2023,9,25,26.933,88.292,94.792,6.337,114.167,38.958,75.208,51.604,10.96,4.592
Mumbai,19.076,72.8777,2023-09-26,2023,9,26,27.558,86.042,65.583,5.425,190.917,117.542,73.375,160.933,18.328,10.333
Mumbai,19.076,72.8777,2023-09-27,2023,9,27,27.112,88.333,96.375,6.304,118.167,30.0,88.167,40.175,11.344,2.624
Mumbai,19.076,72.8777,2023-09-28,2023,9,28,27.883,88.458,86.5,6.508,154.083,63.708,90.375,86.454,14.732,7.332
Mumbai,19.076,72.8777,2023-09-29,2023,9,29,28.133,88.875,82.375,5.808,184.5,102.792,81.708,135.767,17.604,9.309
Mumbai,19.076,72.8777,2023-09-30,2023,9,30,28.938,84.958,97.25,7.729,180.125,108.792,71.333,142.737,17.232,8.979
Mumbai,19.076,72.8777,2023-10-01,2023,10,1,29.117,89.333,99.917,11.096,114.708,39.917,74.792,52.896,10.928,4.99
Mumbai,19.076,72.8777,2023-10-02,2023,10,2,28.108,85.542,97.792,9.817,82.458,19.458,63.0,31.487,7.824,1.55
Mumbai,19.076,72.8777,2023-10-03,2023,10,3,28.037,81.042,62.708,6.329,218.667,146.0,72.667,211.133,20.832,11.129
Mumbai,19.076,72.8777,2023-10-04,2023,10,4,28.612,79.375,47.875,5.771,217.875,141.75,76.125,209.446,20.74,11.184
Mumbai,19.076,72.8777,2023-10-05,2023,10,5,28.046,81.625,41.917,6.846,247.25,184.25,63.0,266.754,23.568,11.694
Mumbai,19.076,72.8777,2023-10-06,2023,10,6,28.083,81.625,21.208,6.458,241.458,178.917,62.542,259.933,23.032,11.559
Mumbai,19.076,72.8777,2023-10-07,2023,10,7,28.204,82.958,20.167,8.183,225.042,158.833,66.208,237.304,21.464,11.443
Mumbai,19.076,72.8777,2023-10-08,2023,10,8,28.758,83.042,33.833,9.621,229.583,166.208,63.375,250.229,21.896,11.565
Mumbai,19.076,72.8777,2023-10-09,2023,10,9,29.488,76.833,15.125,8.604,240.667,184.208,56.458,276.633,22.96,11.637
Mumbai,19.076,72.8777,2023-10-10,2023,10,10,29.075,71.792,3.583,10.075,240.042,178.292,61.75,263.988,22.908,11.475
Mumbai,19.076,72.8777,2023-10-11,2023,10,11,28.562,75.5,15.792,11.079,234.333,173.042,61.292,255.633,22.364,11.507
Mumbai,19.076,72.8777,2023-10-12,2023,10,12,29.062,80.833,26.625,8.792,223.167,165.833,57.333,245.033,21.304,11.224
Mumbai,19.076,72.8777,2023-10-13,2023,10,13,29.862,81.583,20.333,6.417,229.083,170.458,58.625,254.529,21.88,11.307
Mumbai,19.076,72.8777,2023-10-14,2023,10,14,29.071,84.708,31.0,4.388,222.583,156.583,66.0,240.483,21.276,11.173
Mumbai,19.076,72.8777,2023-10-15,2023,10,15,29.175,81.958,18.792,6.692,233.875,176.25,57.625,266.417,22.344,11.312
Mumbai,19.076,72.8777,2023-10-16,2023,10,16,29.971,70.333,28.25,8.308,217.792,158.167,59.625,237.546,20.808,11.062
Mumbai,19.076,72.8777,2023-10-17,2023,10,17,29.537,72.833,10.708,7.238,228.083,171.75,56.333,263.792,21.788,11.316
Mumbai,19.076,72.8777,2023-10-18,2023,10,18,29.496,76.708,9.083,7.425,221.458,161.583,59.875,251.275,21.156,11.249
Mumbai,19.076,72.8777,2023-10-19,2023,10,19,29.342,72.542,21.083,8.396,221.167,162.0,59.167,251.975,21.144,11.113
Mumbai,19.076,72.8777,2023-10-20,2023,10,20,29.758,70.667,37.208,7.242,218.875,160.042,58.833,248.763,20.928,11.114
Mumbai,19.076,72.8777,2023-10-21,2023,10,21,30.162,70.583,31.458,6.954,218.667,161.583,57.083,249.704,20.928,10.908
Mumbai,19.076,72.8777,2023-10-22,2023,10,22,29.842,71.75,61.75,7.704,222.792,162.875,59.917,252.096,21.304,10.643
Mumbai,19.076,72.8777,2023-10-23,2023,10,23,29.133,71.208,55.167,8.388,226.375,168.375,58.0,263.546,21.656,11.046
Mumbai,19.076,72.8777,2023-10-24,2023,10,24,29.225,68.542,31.417,8.592,216.458,157.417,59.042,244.608,20.716,10.907
Mumbai,19.076,72.8777,2023-10-25,2023,10,25,29.117,65.667,20.833,8.892,228.125,173.875,54.25,273.533,21.832,10.976
Mumbai,19.076,72.8777,2023-10-26,2023,10,26,28.692,64.958,57.5,9.404,242.333,190.875,51.458,299.6,23.184,11.044
Mumbai,19.076,72.8777,2023-10-27,2023,10,27,28.179,62.417,3.958,9.679,245.042,196.792,48.25,314.683,23.448,11.043
Mumbai,19.076,72.8777,2023-10-28,2023,10,28,28.075,61.625,1.125,9.083,244.792,196.833,47.958,316.2,23.424,11.042
Mumbai,19.076,72.8777,2023-10-29,2023,10,29,28.042,61.25,0.583,8.842,239.708,190.625,49.083,306.421,22.944,10.971
Mumbai,19.076,72.8777,2023-10-30,2023,10,30,28.262,61.292,8.333,8.942,235.708,185.583,50.125,297.208,22.564,10.969
Mumbai,19.076,72.8777,2023-10-31,2023,10,31,28.192,64.583,3.25,6.921,226.0,173.208,52.792,281.342,21.632,10.967
Mumbai,19.076,72.8777,2023-11-01,2023,11,1,28.004,64.208,0.042,7.767,235.25,187.833,47.417,305.579,22.524,10.894
Mumbai,19.076,72.8777,2023-11-02,2023,11,2,27.963,65.042,0.625,9.558,237.208,189.917,47.292,310.125,22.712,10.891
Mumbai,19.076,72.8777,2023-11-03,2023,11,3,28.104,66.583,40.583,9.029,230.958,182.083,48.875,298.062,22.116,10.888
Mumbai,19.076,72.8777,2023-11-04,2023,11,4,28.658,64.542,33.0,9.004,228.208,180.708,47.5,296.742,21.856,10.814
Mumbai,19.076,72.8777,2023-11-05,2023,11,5,28.612,68.542,85.958,6.933,221.958,170.25,51.708,277.5,21.256,10.677
Mumbai,19.076,72.8777,2023-11-06,2023,11,6,28.25,64.958,66.667,7.942,224.0,168.208,55.792,275.192,21.452,10.754
Mumbai,19.076,72.8777,2023-11-07,2023,11,7,27.896,64.542,52.875,9.2,222.833,173.667,49.167,287.962,21.344,10.802
Mumbai,19.076,72.8777,2023-11-08,2023,11,8,27.912,75.917,41.0,8.529,199.833,141.333,58.5,235.408,19.14,10.624
Mumbai,19.076,72.8777,2023-11-09,2023,11,9,28.638,80.042,44.208,5.675,200.167,147.667,52.5,242.021,19.184,10.415
Mumbai,19.076,72.8777,2023-11-10,2023,11,10,28.854,75.667,48.417,6.571,196.583,145.625,50.958,233.171,18.836,10.206
Mumbai,19.076,72.8777,2023-11-11,2023,11,11,29.233,72.75,31.042,7.596,203.0,151.458,51.542,251.662,19.452,10.498
Mumbai,19.076,72.8777,2023-11-12,2023,11,12,29.179,65.208,65.125,8.55,211.917,161.5,50.417,267.204,20.304,10.576
Mumbai,19.076,72.8777,2023-11-13,2023,11,13,28.667,65.167,47.917,8.342,212.875,158.25,54.625,269.792,20.396,10.51
Mumbai,19.076,72.8777,2023-11-14,2023,11,14,28.004,72.542,20.792,7.033,214.292,166.542,47.75,282.379,20.532,10.587
Mumbai,19.076,72.8777,2023-11-15,2023,11,15,27.875,68.0,3.125,6.95,222.458,177.042,45.417,302.317,21.316,10.593
Mumbai,19.076,72.8777,2023-11-16,2023,11,16,27.529,64.667,1.25,8.033,222.708,177.792,44.917,304.875,21.34,10.6
Mumbai,19.076,72.8777,2023-11-17,2023,11,17,27.454,64.625,0.333,8.338,220.583,175.25,45.333,300.963,21.136,10.463
Mumbai,19.076,72.8777,2023-11-18,2023,11,18,27.108,68.0,0.0,7.337,217.208,170.917,46.292,293.688,20.812,10.471
Mumbai,19.076,72.8777,2023-11-19,2023,11,19,27.821,69.833,4.917,9.142,206.667,158.167,48.5,267.512,19.808,10.328
Mumbai,19.076,72.8777,2023-11-20,2023,11,20,28.842,65.792,18.708,7.492,198.583,151.667,46.917,257.142,19.036,10.334
Mumbai,19.076,72.8777,2023-11-21,2023,11,21,29.129,64.875,30.625,9.629,207.667,160.667,47.0,268.029,19.9,10.0
Mumbai,19.076,72.8777,2023-11-22,2023,11,22,27.496,63.208,0.583,10.454,216.75,172.875,43.875,301.238,20.772,10.428
Mumbai,19.076,72.8777,2023-11-23,2023,11,23,27.517,62.875,2.708,9.412,203.292,153.875,49.417,268.879,19.48,10.352
Mumbai,19.076,72.8777,2023-11-24,2023,11,24,28.229,66.667,7.417,8.308,175.833,120.583,55.25,211.604,16.848,10.139
Mumbai,19.076,72.8777,2023-11-25,2023,11,25,28.688,70.375,21.792,8.267,189.333,140.458,48.875,249.8,18.148,10.218
Mumbai,19.076,72.8777,2023-11-26,2023,11,26,26.721,85.25,69.125,7.712,138.083,69.208,68.875,130.1,13.228,9.674
Mumbai,19.076,72.8777,2023-11-27,2023,11,27,26.304,80.792,27.75,8.371,171.083,117.542,53.542,205.675,16.392,10.0
Mumbai,19.076,72.8777,2023-11-28,2023,11,28,26.246,78.375,9.333,8.733,186.708,136.125,50.583,238.325,17.888,10.0
Mumbai,19.076,72.8777,2023-11-29,2023,11,29,25.429,76.083,7.125,7.392,203.708,158.042,45.667,277.267,19.52,10.094
Mumbai,19.076,72.8777,2023-11-30,2023,11,30,25.729,76.542,2.625,9.079,199.958,154.083,45.875,274.662,19.16,10.1
Mumbai,19.076,72.8777,2023-12-01,2023,12,1,25.6,79.875,10.542,6.95,203.833,158.333,45.5,276.946,19.532,10.042
Mumbai,19.076,72.8777,2023-12-02,2023,12,2,26.425,80.042,14.958,7.163,187.833,141.25,46.583,252.775,18.0,10.111
Mumbai,19.076,72.8777,2023-12-03,2023,12,3,28.054,73.333,27.875,8.8,187.0,140.083,46.917,249.812,17.92,10.042
Mumbai,19.076,72.8777,2023-12-04,2023,12,4,28.004,71.042,72.917,10.513,187.417,137.792,49.625,245.292,17.96,10.047
Mumbai,19.076,72.8777,2023-12-05,2023,12,5,27.629,71.583,79.208,11.583,190.875,139.25,51.625,246.192,18.296,10.0
Mumbai,19.076,72.8777,2023-12-06,2023,12,6,26.967,71.125,46.958,10.175,193.0,145.542,47.458,262.25,18.492,10.063
Mumbai,19.076,72.8777,2023-12-07,2023,12,7,26.467,70.875,3.917,8.0,192.042,145.125,46.917,265.125,18.4,10.066
Mumbai,19.076,72.8777,2023-12-08,2023,12,8,26.354,71.25,3.5,8.558,200.458,156.25,44.208,282.392,19.204,10.001
Mumbai,19.076,72.8777,2023-12-09,2023,12,9,26.888,69.625,4.667,9.033,199.25,154.542,44.708,280.271,19.084,10.0
Mumbai,19.076,72.8777,2023-12-10,2023,12,10,27.221,66.917,17.042,9.729,185.125,137.292,47.833,245.279,17.736,10.005
Mumbai,19.076,72.8777,2023-12-11,2023,12,11,27.421,63.042,16.083,9.308,198.042,151.125,46.917,278.846,18.968,10.079
Mumbai,19.076,72.8777,2023-12-12,2023,12,12,26.204,64.542,50.0,10.462,198.917,154.042,44.875,276.075,19.048,10.066
Mumbai,19.076,72.8777,2023-12-13,2023,12,13,25.842,66.292,34.875,8.846,200.958,157.167,43.792,286.158,19.244,10.063
Mumbai,19.076,72.8777,2023-12-14,2023,12,14,26.112,65.667,1.917,8.65,205.583,164.042,41.542,299.654,19.684,10.06
Mumbai,19.076,72.8777,2023-12-15,2023,12,15,25.771,64.75,0.167,8.529,206.375,164.792,41.583,301.771,19.76,10.132
Mumbai,19.076,72.8777,2023-12-16,2023,12,16,25.512,63.875,0.083,10.304,206.333,164.75,41.583,302.454,19.756,10.128
Mumbai,19.076,72.8777,2023-12-17,2023,12,17,25.667,64.083,2.833,10.596,192.542,146.833,45.708,267.358,18.432,10.05
Mumbai,19.076,72.8777,2023-12-18,2023,12,18,26.95,57.833,71.5,12.575,181.042,115.333,65.708,201.225,17.336,10.0
Mumbai,19.076,72.8777,2023-12-19,2023,12,19,26.979,57.042,96.167,11.517,191.375,140.417,50.958,248.033,18.316,10.105
Mumbai,19.076,72.8777,2023-12-20,2023,12,20,25.971,55.917,81.708,10.242,190.375,138.667,51.708,259.042,18.228,10.0
Mumbai,19.076,72.8777,2023-12-21,2023,12,21,25.979,61.917,92.292,8.188,155.458,87.833,67.625,154.767,14.892,8.163
Mumbai,19.076,72.8777,2023-12-22,2023,12,22,26.05,63.542,94.0,6.388,131.458,57.292,74.167,101.038,12.568,8.267
Mumbai,19.076,72.8777,2023-12-23,2023,12,23,25.713,65.417,51.083,8.479,204.792,160.667,44.125,288.146,19.592,10.177
Mumbai,19.076,72.8777,2023-12-24,2023,12,24,25.671,62.625,40.708,7.85,208.083,164.125,43.958,302.104,19.904,10.248
Mumbai,19.076,72.8777,2023-12-25,2023,12,25,25.45,61.958,11.583,8.717,208.958,168.208,40.75,308.638,19.984,10.319
Mumbai,19.076,72.8777,2023-12-26,2023,12,26,25.725,63.833,0.125,8.338,207.042,166.5,40.542,307.2,19.8,10.314
Mumbai,19.076,72.8777,2023-12-27,2023,12,27,26.296,66.25,27.125,8.658,206.042,164.292,41.75,301.862,19.7,10.31
Mumbai,19.076,72.8777,2023-12-28,2023,12,28,25.812,69.125,38.333,8.358,208.208,165.708,42.5,305.442,19.904,10.38
Mumbai,19.076,72.8777,2023-12-29,2023,12,29,25.992,70.75,38.0,7.163,207.333,165.333,42.0,302.817,19.816,10.449
Mumbai,19.076,72.8777,2023-12-30,2023,12,30,25.942,72.042,5.375,6.871,206.417,165.333,41.083,304.196,19.728,10.444
Mumbai,19.076,72.8777,2023-12-31,2023,12,31,25.946,72.708,6.583,7.396,206.375,165.25,41.125,303.525,19.72,10.439
Mumbai,19.076,72.8777,2024-01-01,2024,1,1,25.512,73.958,1.583,8.142,206.0,164.333,41.667,301.617,19.68,10.508
Mumbai,19.076,72.8777,2024-01-02,2024,1,2,25.117,74.208,0.0,10.267,205.917,163.917,42.0,299.917,19.668,10.502
Mumbai,19.076,72.8777,2024-01-03,2024,1,3,24.608,74.75,0.458,11.046,204.75,161.625,43.125,296.254,19.552,10.571
Mumbai,19.076,72.8777,2024-01-04,2024,1,4,23.792,76.167,13.5,10.862,213.5,171.5,42.0,313.746,20.38,10.64
Mumbai,19.076,72.8777,2024-01-05,2024,1,5,23.829,74.458,2.583,9.388,212.75,170.958,41.792,312.233,20.308,10.634
Mumbai,19.076,72.8777,2024-01-06,2024,1,6,24.875,71.167,19.917,10.625,202.458,157.792,44.667,285.6,19.324,10.553
Mumbai,19.076,72.8777,2024-01-07,2024,1,7,25.242,73.375,11.708,7.812,185.292,138.083,47.208,245.329,17.684,10.473
Mumbai,19.076,72.8777,2024-01-08,2024,1,8,26.383,68.542,22.542,9.225,192.0,144.75,47.25,262.354,18.324,10.541
Mumbai,19.076,72.8777,2024-01-09,2024,1,9,25.846,75.5,37.458,4.133,149.875,102.167,47.708,175.2,14.324,10.0
Mumbai,19.076,72.8777,2024-01-10,2024,1,10,26.312,72.667,31.583,7.129,174.958,126.792,48.167,222.438,16.692,10.454
Mumbai,19.076,72.8777,2024-01-11,2024,1,11,27.029,73.042,11.125,9.446,202.292,158.167,44.125,280.575,19.292,10.734
Mumbai,19.076,72.8777,2024-01-12,2024,1,12,27.346,68.542,1.5,9.233,211.542,169.292,42.25,304.088,20.168,10.745
Mumbai,19.076,72.8777,2024-01-13,2024,1,13,27.304,67.125,0.083,8.679,213.833,171.958,41.875,309.467,20.38,10.755
Mumbai,19.076,72.8777,2024-01-14,2024,1,14,26.804,62.083,0.0,11.367,215.125,173.208,41.917,310.854,20.496,10.765
Mumbai,19.076,72.8777,2024-01-15,2024,1,15,24.667,53.458,0.792,12.038,224.5,182.875,41.625,328.758,21.38,10.776
Mumbai,19.076,72.8777,2024-01-16,2024,1,16,23.787,59.375,8.208,8.962,225.333,183.125,42.208,328.2,21.456,10.786
Mumbai,19.076,72.8777,2024-01-17,2024,1,17,23.496,65.167,4.917,6.733,222.917,180.792,42.125,322.283,21.224,10.797
Mumbai,19.076,72.8777,2024-01-18,2024,1,18,23.0,69.917,10.208,7.0,216.083,169.667,46.417,297.346,20.564,10.808
Mumbai,19.076,72.8777,2024-01-19,2024,1,19,23.333,67.958,5.292,6.663,220.625,176.917,43.708,312.817,20.996,10.818
Mumbai,19.076,72.8777,2024-01-20,2024,1,20,23.938,69.208,3.833,8.058,221.708,177.75,43.958,313.483,21.092,10.829
Mumbai,19.076,72.8777,2024-01-21,2024,1,21,24.142,62.333,34.917,10.342,224.167,180.292,43.875,316.942,21.324,10.84
Mumbai,19.076,72.8777,2024-01-22,2024,1,22,24.254,65.875,49.542,8.529,224.292,179.75,44.542,314.85,21.332,10.85
Mumbai,19.076,72.8777,2024-01-23,2024,1,23,23.471,52.208,26.417,14.338,231.667,188.208,43.458,329.892,22.024,10.861
Mumbai,19.076,72.8777,2024-01-24,2024,1,24,23.271,51.583,27.125,13.192,231.458,186.667,44.792,326.479,21.996,10.871
Mumbai,19.076,72.8777,2024-01-25,2024,1,25,23.346,55.208,0.375,9.408,233.0,189.458,43.542,330.483,22.14,10.882
Mumbai,19.076,72.8777,2024-01-26,2024,1,26,24.158,60.125,52.958,8.721,231.542,186.792,44.75,320.963,22.004,10.892
Mumbai,19.076,72.8777,2024-01-27,2024,1,27,24.8,59.292,77.792,8.854,230.917,185.25,45.667,317.442,21.932,10.902
Mumbai,19.076,72.8777,2024-01-28,2024,1,28,25.192,58.292,64.042,9.142,230.292,185.125,45.167,317.8,21.872,10.913
Mumbai,19.076,72.8777,2024-01-29,2024,1,29,25.3,54.917,86.458,10.617,227.792,178.583,49.208,302.896,21.632,10.922
Mumbai,19.076,72.8777,2024-01-30,2024,1,30,24.608,60.583,23.167,10.421,230.75,185.958,44.792,317.55,21.904,10.932
Mumbai,19.076,72.8777,2024-01-31,2024,1,31,23.883,72.375,34.167,8.554,233.625,187.417,46.208,318.454,22.428,10.942
Mumbai,19.076,72.8777,2024-02-01,2024,2,1,23.542,76.417,16.333,7.492,216.292,163.167,53.125,278.825,20.764,10.951
Mumbai,19.076,72.8777,2024-02-02,2024,2,2,24.104,70.292,3.833,10.667,233.042,186.667,46.375,313.963,22.372,10.961
Mumbai,19.076,72.8777,2024-02-03,2024,2,3,25.442,63.833,0.0,10.417,235.125,189.833,45.292,319.463,22.572,10.97
Mumbai,19.076,72.8777,2024-02-04,2024,2,4,26.354,64.792,0.0,6.058,233.0,187.042,45.958,311.692,22.368,10.979
Mumbai,19.076,72.8777,2024-02-05,2024,2,5,26.287,68.167,0.0,8.942,235.5,189.542,45.958,316.729,22.608,10.988
Mumbai,19.076,72.8777,2024-02-06,2024,2,6,25.833,68.917,0.0,10.121,237.5,191.333,46.167,319.062,22.8,10.996
Mumbai,19.076,72.8777,2024-02-07,2024,2,7,25.812,68.917,8.0,13.483,239.708,192.375,47.333,320.1,23.012,11.0
Mumbai,19.076,72.8777,2024-02-08,2024,2,8,25.442,62.083,40.708,13.683,242.792,195.167,47.625,320.496,23.308,11.0
Mumbai,19.076,72.8777,2024-02-09,2024,2,9,24.958,65.667,3.375,11.729,246.042,198.5,47.542,327.312,23.62,11.0
Mumbai,19.076,72.8777,2024-02-10,2024,2,10,24.888,59.0,0.0,12.646,248.25,200.667,47.583,329.529,23.832,11.0
Mumbai,19.076,72.8777,2024-02-11,2024,2,11,24.558,58.583,18.083,11.233,249.958,202.083,47.875,330.062,23.996,11.0
Mumbai,19.076,72.8777,2024-02-12,2024,2,12,24.746,64.083,94.0,9.438,246.167,194.458,51.708,315.754,23.632,11.0
Mumbai,19.076,72.8777,2024-02-13,2024,2,13,24.758,61.042,99.625,11.954,240.167,177.875,62.292,276.162,23.056,10.96
Mumbai,19.076,72.8777,2024-02-14,2024,2,14,24.975,55.542,95.125,13.746,230.167,156.167,74.0,252.338,22.096,11.0
Mumbai,19.076,72.8777,2024-02-15,2024,2,15,25.383,61.042,15.208,12.371,245.292,195.667,49.625,315.792,23.548,11.0
Mumbai,19.076,72.8777,2024-02-16,2024,2,16,26.308,68.0,7.458,7.075,240.833,189.917,50.917,299.979,23.12,11.0
Mumbai,19.076,72.8777,2024-02-17,2024,2,17,26.621,71.375,11.792,6.15,249.75,201.0,48.75,319.604,23.976,11.0
Mumbai,19.076,72.8777,2024-02-18,2024,2,18,26.367,68.5,0.083,6.95,256.917,208.25,48.667,331.642,24.664,11.0
Mumbai,19.076,72.8777,2024-02-19,2024,2,19,26.188,66.792,0.25,8.05,259.417,210.458,48.958,334.133,24.904,11.0
Mumbai,19.076,72.8777,2024-02-20,2024,2,20,25.808,62.667,13.583,11.021,258.958,209.5,49.458,331.225,24.856,11.0
Mumbai,19.076,72.8777,2024-02-21,2024,2,21,24.971,74.625,22.958,9.0,245.25,186.5,58.75,294.258,23.54,11.0
Mumbai,19.076,72.8777,2024-02-22,2024,2,22,24.725,75.208,36.208,9.812,244.25,186.708,57.542,292.771,23.444,11.0
Mumbai,19.076,72.8777,2024-02-23,2024,2,23,24.542,66.833,19.042,11.071,262.0,209.958,52.042,324.783,25.148,11.0
Mumbai,19.076,72.8777,2024-02-24,2024,2,24,24.713,48.333,0.0,14.987,273.042,222.542,50.5,347.458,26.208,11.0
Mumbai,19.076,72.8777,2024-02-25,2024,2,25,24.867,45.708,0.0,12.425,270.333,220.167,50.167,343.175,25.948,11.059
Mumbai,19.076,72.8777,2024-02-26,2024,2,26,26.008,61.458,20.167,7.896,260.083,206.792,53.292,321.358,24.964,11.053
Mumbai,19.076,72.8777,2024-02-27,2024,2,27,26.942,64.333,17.25,8.225,243.792,187.625,56.167,289.296,23.4,11.0
Mumbai,19.076,72.8777,2024-02-28,2024,2,28,27.971,55.75,1.25,9.871,259.833,209.292,50.542,321.708,24.94,11.041
Mumbai,19.076,72.8777,2024-02-29,2024,2,29,28.454,60.667,6.875,7.762,248.917,197.0,51.917,302.829,23.892,11.034
Mumbai,19.076,72.8777,2024-03-01,2024,3,1,27.275,71.0,22.083,8.35,242.417,184.75,57.667,285.088,23.268,11.028
Mumbai,19.076,72.8777,2024-03-02,2024,3,2,26.075,76.708,17.042,8.342,261.458,205.333,56.125,314.221,25.096,11.09
Mumbai,19.076,72.8777,2024-03-03,2024,3,3,25.242,73.917,26.667,12.333,226.167,156.833,69.333,235.058,21.704,11.0
Mumbai,19.076,72.8777,2024-03-04,2024,3,4,23.708,63.333,1.375,11.767,275.958,223.792,52.167,337.679,26.484,11.144
Mumbai,19.076,72.8777,2024-03-05,2024,3,5,24.746,54.708,0.0,12.138,281.708,230.583,51.125,348.658,27.036,11.206
Mumbai,19.076,72.8777,2024-03-06,2024,3,6,25.846,47.167,29.25,11.3,284.167,232.583,51.583,351.0,27.272,11.267
Mumbai,19.076,72.8777,2024-03-07,2024,3,7,26.067,52.625,4.0,11.312,278.083,227.25,50.833,341.183,26.688,11.26
Mumbai,19.076,72.8777,2024-03-08,2024,3,8,27.25,48.167,0.0,13.521,280.917,229.875,51.042,344.683,26.96,11.321
Mumbai,19.076,72.8777,2024-03-09,2024,3,9,27.117,48.417,0.0,13.029,282.542,231.375,51.167,345.638,27.116,11.314
Mumbai,19.076,72.8777,2024-03-10,2024,3,10,26.738,50.417,0.0,12.446,286.0,234.375,51.625,349.658,27.448,11.374
Mumbai,19.076,72.8777,2024-03-11,2024,3,11,27.108,53.375,0.0,12.679,283.708,232.417,51.292,344.829,27.228,11.367
Mumbai,19.076,72.8777,2024-03-12,2024,3,12,27.262,57.792,0.0,12.446,283.75,232.417,51.333,344.158,27.228,11.428
Mumbai,19.076,72.8777,2024-03-13,2024,3,13,26.504,68.417,0.875,12.15,287.083,234.583,52.5,346.5,27.548,11.489
Mumbai,19.076,72.8777,2024-03-14,2024,3,14,25.692,72.292,12.708,11.454,287.167,233.458,53.708,340.296,27.556,11.414
Mumbai,19.076,72.8777,2024-03-15,2024,3,15,25.171,70.542,1.417,8.796,292.292,239.333,52.958,351.917,28.048,11.61
Mumbai,19.076,72.8777,2024-03-16,2024,3,16,25.671,69.667,34.167,9.346,290.125,236.792,53.333,344.367,27.84,11.603
Mumbai,19.076,72.8777,2024-03-17,2024,3,17,26.096,72.458,16.75,9.079,289.708,236.042,53.667,342.854,27.8,11.664
Mumbai,19.076,72.8777,2024-03-18,2024,3,18,26.088,78.083,32.083,8.617,287.625,232.625,55.0,334.071,27.6,11.386
Mumbai,19.076,72.8777,2024-03-19,2024,3,19,26.729,72.583,25.083,10.596,289.833,232.333,57.5,331.929,27.812,11.447
Mumbai,19.076,72.8777,2024-03-20,2024,3,20,28.408,48.542,11.083,11.075,301.917,248.792,53.125,362.296,28.968,11.742
Mumbai,19.076,72.8777,2024-03-21,2024,3,21,28.575,48.458,27.042,8.675,299.208,245.5,53.708,357.442,28.708,11.756
Mumbai,19.076,72.8777,2024-03-22,2024,3,22,27.388,70.0,4.958,7.842,291.917,236.917,55.0,343.525,28.008,11.77
Mumbai,19.076,72.8777,2024-03-23,2024,3,23,27.408,74.333,17.542,8.167,293.167,239.0,54.167,343.5,28.128,11.785
Mumbai,19.076,72.8777,2024-03-24,2024,3,24,27.592,71.5,34.667,9.5,290.208,234.167,56.042,336.217,27.844,11.799
Mumbai,19.076,72.8777,2024-03-25,2024,3,25,27.975,72.167,0.042,11.554,292.5,238.708,53.792,343.15,28.064,11.813
Mumbai,19.076,72.8777,2024-03-26,2024,3,26,27.888,75.708,0.0,9.35,295.292,241.5,53.792,345.854,28.332,11.827
Mumbai,19.076,72.8777,2024-03-27,2024,3,27,27.65,81.083,29.792,7.933,279.833,223.625,56.208,319.388,26.848,11.842
Mumbai,19.076,72.8777,2024-03-28,2024,3,28,27.85,82.0,27.667,8.379,243.375,163.375,80.0,228.421,23.348,11.451
Mumbai,19.076,72.8777,2024-03-29,2024,3,29,28.429,78.25,24.042,7.467,249.875,173.875,76.0,249.763,23.972,11.648
Mumbai,19.076,72.8777,2024-03-30,2024,3,30,28.7,72.292,22.958,10.487,257.417,192.667,64.75,270.608,24.696,11.573
Mumbai,19.076,72.8777,2024-03-31,2024,3,31,28.971,68.0,15.958,12.583,277.292,216.125,61.167,305.571,26.6,11.898
Mumbai,19.076,72.8777,2024-04-01,2024,4,1,28.433,67.208,46.333,11.529,292.25,230.333,61.917,327.55,28.036,11.911
Mumbai,19.076,72.8777,2024-04-02,2024,4,2,27.742,72.125,32.292,9.175,300.833,245.292,55.542,346.754,28.86,11.924
Mumbai,19.076,72.8777,2024-04-03,2024,4,3,28.0,71.958,41.792,7.812,299.708,244.125,55.583,342.904,28.752,11.938
Mumbai,19.076,72.8777,2024-04-04,2024,4,4,27.95,72.75,56.5,11.292,298.417,240.208,58.208,338.754,28.628,11.951
Mumbai,19.076,72.8777,2024-04-05,2024,4,5,29.0,65.917,36.458,11.729,300.542,243.708,56.833,343.917,28.832,11.965
Mumbai,19.076,72.8777,2024-04-06,2024,4,6,29.883,57.0,14.333,13.946,289.042,229.917,59.125,322.596,27.728,11.978
Mumbai,19.076,72.8777,2024-04-07,2024,4,7,29.242,57.083,5.792,13.05,301.917,245.625,56.292,344.7,28.96,11.992
Mumbai,19.076,72.8777,2024-04-08,2024,4,8,28.438,67.458,0.0,8.454,307.625,251.167,56.458,352.725,29.508,12.0
Mumbai,19.076,72.8777,2024-04-09,2024,4,9,28.154,76.75,9.542,8.596,306.292,249.75,56.542,348.683,29.38,12.0
Mumbai,19.076,72.8777,2024-04-10,2024,4,10,27.967,77.833,14.333,9.612,303.958,247.708,56.25,344.471,29.156,12.0
Mumbai,19.076,72.8777,2024-04-11,2024,4,11,28.25,74.875,8.875,8.125,293.292,230.625,62.667,323.175,28.132,12.0
Mumbai,19.076,72.8777,2024-04-12,2024,4,12,27.871,74.167,17.667,9.946,303.5,246.5,57.0,343.204,29.112,12.0
Mumbai,19.076,72.8777,2024-04-13,2024,4,13,27.454,72.667,6.208,8.033,308.083,249.875,58.208,347.708,29.548,12.0
Mumbai,19.076,72.8777,2024-04-14,2024,4,14,27.983,74.0,14.458,9.888,308.208,251.125,57.083,349.054,29.56,12.0
Mumbai,19.076,72.8777,2024-04-15,2024,4,15,30.396,72.375,9.0,9.221,291.333,233.583,57.75,322.463,27.94,12.0
Mumbai,19.076,72.8777,2024-04-16,2024,4,16,32.417,60.208,21.292,7.45,274.458,215.583,58.875,298.212,26.324,12.0
Mumbai,19.076,72.8777,2024-04-17,2024,4,17,30.738,74.667,36.5,12.204,268.833,190.667,78.167,269.083,25.78,12.0
Mumbai,19.076,72.8777,2024-04-18,2024,4,18,30.583,75.375,42.917,9.138,288.417,220.333,68.083,304.171,27.66,12.0
Mumbai,19.076,72.8777,2024-04-19,2024,4,19,30.667,72.5,26.5,10.642,268.917,200.042,68.875,280.95,25.788,12.0
Mumbai,19.076,72.8777,2024-04-20,2024,4,20,30.963,64.333,23.875,9.996,269.167,201.125,68.042,276.717,25.808,12.0
Mumbai,19.076,72.8777,2024-04-21,2024,4,21,30.025,64.208,20.542,12.879,285.417,222.25,63.167,305.304,27.368,12.0
Mumbai,19.076,72.8777,2024-04-22,2024,4,22,29.95,65.75,19.458,13.017,295.417,234.083,61.333,322.55,28.328,12.0
Mumbai,19.076,72.8777,2024-04-23,2024,4,23,29.75,66.167,4.0,11.842,310.042,252.417,57.625,348.225,29.732,12.0
Mumbai,19.076,72.8777,2024-04-24,2024,4,24,29.583,70.583,11.917,10.338,299.042,239.708,59.333,332.429,28.676,12.0
Mumbai,19.076,72.8777,2024-04-25,2024,4,25,30.133,66.75,19.458,10.671,292.708,234.0,58.708,319.008,28.068,12.0
Mumbai,19.076,72.8777,2024-04-26,2024,4,26,30.463,67.667,20.625,12.104,293.208,232.333,60.875,316.908,28.116,12.0
Mumbai,19.076,72.8777,2024-04-27,2024,4,27,30.65,68.292,11.667,12.6,304.083,245.667,58.417,335.254,29.156,12.0
Mumbai,19.076,72.8777,2024-04-28,2024,4,28,32.3,56.5,6.333,14.783,299.833,238.25,61.583,329.55,28.748,12.0
Mumbai,19.076,72.8777,2024-04-29,2024,4,29,32.079,54.042,3.375,14.062,308.042,248.667,59.375,340.296,29.532,12.0
Mumbai,19.076,72.8777,2024-04-30,2024,4,30,31.692,57.792,23.917,12.983,306.917,243.417,63.5,336.012,29.424,12.0
Mumbai,19.076,72.8777,2024-05-01,2024,5,1,30.05,65.875,0.75,9.788,314.167,256.25,57.917,352.767,30.12,12.0
Mumbai,19.076,72.8777,2024-05-02,2024,5,2,29.033,68.792,1.917,8.467,318.083,259.417,58.667,356.6,30.492,12.0
Mumbai,19.076,72.8777,2024-05-03,2024,5,3,28.821,72.708,2.667,8.846,317.625,258.333,59.292,354.371,30.448,12.0
Mumbai,19.076,72.8777,2024-05-04,2024,5,4,29.367,78.375,55.875,8.546,304.75,236.542,68.208,316.246,29.212,12.0
Mumbai,19.076,72.8777,2024-05-05,2024,5,5,30.088,75.875,29.208,9.758,308.292,248.625,59.667,340.388,29.552,12.0
Mumbai,19.076,72.8777,2024-05-06,2024,5,6,29.858,75.708,10.833,10.683,307.0,245.833,61.167,334.65,29.424,12.0
Mumbai,19.076,72.8777,2024-05-07,2024,5,7,29.642,76.125,22.042,10.362,300.833,233.0,67.833,318.692,28.832,12.0
Mumbai,19.076,72.8777,2024-05-08,2024,5,8,29.683,76.375,27.625,10.533,293.292,227.708,65.583,303.796,28.108,12.0
Mumbai,19.076,72.8777,2024-05-09,2024,5,9,29.679,76.417,18.25,9.692,296.208,229.958,66.25,311.787,28.388,12.0
Mumbai,19.076,72.8777,2024-05-10,2024,5,10,29.333,77.792,24.333,10.008,285.667,212.667,73.0,290.996,27.376,12.0
Mumbai,19.076,72.8777,2024-05-11,2024,5,11,29.592,77.0,10.375,11.692,295.042,229.75,65.292,310.883,28.276,12.0
Mumbai,19.076,72.8777,2024-05-12,2024,5,12,29.658,76.833,27.417,10.554,261.25,185.125,76.125,247.496,25.032,11.904
Mumbai,19.076,72.8777,2024-05-13,2024,5,13,29.929,77.292,18.125,7.979,280.833,212.667,68.167,291.662,26.908,12.0
Mumbai,19.076,72.8777,2024-05-14,2024,5,14,30.892,70.417,6.125,10.783,292.375,231.0,61.375,314.225,28.016,12.024
Mumbai,19.076,72.8777,2024-05-15,2024,5,15,30.746,76.625,8.458,7.85,298.75,237.042,61.708,323.304,28.624,12.022
Mumbai,19.076,72.8777,2024-05-16,2024,5,16,31.121,77.458,29.958,7.742,289.958,224.375,65.583,306.496,27.784,12.019
Mumbai,19.076,72.8777,2024-05-17,2024,5,17,30.579,79.5,22.417,9.679,291.667,227.708,63.958,303.371,27.948,12.0
Mumbai,19.076,72.8777,2024-05-18,2024,5,18,30.95,79.75,11.167,9.2,291.667,225.5,66.167,301.121,27.944,12.013
Mumbai,19.076,72.8777,2024-05-19,2024,5,19,31.204,77.875,16.5,10.013,288.542,221.917,66.625,298.408,27.648,12.01
Mumbai,19.076,72.8777,2024-05-20,2024,5,20,31.104,77.125,48.167,12.088,289.083,221.5,67.583,302.517,27.692,12.008
Mumbai,19.076,72.8777,2024-05-21,2024,5,21,31.396,77.625,57.792,10.142,288.458,223.375,65.083,302.15,27.64,12.005
Mumbai,19.076,72.8777,2024-05-22,2024,5,22,31.067,80.083,78.417,12.225,284.792,212.167,72.625,280.704,27.292,12.0
Mumbai,19.076,72.8777,2024-05-23,2024,5,23,31.054,81.042,35.958,11.567,281.333,208.792,72.542,276.537,26.948,12.0
Mumbai,19.076,72.8777,2024-05-24,2024,5,24,30.85,79.417,24.5,12.354,289.0,220.833,68.167,300.0,27.676,12.068
Mumbai,19.076,72.8777,2024-05-25,2024,5,25,30.792,78.167,62.417,12.696,259.708,171.5,88.208,228.683,24.868,11.598
Mumbai,19.076,72.8777,2024-05-26,2024,5,26,30.988,76.292,78.75,15.225,243.958,158.833,85.125,207.333,23.364,11.295
Mumbai,19.076,72.8777,2024-05-27,2024,5,27,30.475,79.0,83.708,16.329,119.5,37.792,81.708,59.071,11.424,5.396
Mumbai,19.076,72.8777,2024-05-28,2024,5,28,31.054,74.25,72.833,17.225,271.125,192.083,79.042,256.5,25.96,11.865
Mumbai,19.076,72.8777,2024-05-29,2024,5,29,31.138,70.708,48.792,18.008,276.25,199.25,77.0,270.429,26.448,12.055
Mumbai,19.076,72.8777,2024-05-30,2024,5,30,31.358,70.792,33.5,13.642,273.208,194.958,78.25,263.55,26.156,12.052
Mumbai,19.076,72.8777,2024-05-31,2024,5,31,31.254,77.875,22.417,10.242,264.375,184.292,80.083,250.121,25.316,12.0
Mumbai,19.076,72.8777,2024-06-01,2024,6,1,31.05,76.792,24.958,11.404,283.292,213.5,69.792,289.95,27.116,12.12
Mumbai,19.076,72.8777,2024-06-02,2024,6,2,31.367,73.167,89.958,10.875,276.458,204.0,72.458,272.067,26.464,12.0
Mumbai,19.076,72.8777,2024-06-03,2024,6,3,31.075,75.917,97.958,8.621,228.083,120.958,107.125,154.879,21.852,10.68
Mumbai,19.076,72.8777,2024-06-04,2024,6,4,31.021,76.625,98.625,9.829,232.833,135.042,97.792,176.258,22.296,10.9
Mumbai,19.076,72.8777,2024-06-05,2024,6,5,30.612,77.625,96.042,10.883,243.75,156.458,87.292,203.304,23.344,11.289
Mumbai,19.076,72.8777,2024-06-06,2024,6,6,30.896,76.375,90.5,8.746,247.75,165.792,81.958,217.1,23.724,11.822
Mumbai,19.076,72.8777,2024-06-07,2024,6,7,31.096,73.042,83.583,11.342,228.667,143.75,84.917,180.654,21.896,10.438
Mumbai,19.076,72.8777,2024-06-08,2024,6,8,31.208,69.792,81.583,11.517,255.042,178.75,76.292,224.175,24.424,11.093
Mumbai,19.076,72.8777,2024-06-09,2024,6,9,29.858,78.208,99.958,8.742,138.75,43.208,95.542,53.421,13.284,5.377
Mumbai,19.076,72.8777,2024-06-10,2024,6,10,28.125,86.208,97.292,7.283,85.667,13.833,71.833,19.583,8.192,0.827
Mumbai,19.076,72.8777,2024-06-11,2024,6,11,28.3,85.458,95.667,9.467,154.75,64.458,90.292,72.692,14.824,5.036
Mumbai,19.076,72.8777,2024-06-12,2024,6,12,28.792,84.958,75.292,10.487,167.625,74.25,93.375,89.158,16.044,6.867
Mumbai,19.076,72.8777,2024-06-13,2024,6,13,28.733,85.292,76.125,11.129,181.583,91.875,89.708,117.054,17.376,9.633
Mumbai,19.076,72.8777,2024-06-14,2024,6,14,28.596,85.292,68.5,12.362,192.667,108.75,83.917,139.854,18.436,10.584
Mumbai,19.076,72.8777,2024-06-15,2024,6,15,28.925,82.25,46.083,15.233,213.25,132.208,81.042,167.679,20.396,10.372
Mumbai,19.076,72.8777,2024-06-16,2024,6,16,29.567,80.417,51.042,11.237,236.083,155.583,80.5,207.192,22.588,11.907
Mumbai,19.076,72.8777,2024-06-17,2024,6,17,29.146,83.833,95.708,11.812,182.25,85.208,97.042,103.988,17.42,8.957
Mumbai,19.076,72.8777,2024-06-18,2024,6,18,28.783,85.083,89.583,15.625,194.0,108.042,85.958,139.038,18.56,10.367
Mumbai,19.076,72.8777,2024-06-19,2024,6,19,27.983,87.5,92.917,15.175,101.667,31.5,70.167,39.821,9.728,3.265
Mumbai,19.076,72.8777,2024-06-20,2024,6,20,28.412,86.417,94.708,18.896,120.917,38.208,82.708,57.804,11.532,4.597
Mumbai,19.076,72.8777,2024-06-21,2024,6,21,28.825,86.708,77.708,17.233,193.125,112.125,81.0,138.058,18.496,9.365
Mumbai,19.076,72.8777,2024-06-22,2024,6,22,28.529,85.625,78.5,10.662,213.333,128.0,85.333,157.192,20.42,9.554
Mumbai,19.076,72.8777,2024-06-23,2024,6,23,28.188,88.125,98.958,8.912,109.583,40.667,68.917,45.254,10.48,3.87
Mumbai,19.076,72.8777,2024-06-24,2024,6,24,28.567,85.417,87.083,11.425,140.042,66.292,73.75,86.971,13.364,7.339
Mumbai,19.076,72.8777,2024-06-25,2024,6,25,29.442,82.042,79.167,18.817,192.708,104.167,88.542,137.721,18.448,10.193
Mumbai,19.076,72.8777,2024-06-26,2024,6,26,28.738,86.417,97.708,21.042,155.417,71.708,83.708,91.079,14.872,8.455
Mumbai,19.076,72.8777,2024-06-27,2024,6,27,28.271,87.125,97.417,23.488,107.958,36.042,71.917,51.887,10.348,3.879
Mumbai,19.076,72.8777,2024-06-28,2024,6,28,27.862,89.5,98.417,23.942,88.833,22.333,66.5,32.317,8.48,1.845
Mumbai,19.076,72.8777,2024-06-29,2024,6,29,28.213,88.667,99.917,22.662,168.917,75.583,93.333,92.867,16.192,6.87
Mumbai,19.076,72.8777,2024-06-30,2024,6,30,28.383,89.042,98.958,23.088,132.542,36.208,96.333,50.221,12.688,4.579
Mumbai,19.076,72.8777,2024-07-01,2024,7,1,28.292,88.375,94.083,29.746,161.75,73.917,87.833,93.3,15.468,8.081
Mumbai,19.076,72.8777,2024-07-02,2024,7,2,28.775,86.625,96.958,25.833,120.333,39.333,81.0,52.354,11.504,4.656
Mumbai,19.076,72.8777,2024-07-03,2024,7,3,29.612,84.542,78.875,24.558,215.75,132.5,83.25,170.162,20.632,10.783
Mumbai,19.076,72.8777,2024-07-04,2024,7,4,28.783,87.75,98.125,21.9,153.917,73.583,80.333,94.583,14.716,8.125
Mumbai,19.076,72.8777,2024-07-05,2024,7,5,28.154,88.542,98.625,21.879,167.125,80.542,86.583,98.621,15.996,8.062
Mumbai,19.076,72.8777,2024-07-06,2024,7,6,28.271,87.792,99.583,23.804,136.583,57.208,79.375,72.988,13.092,5.503
Mumbai,19.076,72.8777,2024-07-07,2024,7,7,28.525,86.75,99.792,18.287,124.5,39.542,84.958,54.117,11.932,3.694
Mumbai,19.076,72.8777,2024-07-08,2024,7,8,27.367,89.583,99.542,12.921,120.042,31.167,88.875,38.804,11.476,3.12
Mumbai,19.076,72.8777,2024-07-09,2024,7,9,27.092,89.833,96.875,14.921,76.25,13.542,62.708,17.017,7.292,0.702
Mumbai,19.076,72.8777,2024-07-10,2024,7,10,27.633,87.583,79.958,16.012,193.875,110.625,83.25,137.15,18.54,9.607
Mumbai,19.076,72.8777,2024-07-11,2024,7,11,27.367,88.667,98.833,15.971,102.75,31.625,71.125,45.942,9.848,3.545
Mumbai,19.076,72.8777,2024-07-12,2024,7,12,26.992,90.458,99.958,16.733,39.208,1.875,37.333,2.712,3.74,0.0
Mumbai,19.076,72.8777,2024-07-13,2024,7,13,26.954,91.375,99.958,23.183,44.083,7.25,36.833,10.371,4.22,0.262
Mumbai,19.076,72.8777,2024-07-14,2024,7,14,26.862,91.375,100.0,18.108,33.417,1.375,32.042,1.6,3.2,0.0
Mumbai,19.076,72.8777,2024-07-15,2024,7,15,27.375,89.333,98.458,9.129,82.125,22.417,59.708,28.017,7.848,1.947
Mumbai,19.076,72.8777,2024-07-16,2024,7,16,27.417,88.792,99.5,13.204,78.292,16.458,61.833,22.204,7.48,1.303
Mumbai,19.076,72.8777,2024-07-17,2024,7,17,27.592,89.792,98.583,18.996,91.625,25.75,65.875,32.617,8.776,2.138
Mumbai,19.076,72.8777,2024-07-18,2024,7,18,27.258,89.958,99.75,19.779,47.625,5.208,42.417,6.904,4.548,0.0
Mumbai,19.076,72.8777,2024-07-19,2024,7,19,27.2,90.5,100.0,22.379,65.333,9.875,55.458,14.225,6.232,0.22
Mumbai,19.076,72.8777,2024-07-20,2024,7,20,27.146,90.875,100.0,24.088,36.542,1.375,35.167,1.517,3.496,0.0
Mumbai,19.076,72.8777,2024-07-21,2024,7,21,27.208,91.292,99.875,22.562,49.583,4.292,45.292,6.104,4.748,0.0
Mumbai,19.076,72.8777,2024-07-22,2024,7,22,27.062,91.208,100.0,24.679,36.417,0.708,35.708,1.358,3.484,0.0
Mumbai,19.076,72.8777,2024-07-23,2024,7,23,27.088,91.417,100.0,25.963,55.042,7.875,47.167,13.758,5.272,0.668
Mumbai,19.076,72.8777,2024-07-24,2024,7,24,26.988,91.708,99.667,28.579,62.958,7.542,55.417,9.033,6.032,0.0
Mumbai,19.076,72.8777,2024-07-25,2024,7,25,27.054,88.625,99.875,26.604,43.542,2.125,41.417,2.775,4.16,0.0
Mumbai,19.076,72.8777,2024-07-26,2024,7,26,28.0,87.667,99.792,23.662,58.083,5.167,52.917,7.896,5.548,0.051
Mumbai,19.076,72.8777,2024-07-27,2024,7,27,27.654,88.083,100.0,24.329,83.833,15.042,68.792,17.496,8.016,0.564
Mumbai,19.076,72.8777,2024-07-28,2024,7,28,27.467,89.708,100.0,19.1,41.5,0.083,41.417,0.1,3.96,0.0
Mumbai,19.076,72.8777,2024-07-29,2024,7,29,27.213,89.792,99.958,19.992,60.25,8.792,51.458,9.65,5.768,0.081
Mumbai,19.076,72.8777,2024-07-30,2024,7,30,27.208,90.833,98.583,19.058,86.667,29.25,57.417,39.5,8.28,2.732
Mumbai,19.076,72.8777,2024-07-31,2024,7,31,27.221,90.875,98.708,17.0,130.958,52.5,78.458,65.2,12.54,7.082
Mumbai,19.076,72.8777,2024-08-01,2024,8,1,27.229,89.583,99.25,20.542,155.083,69.042,86.042,86.971,14.848,8.353
Mumbai,19.076,72.8777,2024-08-02,2024,8,2,26.929,90.583,98.25,23.946,144.375,67.125,77.25,85.133,13.84,8.219
Mumbai,19.076,72.8777,2024-08-03,2024,8,3,26.8,92.25,99.917,26.217,101.625,22.0,79.625,24.829,9.732,1.967
Mumbai,19.076,72.8777,2024-08-04,2024,8,4,26.85,91.542,99.667,23.396,68.5,7.667,60.833,9.829,6.556,0.046
Mumbai,19.076,72.8777,2024-08-05,2024,8,5,27.258,88.625,98.875,21.0,150.667,67.333,83.333,95.962,14.42,10.468
Mumbai,19.076,72.8777,2024-08-06,2024,8,6,27.192,88.958,89.125,17.862,196.208,116.667,79.542,149.079,18.788,10.41
Mumbai,19.076,72.8777,2024-08-07,2024,8,7,27.362,87.708,69.125,15.788,202.75,122.167,80.583,162.067,19.416,11.126
Mumbai,19.076,72.8777,2024-08-08,2024,8,8,27.283,87.958,95.167,13.392,139.5,49.25,90.25,67.163,13.356,7.219
Mumbai,19.076,72.8777,2024-08-09,2024,8,9,27.112,89.208,99.75,13.258,98.542,26.042,72.5,35.308,9.44,3.049
Mumbai,19.076,72.8777,2024-08-10,2024,8,10,27.154,88.958,94.042,11.871,151.833,62.75,89.083,81.7,14.536,7.143
Mumbai,19.076,72.8777,2024-08-11,2024,8,11,27.992,84.542,83.917,13.95,213.208,128.667,84.542,168.492,20.428,10.553
Mumbai,19.076,72.8777,2024-08-12,2024,8,12,27.7,85.958,67.708,12.954,181.75,104.208,77.542,136.821,17.404,10.386
Mumbai,19.076,72.8777,2024-08-13,2024,8,13,27.967,84.583,89.833,8.733,193.708,106.292,87.417,145.325,18.548,10.976
Mumbai,19.076,72.8777,2024-08-14,2024,8,14,28.279,82.417,86.583,5.546,225.792,146.083,79.708,193.421,21.632,11.226
Mumbai,19.076,72.8777,2024-08-15,2024,8,15,28.183,83.75,86.125,6.583,213.792,123.083,90.708,160.662,20.492,10.286
Mumbai,19.076,72.8777,2024-08-16,2024,8,16,28.417,83.833,94.208,6.633,216.917,132.792,84.125,170.579,20.788,10.379
Mumbai,19.076,72.8777,2024-08-17,2024,8,17,28.529,83.375,95.75,5.642,184.542,88.958,95.583,121.096,17.696,8.722
Mumbai,19.076,72.8777,2024-08-18,2024,8,18,28.608,85.542,99.333,5.021,122.667,31.125,91.542,42.683,11.752,3.297
Mumbai,19.076,72.8777,2024-08-19,2024,8,19,28.542,86.542,99.625,6.125,130.042,38.75,91.292,50.688,12.472,4.159
Mumbai,19.076,72.8777,2024-08-20,2024,8,20,28.242,86.75,95.542,5.163,153.792,69.958,83.833,90.946,14.752,8.146
Mumbai,19.076,72.8777,2024-08-21,2024,8,21,28.658,84.542,99.292,7.671,207.125,117.042,90.083,146.142,19.86,9.82
Mumbai,19.076,72.8777,2024-08-22,2024,8,22,28.742,87.0,96.75,7.875,190.833,99.417,91.417,126.333,18.3,8.436
Mumbai,19.076,72.8777,2024-08-23,2024,8,23,28.088,87.5,100.0,9.625,57.042,3.667,53.375,4.162,5.468,0.074
Mumbai,19.076,72.8777,2024-08-24,2024,8,24,26.45,92.583,100.0,16.05,33.292,2.875,30.417,3.65,3.192,0.0
Mumbai,19.076,72.8777,2024-08-25,2024,8,25,26.312,91.583,99.917,23.279,91.875,30.042,61.833,35.704,8.812,3.39
Mumbai,19.076,72.8777,2024-08-26,2024,8,26,26.525,91.417,100.0,24.967,74.75,10.417,64.333,14.133,7.168,0.023
Mumbai,19.076,72.8777,2024-08-27,2024,8,27,26.558,90.458,99.958,27.646,128.0,34.542,93.458,39.517,12.272,3.545
Mumbai,19.076,72.8777,2024-08-28,2024,8,28,27.55,86.917,86.875,26.925,149.25,73.667,75.583,101.821,14.316,9.786
Mumbai,19.076,72.8777,2024-08-29,2024,8,29,27.829,86.792,72.5,21.362,190.083,110.583,79.5,143.7,18.232,10.532
Mumbai,19.076,72.8777,2024-08-30,2024,8,30,27.688,87.167,69.917,16.183,202.167,125.833,76.333,166.283,19.392,10.884
Mumbai,19.076,72.8777,2024-08-31,2024,8,31,27.992,84.208,92.625,10.158,181.458,96.417,85.042,126.071,17.404,10.167
Mumbai,19.076,72.8777,2024-09-01,2024,9,1,27.754,85.958,99.958,8.883,110.583,27.917,82.667,40.342,10.612,3.461
Mumbai,19.076,72.8777,2024-09-02,2024,9,2,27.1,89.667,100.0,10.45,32.458,0.667,31.792,0.742,3.112,0.0
Mumbai,19.076,72.8777,2024-09-03,2024,9,3,27.158,89.0,100.0,12.75,93.25,22.083,71.167,30.642,8.944,1.813
Mumbai,19.076,72.8777,2024-09-04,2024,9,4,26.954,89.958,91.5,15.329,133.167,52.458,80.708,70.879,12.776,8.181
Mumbai,19.076,72.8777,2024-09-05,2024,9,5,26.871,91.25,98.875,16.058,154.958,77.417,77.542,102.288,14.868,8.495
Mumbai,19.076,72.8777,2024-09-06,2024,9,6,26.983,89.375,81.125,12.95,175.208,97.792,77.417,129.45,16.812,9.345
Mumbai,19.076,72.8777,2024-09-07,2024,9,7,27.0,88.917,70.958,11.458,172.042,91.125,80.917,120.575,16.512,9.163
Mumbai,19.076,72.8777,2024-09-08,2024,9,8,27.2,87.167,73.875,11.125,198.375,118.25,80.125,159.604,19.036,10.471
Mumbai,19.076,72.8777,2024-09-09,2024,9,9,27.162,87.917,85.833,9.525,165.417,88.125,77.292,124.092,15.876,10.67
Mumbai,19.076,72.8777,2024-09-10,2024,9,10,27.117,88.75,98.0,12.342,145.458,70.125,75.333,90.929,13.96,7.661
Mumbai,19.076,72.8777,2024-09-11,2024,9,11,26.758,88.667,99.542,14.446,185.125,102.792,82.333,136.883,17.768,9.829
Mumbai,19.076,72.8777,2024-09-12,2024,9,12,27.279,84.292,95.375,16.029,203.875,124.208,79.667,169.742,19.568,10.861
Mumbai,19.076,72.8777,2024-09-13,2024,9,13,27.192,85.833,76.333,14.183,208.917,128.542,80.375,173.546,20.052,10.336
Mumbai,19.076,72.8777,2024-09-14,2024,9,14,26.667,87.167,63.667,13.867,203.167,124.042,79.125,167.237,19.5,11.095
Mumbai,19.076,72.8777,2024-09-15,2024,9,15,26.25,87.458,61.292,9.112,190.042,110.167,79.875,150.05,18.244,9.88
Mumbai,19.076,72.8777,2024-09-16,2024,9,16,26.771,86.875,60.167,7.913,209.0,136.75,72.25,193.05,20.064,11.667
Mumbai,19.076,72.8777,2024-09-17,2024,9,17,27.379,80.667,30.417,6.192,228.875,156.75,72.125,214.633,21.972,11.567
Mumbai,19.076,72.8777,2024-09-18,2024,9,18,27.412,79.667,29.708,5.633,233.792,163.292,70.5,224.8,22.444,11.841
Mumbai,19.076,72.8777,2024-09-19,2024,9,19,28.162,77.875,57.583,6.204,190.708,109.792,80.917,147.75,18.308,10.285
Mumbai,19.076,72.8777,2024-09-20,2024,9,20,28.333,78.5,57.542,6.179,195.292,115.917,79.375,170.117,18.748,11.483
Mumbai,19.076,72.8777,2024-09-21,2024,9,21,28.217,80.917,55.458,4.933,179.25,110.75,68.5,154.604,17.208,10.405
Mumbai,19.076,72.8777,2024-09-22,2024,9,22,28.267,82.708,70.375,8.575,216.917,146.25,70.667,206.871,20.824,11.627
Mumbai,19.076,72.8777,2024-09-23,2024,9,23,28.446,84.5,96.917,9.758,168.458,85.042,83.417,113.833,16.172,8.667
Mumbai,19.076,72.8777,2024-09-24,2024,9,24,27.612,88.542,96.833,7.117,93.917,24.417,69.5,41.696,9.016,2.941
Mumbai,19.076,72.8777,2024-09-25,2024,9,25,27.267,88.708,99.792,7.517,60.167,13.625,46.542,20.95,5.776,1.972
Mumbai,19.076,72.8777,2024-09-26,2024,9,26,26.988,90.833,99.958,11.567,39.25,4.083,35.167,4.912,3.768,0.0
Mumbai,19.076,72.8777,2024-09-27,2024,9,27,27.2,88.333,100.0,23.629,54.292,12.708,41.583,18.629,5.164,1.041
Mumbai,19.076,72.8777,2024-09-28,2024,9,28,26.95,89.167,94.583,14.117,152.417,75.333,77.083,101.233,14.488,7.72
Mumbai,19.076,72.8777,2024-09-29,2024,9,29,27.612,84.625,38.875,10.212,196.292,119.792,76.5,170.212,18.68,11.097
Mumbai,19.076,72.8777,2024-09-30,2024,9,30,28.108,84.458,30.833,6.004,208.0,127.5,80.5,194.875,19.796,11.65
Mumbai,19.076,72.8777,2024-10-01,2024,10,1,28.675,87.0,30.583,6.408,236.417,173.625,62.792,255.383,22.516,11.841
Mumbai,19.076,72.8777,2024-10-02,2024,10,2,28.812,86.667,59.292,6.092,201.542,128.958,72.583,179.942,19.228,10.287
Mumbai,19.076,72.8777,2024-10-03,2024,10,3,28.854,82.792,68.083,6.775,217.5,146.458,71.042,211.025,20.72,10.729
Mumbai,19.076,72.8777,2024-10-04,2024,10,4,28.058,84.25,75.0,7.171,205.917,133.917,72.0,193.046,19.612,11.011
Mumbai,19.076,72.8777,2024-10-05,2024,10,5,28.129,80.833,26.417,5.925,225.375,163.833,61.542,241.404,21.476,11.225
Mumbai,19.076,72.8777,2024-10-06,2024,10,6,28.575,80.667,20.958,7.233,240.583,183.375,57.208,269.779,22.96,11.493
Mumbai,19.076,72.8777,2024-10-07,2024,10,7,29.829,78.958,37.417,5.483,222.667,157.667,65.0,237.458,21.24,11.497
Mumbai,19.076,72.8777,2024-10-08,2024,10,8,29.792,79.625,42.083,5.896,228.167,170.542,57.625,244.662,21.788,10.955
Mumbai,19.076,72.8777,2024-10-09,2024,10,9,28.567,82.083,94.625,5.908,117.333,21.167,96.167,29.8,11.208,1.677
Mumbai,19.076,72.8777,2024-10-10,2024,10,10,28.258,82.833,88.542,7.367,153.833,70.0,83.833,105.254,14.708,7.764
Mumbai,19.076,72.8777,2024-10-11,2024,10,11,28.229,81.625,97.833,6.246,167.75,84.833,82.917,123.904,16.036,9.343
Mumbai,19.076,72.8777,2024-10-12,2024,10,12,27.896,84.75,90.75,4.525,200.542,129.375,71.167,181.0,19.188,9.295
Mumbai,19.076,72.8777,2024-10-13,2024,10,13,28.1,85.25,67.5,5.404,200.833,135.458,65.375,196.938,19.192,10.445
Mumbai,19.076,72.8777,2024-10-14,2024,10,14,28.188,82.042,66.083,6.038,228.792,169.375,59.417,248.246,21.888,10.851
Mumbai,19.076,72.8777,2024-10-15,2024,10,15,27.888,84.667,81.333,6.021,203.375,137.917,65.458,205.867,19.448,10.555
Mumbai,19.076,72.8777,2024-10-16,2024,10,16,28.275,85.792,82.5,5.175,204.0,134.792,69.208,193.375,19.524,10.116
Mumbai,19.076,72.8777,2024-10-17,2024,10,17,28.521,86.708,92.458,8.267,108.917,40.542,68.375,63.975,10.384,5.895
Mumbai,19.076,72.8777,2024-10-18,2024,10,18,28.988,82.792,98.625,8.579,178.917,102.5,76.417,156.462,17.104,10.312
Mumbai,19.076,72.8777,2024-10-19,2024,10,19,28.246,83.083,84.958,5.429,175.625,102.375,73.25,155.221,16.788,10.0
Mumbai,19.076,72.8777,2024-10-20,2024,10,20,28.467,81.583,74.083,5.308,186.125,121.5,64.625,175.721,17.796,9.689
Mumbai,19.076,72.8777,2024-10-21,2024,10,21,27.983,83.583,84.417,4.821,180.917,104.833,76.083,154.379,17.308,9.875
Mumbai,19.076,72.8777,2024-10-22,2024,10,22,28.504,81.75,39.0,5.467,200.25,134.25,66.0,206.467,19.164,10.442
Mumbai,19.076,72.8777,2024-10-23,2024,10,23,29.446,81.333,18.417,6.683,217.083,162.542,54.542,251.329,20.772,10.799
Mumbai,19.076,72.8777,2024-10-24,2024,10,24,29.408,74.583,20.042,8.038,223.167,168.917,54.25,266.008,21.348,11.045
Mumbai,19.076,72.8777,2024-10-25,2024,10,25,28.675,73.333,67.917,6.546,240.542,189.667,50.875,300.517,23.012,11.044
Mumbai,19.076,72.8777,2024-10-26,2024,10,26,28.037,74.625,7.792,8.292,240.708,190.5,50.208,303.708,23.032,11.043
Mumbai,19.076,72.8777,2024-10-27,2024,10,27,28.204,76.417,2.042,6.433,240.208,191.0,49.208,304.896,22.988,10.973
Mumbai,19.076,72.8777,2024-10-28,2024,10,28,28.325,82.583,7.667,4.629,222.125,167.375,54.75,264.783,21.264,10.831
Mumbai,19.076,72.8777,2024-10-29,2024,10,29,28.417,85.125,31.792,5.842,199.792,141.708,58.083,221.171,19.124,10.302
Mumbai,19.076,72.8777,2024-10-30,2024,10,30,28.904,81.792,18.958,5.008,215.708,160.667,55.042,250.325,20.652,10.592
Mumbai,19.076,72.8777,2024-10-31,2024,10,31,29.442,77.083,14.042,6.646,204.833,151.25,53.583,240.321,19.62,10.724
Mumbai,19.076,72.8777,2024-11-01,2024,11,1,29.346,81.542,12.875,7.2,208.375,154.167,54.208,247.579,19.952,10.754
Mumbai,19.076,72.8777,2024-11-02,2024,11,2,29.242,76.417,5.625,7.525,224.625,174.542,50.083,282.621,21.508,10.819
Mumbai,19.076,72.8777,2024-11-03,2024,11,3,28.958,67.292,0.083,8.383,233.0,185.0,48.0,303.238,22.312,10.816
Mumbai,19.076,72.8777,2024-11-04,2024,11,4,28.787,66.792,5.375,8.4,231.375,183.958,47.417,300.971,22.16,10.813
Mumbai,19.076,72.8777,2024-11-05,2024,11,5,28.638,67.042,5.083,8.504,230.125,182.667,47.458,301.512,22.04,10.793
Mumbai,19.076,72.8777,2024-11-06,2024,11,6,28.392,67.583,0.625,8.825,230.667,183.542,47.125,304.017,22.092,10.804
Mumbai,19.076,72.8777,2024-11-07,2024,11,7,27.796,67.75,0.542,9.583,228.708,181.292,47.417,301.171,21.908,10.8
Mumbai,19.076,72.8777,2024-11-08,2024,11,8,27.896,67.125,0.042,9.237,226.708,178.958,47.75,298.15,21.716,10.743
Mumbai,19.076,72.8777,2024-11-09,2024,11,9,27.954,65.667,2.667,9.171,227.75,181.333,46.417,303.662,21.82,10.735
Mumbai,19.076,72.8777,2024-11-10,2024,11,10,27.412,66.0,6.625,9.2,211.792,160.375,51.417,268.529,20.292,10.639
Mumbai,19.076,72.8777,2024-11-11,2024,11,11,27.371,64.25,1.667,10.438,225.625,179.167,46.458,301.025,21.616,10.645
Mumbai,19.076,72.8777,2024-11-12,2024,11,12,27.121,64.375,0.208,9.558,225.25,178.917,46.333,303.15,21.58,10.652
Mumbai,19.076,72.8777,2024-11-13,2024,11,13,26.858,65.75,0.0,9.95,223.875,177.75,46.125,302.475,21.452,10.658
Mumbai,19.076,72.8777,2024-11-14,2024,11,14,27.383,68.042,16.167,9.067,212.708,165.333,47.375,281.858,20.38,10.592
Mumbai,19.076,72.8777,2024-11-15,2024,11,15,28.237,68.042,91.083,6.062,153.75,96.917,56.833,172.179,14.732,10.31
Mumbai,19.076,72.8777,2024-11-16,2024,11,16,28.417,72.792,44.75,7.279,197.042,146.75,50.292,250.433,18.884,10.315
Mumbai,19.076,72.8777,2024-11-17,2024,11,17,28.688,68.917,31.792,8.796,207.167,156.333,50.833,265.375,19.852,10.177
Mumbai,19.076,72.8777,2024-11-18,2024,11,18,27.725,64.667,0.0,9.854,220.417,175.25,45.167,302.883,21.12,10.477
Mumbai,19.076,72.8777,2024-11-19,2024,11,19,26.321,61.542,0.0,9.796,222.125,177.375,44.75,308.321,21.284,10.485
Mumbai,19.076,72.8777,2024-11-20,2024,11,20,25.675,62.167,0.0,9.958,220.25,175.417,44.833,306.208,21.104,10.492
Mumbai,19.076,72.8777,2024-11-21,2024,11,21,25.475,63.292,0.0,9.196,220.542,176.125,44.417,308.15,21.132,10.427
Mumbai,19.076,72.8777,2024-11-22,2024,11,22,25.658,65.708,4.625,8.667,218.708,174.25,44.458,305.358,20.96,10.361
Mumbai,19.076,72.8777,2024-11-23,2024,11,23,25.425,70.417,20.0,7.3,215.875,171.083,44.792,300.342,20.688,10.368
Mumbai,19.076,72.8777,2024-11-24,2024,11,24,25.496,70.167,70.0,7.879,215.458,170.25,45.208,299.225,20.648,10.29
Mumbai,19.076,72.8777,2024-11-25,2024,11,25,25.729,64.292,48.875,9.521,215.042,169.542,45.5,298.688,20.608,10.234
Mumbai,19.076,72.8777,2024-11-26,2024,11,26,24.896,59.125,42.833,9.617,216.458,172.333,44.125,305.608,20.744,10.313
Mumbai,19.076,72.8777,2024-11-27,2024,11,27,24.554,58.583,20.208,10.171,218.708,174.375,44.333,310.804,20.956,10.319
Mumbai,19.076,72.8777,2024-11-28,2024,11,28,24.196,58.333,31.917,10.25,216.667,173.5,43.167,309.717,20.76,10.251
Mumbai,19.076,72.8777,2024-11-29,2024,11,29,24.0,56.25,14.625,10.604,218.625,175.625,43.0,314.267,20.948,10.256
Mumbai,19.076,72.8777,2024-11-30,2024,11,30,23.767,59.292,59.75,10.05,217.125,174.125,43.0,312.312,20.804,10.261
Mumbai,19.076,72.8777,2024-12-01,2024,12,1,24.817,67.25,98.333,9.417,204.708,153.042,51.667,268.875,19.616,10.035
Mumbai,19.076,72.8777,2024-12-02,2024,12,2,26.588,69.208,75.917,9.0,179.375,125.167,54.208,220.004,17.188,10.0
Mumbai,19.076,72.8777,2024-12-03,2024,12,3,27.938,71.667,86.75,8.675,176.208,121.875,54.333,214.029,16.892,10.0
Mumbai,19.076,72.8777,2024-12-04,2024,12,4,28.537,73.792,94.792,8.629,137.917,75.0,62.917,130.492,13.208,7.947
Mumbai,19.076,72.8777,2024-12-05,2024,12,5,28.321,76.125,17.25,7.504,194.208,148.917,45.292,265.558,18.608,10.057
Mumbai,19.076,72.8777,2024-12-06,2024,12,6,27.992,76.417,11.708,7.663,190.083,144.542,45.542,260.362,18.212,10.003
Mumbai,19.076,72.8777,2024-12-07,2024,12,7,26.904,63.0,24.75,10.662,204.417,162.083,42.333,293.008,19.58,10.001
Mumbai,19.076,72.8777,2024-12-08,2024,12,8,24.942,57.333,13.25,12.329,209.0,166.708,42.292,303.075,20.02,10.073
Mumbai,19.076,72.8777,2024-12-09,2024,12,9,23.758,52.25,37.333,14.425,214.333,167.667,46.667,306.279,20.532,10.079
Mumbai,19.076,72.8777,2024-12-10,2024,12,10,24.483,57.417,28.583,9.558,204.667,162.292,42.375,296.071,19.604,10.078
Mumbai,19.076,72.8777,2024-12-11,2024,12,11,25.412,68.5,15.5,9.438,204.917,162.875,42.042,297.838,19.624,10.081
Mumbai,19.076,72.8777,2024-12-12,2024,12,12,25.229,67.333,5.917,9.538,204.917,162.75,42.167,297.779,19.624,10.083
Mumbai,19.076,72.8777,2024-12-13,2024,12,13,24.746,63.083,72.875,11.35,207.625,164.375,43.25,300.112,19.88,10.061
Mumbai,19.076,72.8777,2024-12-14,2024,12,14,24.346,59.75,54.792,10.55,210.458,168.208,42.25,308.433,20.152,10.132
Mumbai,19.076,72.8777,2024-12-15,2024,12,15,24.213,59.25,15.958,9.138,211.625,170.167,41.458,313.321,20.26,10.129
Mumbai,19.076,72.8777,2024-12-16,2024,12,16,23.775,60.083,0.042,8.283,215.417,174.25,41.167,321.733,20.62,10.201
Mumbai,19.076,72.8777,2024-12-17,2024,12,17,23.633,61.042,20.833,7.146,213.583,171.375,42.208,314.975,20.444,10.123
Mumbai,19.076,72.8777,2024-12-18,2024,12,18,23.7,65.917,4.792,7.821,213.167,172.208,40.958,318.0,20.4,10.194
Mumbai,19.076,72.8777,2024-12-19,2024,12,19,23.658,71.583,20.958,6.163,210.625,169.625,41.0,313.871,20.156,10.191
Mumbai,19.076,72.8777,2024-12-20,2024,12,20,23.208,79.125,19.042,5.754,203.542,160.542,43.0,296.117,19.476,10.187
Mumbai,19.076,72.8777,2024-12-21,2024,12,21,23.283,80.458,18.5,5.888,199.958,155.042,44.917,279.425,19.132,10.183
Mumbai,19.076,72.8777,2024-12-22,2024,12,22,23.646,80.542,42.375,8.058,141.792,81.25,60.542,146.246,13.572,9.899
Mumbai,19.076,72.8777,2024-12-23,2024,12,23,23.683,77.75,35.417,8.408,154.792,95.875,58.917,174.004,14.804,10.025
Mumbai,19.076,72.8777,2024-12-24,2024,12,24,23.783,68.542,36.583,11.608,172.042,119.167,52.875,211.554,16.452,10.17
Mumbai,19.076,72.8777,2024-12-25,2024,12,25,23.929,70.792,31.333,10.042,170.875,118.417,52.458,208.121,16.336,10.166
Mumbai,19.076,72.8777,2024-12-26,2024,12,26,24.242,79.833,44.0,9.171,148.25,90.167,58.083,168.788,14.164,9.967
Mumbai,19.076,72.8777,2024-12-27,2024,12,27,24.713,78.625,16.625,9.175,176.375,130.917,45.458,236.167,16.86,10.156
Mumbai,19.076,72.8777,2024-12-28,2024,12,28,25.117,75.958,22.208,9.971,183.583,136.333,47.25,249.442,17.548,10.225
Mumbai,19.076,72.8777,2024-12-29,2024,12,29,25.858,74.167,37.875,10.671,179.417,129.833,49.583,228.992,17.148,10.22
Mumbai,19.076,72.8777,2024-12-30,2024,12,30,26.646,72.25,32.25,9.362,194.042,149.167,44.875,264.512,18.54,10.365
Mumbai,19.076,72.8777,2024-12-31,2024,12,31,26.438,72.125,7.625,9.225,205.0,163.208,41.792,297.608,19.588,10.434
Mumbai,19.076,72.8777,2025-01-01,2025,1,1,25.917,73.625,0.0,9.733,206.042,164.0,42.042,299.504,19.684,10.503
Mumbai,19.076,72.8777,2025-01-02,2025,1,2,25.896,68.708,0.0,10.425,210.417,168.75,41.667,308.054,20.096,10.572
Mumbai,19.076,72.8777,2025-01-03,2025,1,3,25.317,64.958,10.375,8.662,214.792,173.5,41.292,317.517,20.508,10.641
Mumbai,19.076,72.8777,2025-01-04,2025,1,4,24.7,62.542,8.5,7.587,217.292,176.083,41.208,322.129,20.744,10.668
Mumbai,19.076,72.8777,2025-01-05,2025,1,5,24.312,68.833,51.0,8.325,180.083,124.625,55.458,215.117,17.18,9.914
Mumbai,19.076,72.8777,2025-01-06,2025,1,6,23.933,64.75,4.583,13.85,214.167,172.458,41.708,314.15,20.436,10.688
Mumbai,19.076,72.8777,2025-01-07,2025,1,7,23.996,60.542,0.458,11.875,213.125,170.875,42.25,311.262,20.332,10.698
Mumbai,19.076,72.8777,2025-01-08,2025,1,8,24.6,62.5,49.625,10.5,212.25,168.958,43.292,306.662,20.244,10.709
Mumbai,19.076,72.8777,2025-01-09,2025,1,9,24.446,61.25,67.542,9.45,214.042,170.417,43.625,308.488,20.412,10.719
Mumbai,19.076,72.8777,2025-01-10,2025,1,10,24.279,64.75,78.583,7.429,214.208,171.417,42.792,308.596,20.428,10.73
Mumbai,19.076,72.8777,2025-01-11,2025,1,11,23.617,72.708,56.542,8.875,209.208,163.958,45.25,294.154,19.944,10.74
Mumbai,19.076,72.8777,2025-01-12,2025,1,12,23.9,69.167,3.042,11.792,213.333,170.125,43.208,305.35,20.332,10.751
Mumbai,19.076,72.8777,2025-01-13,2025,1,13,25.271,65.125,5.0,10.871,209.958,166.625,43.333,296.604,20.004,10.762
Mumbai,19.076,72.8777,2025-01-14,2025,1,14,24.846,73.375,2.708,8.392,211.083,167.458,43.625,298.358,20.112,10.773
Mumbai,19.076,72.8777,2025-01-15,2025,1,15,24.792,78.083,40.083,8.254,210.083,164.042,46.042,289.546,20.012,10.784
Mumbai,19.076,72.8777,2025-01-16,2025,1,16,24.825,71.458,42.125,13.304,202.5,155.042,47.458,274.525,19.284,10.795
Mumbai,19.076,72.8777,2025-01-17,2025,1,17,26.033,65.333,16.625,11.379,215.042,171.375,43.667,302.879,20.472,10.806
Mumbai,19.076,72.8777,2025-01-18,2025,1,18,26.171,58.042,0.333,10.492,222.667,180.333,42.333,319.858,21.192,10.817
Mumbai,19.076,72.8777,2025-01-19,2025,1,19,25.333,61.292,0.042,10.204,222.458,179.917,42.542,318.533,21.164,10.827
Mumbai,19.076,72.8777,2025-01-20,2025,1,20,25.4,63.625,1.333,8.892,221.833,179.0,42.833,315.525,21.1,10.838
Mumbai,19.076,72.8777,2025-01-21,2025,1,21,25.525,65.625,9.875,8.388,223.167,179.625,43.542,315.521,21.224,10.849
Mumbai,19.076,72.8777,2025-01-22,2025,1,22,25.371,68.083,0.042,10.008,224.667,181.125,43.542,316.508,21.364,10.859
Mumbai,19.076,72.8777,2025-01-23,2025,1,23,24.938,62.958,0.833,14.338,223.458,179.375,44.083,312.604,21.24,10.87
Mumbai,19.076,72.8777,2025-01-24,2025,1,24,25.446,63.708,4.083,9.771,224.958,181.292,43.667,314.642,21.384,10.88
Mumbai,19.076,72.8777,2025-01-25,2025,1,25,25.942,72.125,0.0,7.404,226.333,182.542,43.792,316.338,21.504,10.89
Mumbai,19.076,72.8777,2025-01-26,2025,1,26,26.229,72.125,0.0,7.808,227.75,183.542,44.208,316.742,21.636,10.9
Mumbai,19.076,72.8777,2025-01-27,2025,1,27,26.029,73.083,4.875,9.283,227.125,182.375,44.75,313.604,21.568,10.91
Mumbai,19.076,72.8777,2025-01-28,2025,1,28,25.321,70.208,67.583,7.446,227.708,180.667,47.042,308.804,21.628,10.92
Mumbai,19.076,72.8777,2025-01-29,2025,1,29,24.771,71.208,48.375,7.846,233.375,187.375,46.0,317.775,22.148,10.929
Mumbai,19.076,72.8777,2025-01-30,2025,1,30,25.096,67.417,22.875,9.733,233.333,188.083,45.25,320.612,22.14,10.939
Mumbai,19.076,72.8777,2025-01-31,2025,1,31,24.5,64.792,17.833,9.5,235.375,189.708,45.667,322.438,22.596,10.948
Mumbai,19.076,72.8777,2025-02-01,2025,2,1,24.092,64.458,33.083,10.8,232.917,186.958,45.958,315.054,22.36,10.957
Mumbai,19.076,72.8777,2025-02-02,2025,2,2,24.7,60.875,59.0,11.521,229.875,180.375,49.5,301.996,22.068,10.967
Mumbai,19.076,72.8777,2025-02-03,2025,2,3,24.929,64.042,39.375,10.121,228.958,181.5,47.458,304.596,21.98,10.976
Mumbai,19.076,72.8777,2025-02-04,2025,2,4,24.758,64.417,68.292,11.221,233.458,183.292,50.167,305.358,22.412,10.985
Mumbai,19.076,72.8777,2025-02-05,2025,2,5,24.792,51.75,9.333,14.842,239.167,192.833,46.333,321.808,22.96,10.994
Mumbai,19.076,72.8777,2025-02-06,2025,2,6,25.362,60.375,0.0,9.25,236.667,189.833,46.833,315.317,22.72,11.0
Mumbai,19.076,72.8777,2025-02-07,2025,2,7,26.312,68.958,0.042,6.508,237.958,191.0,46.958,315.633,22.844,11.0
Mumbai,19.076,72.8777,2025-02-08,2025,2,8,26.338,72.708,2.292,5.275,233.667,183.875,49.792,299.671,22.432,11.0
Mumbai,19.076,72.8777,2025-02-09,2025,2,9,26.696,68.625,3.333,8.588,235.583,185.417,50.167,302.346,22.616,11.0
Mumbai,19.076,72.8777,2025-02-10,2025,2,10,26.571,59.833,11.333,11.188,240.583,191.583,49.0,307.396,23.096,11.0
Mumbai,19.076,72.8777,2025-02-11,2025,2,11,25.475,62.667,0.125,11.167,246.208,198.292,47.917,322.838,23.636,11.0
Mumbai,19.076,72.8777,2025-02-12,2025,2,12,25.292,60.5,0.0,12.342,254.292,205.875,48.417,334.275,24.412,11.0
Mumbai,19.076,72.8777,2025-02-13,2025,2,13,25.646,58.292,0.0,12.162,253.75,205.208,48.542,331.917,24.36,11.0
Mumbai,19.076,72.8777,2025-02-14,2025,2,14,26.25,55.792,0.0,11.267,251.208,202.875,48.333,326.425,24.116,11.0
Mumbai,19.076,72.8777,2025-02-15,2025,2,15,26.821,52.125,0.0,10.146,255.667,206.917,48.75,331.963,24.544,11.0
Mumbai,19.076,72.8777,2025-02-16,2025,2,16,26.479,52.0,0.0,9.979,257.25,208.292,48.958,333.679,24.696,11.0
Mumbai,19.076,72.8777,2025-02-17,2025,2,17,26.133,59.417,0.0,10.817,255.083,206.25,48.833,328.608,24.488,11.0
Mumbai,19.076,72.8777,2025-02-18,2025,2,18,26.292,59.833,0.0,12.221,257.667,208.625,49.042,330.979,24.736,11.0
Mumbai,19.076,72.8777,2025-02-19,2025,2,19,26.662,57.667,4.292,11.071,256.458,207.375,49.083,328.004,24.616,11.0
Mumbai,19.076,72.8777,2025-02-20,2025,2,20,26.667,58.542,19.75,12.088,257.583,208.208,49.375,327.996,24.724,11.0
Mumbai,19.076,72.8777,2025-02-21,2025,2,21,27.579,50.375,0.542,12.692,257.75,208.125,49.625,325.967,24.74,11.0
Mumbai,19.076,72.8777,2025-02-22,2025,2,22,27.683,52.708,0.0,10.983,259.875,210.667,49.208,329.85,24.944,11.003
Mumbai,19.076,72.8777,2025-02-23,2025,2,23,27.808,55.375,0.0,8.696,264.25,214.667,49.583,335.287,25.364,11.0
Mumbai,19.076,72.8777,2025-02-24,2025,2,24,27.825,52.167,18.833,9.696,265.625,215.917,49.708,335.879,25.496,11.0
Mumbai,19.076,72.8777,2025-02-25,2025,2,25,27.996,53.375,64.0,7.846,259.792,198.917,60.875,309.979,24.936,11.0
Mumbai,19.076,72.8777,2025-02-26,2025,2,26,27.567,62.458,2.583,7.192,265.708,215.958,49.75,333.55,25.504,11.048
Mumbai,19.076,72.8777,2025-02-27,2025,2,27,27.938,61.5,2.542,8.017,265.083,215.458,49.625,331.346,25.444,11.042
Mumbai,19.076,72.8777,2025-02-28,2025,2,28,27.9,62.333,36.542,7.658,263.417,212.417,51.0,324.938,25.284,11.035
Mumbai,19.076,72.8777,2025-03-01,2025,3,1,28.092,57.542,0.125,11.333,265.708,215.125,50.583,329.017,25.504,11.097
Mumbai,19.076,72.8777,2025-03-02,2025,3,2,28.217,56.292,60.792,12.879,268.125,215.25,52.875,323.117,25.736,11.0
Mumbai,19.076,72.8777,2025-03-03,2025,3,3,28.642,52.875,76.5,14.038,262.792,197.5,65.292,289.433,25.224,10.952
Mumbai,19.076,72.8777,2025-03-04,2025,3,4,28.717,51.833,54.542,16.192,266.333,200.792,65.542,306.417,25.56,11.01
Mumbai,19.076,72.8777,2025-03-05,2025,3,5,28.238,48.25,0.0,13.162,281.417,230.292,51.125,348.862,27.008,11.207
Mumbai,19.076,72.8777,2025-03-06,2025,3,6,26.858,46.583,0.0,11.158,288.583,236.792,51.792,357.971,27.696,11.268
Mumbai,19.076,72.8777,2025-03-07,2025,3,7,27.729,47.083,0.0,10.408,286.0,234.542,51.458,353.117,27.448,11.262
Mumbai,19.076,72.8777,2025-03-08,2025,3,8,27.917,56.292,0.0,7.917,285.542,234.208,51.333,351.579,27.404,11.323
Mumbai,19.076,72.8777,2025-03-09,2025,3,9,27.946,64.417,0.0,8.471,283.458,232.208,51.25,347.012,27.204,11.316
Mumbai,19.076,72.8777,2025-03-10,2025,3,10,29.304,57.333,0.0,8.096,282.083,231.042,51.042,344.229,27.072,11.377
Mumbai,19.076,72.8777,2025-03-11,2025,3,11,29.004,65.333,0.0,8.362,280.333,229.25,51.083,340.329,26.904,11.37
Mumbai,19.076,72.8777,2025-03-12,2025,3,12,29.342,65.292,0.042,6.567,284.208,232.833,51.375,344.65,27.272,11.431
Mumbai,19.076,72.8777,2025-03-13,2025,3,13,28.725,71.833,0.125,7.583,283.708,232.125,51.583,343.312,27.224,11.491
Mumbai,19.076,72.8777,2025-03-14,2025,3,14,28.658,70.208,2.042,8.062,286.333,234.792,51.542,346.883,27.476,11.552
Mumbai,19.076,72.8777,2025-03-15,2025,3,15,28.65,63.417,10.125,10.083,277.458,222.167,55.292,324.029,26.624,11.477
Mumbai,19.076,72.8777,2025-03-16,2025,3,16,28.925,60.208,6.375,11.162,277.417,221.958,55.458,326.579,26.62,11.537
Mumbai,19.076,72.8777,2025-03-17,2025,3,17,28.492,62.583,29.417,11.917,286.5,233.208,53.292,338.958,27.492,11.597
Mumbai,19.076,72.8777,2025-03-18,2025,3,18,27.933,65.75,2.208,9.929,291.5,239.083,52.417,348.796,27.972,11.711
Mumbai,19.076,72.8777,2025-03-19,2025,3,19,27.787,65.125,0.375,9.592,291.208,238.958,52.25,346.45,27.944,11.65
Mumbai,19.076,72.8777,2025-03-20,2025,3,20,28.296,54.708,3.458,11.821,286.958,232.75,54.208,338.417,27.536,11.711
Mumbai,19.076,72.8777,2025-03-21,2025,3,21,27.654,60.333,0.0,12.038,291.792,238.792,53.0,346.8,27.996,11.754
Mumbai,19.076,72.8777,2025-03-22,2025,3,22,27.429,67.542,2.875,7.954,300.75,246.708,54.042,357.396,28.856,11.768
Mumbai,19.076,72.8777,2025-03-23,2025,3,23,28.162,74.042,1.875,7.154,294.792,241.292,53.5,348.067,28.284,11.782
Mumbai,19.076,72.8777,2025-03-24,2025,3,24,28.454,74.708,2.333,8.267,293.292,239.417,53.875,343.525,28.14,11.796
Mumbai,19.076,72.8777,2025-03-25,2025,3,25,28.554,71.208,2.167,8.6,292.417,237.042,55.375,340.292,28.056,11.81
Mumbai,19.076,72.8777,2025-03-26,2025,3,26,27.967,74.875,9.75,9.771,290.917,234.792,56.125,334.533,27.912,11.824
Mumbai,19.076,72.8777,2025-03-27,2025,3,27,27.438,74.458,11.083,9.479,282.875,221.125,61.75,315.779,27.14,11.838
Mumbai,19.076,72.8777,2025-03-28,2025,3,28,27.908,69.5,2.583,10.412,292.917,238.875,54.042,339.921,28.104,11.852
Mumbai,19.076,72.8777,2025-03-29,2025,3,29,29.504,47.958,18.708,11.717,277.333,214.083,63.25,300.138,26.612,11.865
Mumbai,19.076,72.8777,2025-03-30,2025,3,30,29.854,56.0,32.5,7.904,275.708,211.667,64.042,295.5,26.456,11.879
Mumbai,19.076,72.8777,2025-03-31,2025,3,31,29.508,64.458,31.917,7.167,271.042,206.375,64.667,283.362,26.004,11.772
Mumbai,19.076,72.8777,2025-04-01,2025,4,1,29.917,57.75,47.75,7.133,237.333,157.833,79.5,216.342,22.768,11.495
Mumbai,19.076,72.8777,2025-04-02,2025,4,2,29.304,68.625,17.042,7.55,283.208,222.125,61.083,309.692,27.168,11.92
Mumbai,19.076,72.8777,2025-04-03,2025,4,3,28.796,80.0,17.708,10.333,282.5,223.167,59.333,313.779,27.1,11.934
Mumbai,19.076,72.8777,2025-04-04,2025,4,4,28.846,80.917,17.75,7.95,264.542,192.333,72.208,261.821,25.376,11.612
Mumbai,19.076,72.8777,2025-04-05,2025,4,5,29.496,69.5,11.667,10.004,288.583,229.958,58.625,324.517,27.684,11.962
Mumbai,19.076,72.8777,2025-04-06,2025,4,6,29.283,73.875,7.667,7.992,295.458,238.167,57.292,331.983,28.344,11.976
Mumbai,19.076,72.8777,2025-04-07,2025,4,7,30.025,66.333,2.833,8.562,299.667,242.167,57.5,339.446,28.744,11.989
Mumbai,19.076,72.8777,2025-04-08,2025,4,8,30.263,63.75,3.583,9.446,290.167,227.083,63.083,316.992,27.832,12.0
Mumbai,19.076,72.8777,2025-04-09,2025,4,9,29.946,71.25,7.458,10.792,295.667,236.792,58.875,330.162,28.36,12.0
Mumbai,19.076,72.8777,2025-04-10,2025,4,10,29.879,75.667,15.292,12.583,285.167,219.5,65.667,297.025,27.352,12.0
Mumbai,19.076,72.8777,2025-04-11,2025,4,11,29.129,74.417,13.875,10.779,303.458,244.917,58.542,337.696,29.108,12.0
Mumbai,19.076,72.8777,2025-04-12,2025,4,12,28.858,74.5,18.667,10.383,293.75,228.333,65.417,311.262,28.176,12.0
Mumbai,19.076,72.8777,2025-04-13,2025,4,13,29.062,74.042,22.75,8.292,294.083,232.083,62.0,318.012,28.208,12.0
Mumbai,19.076,72.8777,2025-04-14,2025,4,14,29.879,67.333,0.833,12.425,311.917,254.667,57.25,354.333,29.916,12.0
Mumbai,19.076,72.8777,2025-04-15,2025,4,15,30.138,64.25,0.083,11.267,312.375,255.75,56.625,355.908,29.96,12.0
Mumbai,19.076,72.8777,2025-04-16,2025,4,16,29.542,72.0,1.667,9.6,307.375,249.875,57.5,345.425,29.48,12.0
Mumbai,19.076,72.8777,2025-04-17,2025,4,17,29.2,75.917,12.708,9.117,302.542,243.625,58.917,332.838,29.016,12.0
Mumbai,19.076,72.8777,2025-04-18,2025,4,18,29.362,74.667,1.542,9.033,302.625,244.583,58.042,337.217,29.024,12.0
Mumbai,19.076,72.8777,2025-04-19,2025,4,19,29.383,76.125,4.75,10.562,304.875,245.792,59.083,339.1,29.24,12.0
Mumbai,19.076,72.8777,2025-04-20,2025,4,20,29.229,74.917,3.125,9.021,308.375,249.292,59.083,344.721,29.572,12.0
Mumbai,19.076,72.8777,2025-04-21,2025,4,21,29.208,76.542,10.333,9.513,298.417,235.75,62.667,320.333,28.62,12.0
Mumbai,19.076,72.8777,2025-04-22,2025,4,22,30.158,71.542,9.625,9.513,300.208,241.292,58.917,331.588,28.788,12.0
Mumbai,19.076,72.8777,2025-04-23,2025,4,23,30.338,72.083,4.542,9.738,304.708,245.208,59.5,337.904,29.22,12.0
Mumbai,19.076,72.8777,2025-04-24,2025,4,24,29.825,74.875,5.5,10.483,305.125,245.958,59.167,338.213,29.26,12.0
Mumbai,19.076,72.8777,2025-04-25,2025,4,25,29.575,72.583,51.708,8.692,251.125,151.75,99.375,213.542,24.076,12.0
Mumbai,19.076,72.8777,2025-04-26,2025,4,26,29.662,72.625,29.958,9.129,286.75,215.5,71.25,299.675,27.492,12.0
Mumbai,19.076,72.8777,2025-04-27,2025,4,27,29.642,74.0,11.208,8.096,305.667,246.208,59.458,336.967,29.308,12.0
Mumbai,19.076,72.8777,2025-04-28,2025,4,28,29.571,77.292,11.708,10.704,299.958,239.083,60.875,320.375,28.764,12.0
Mumbai,19.076,72.8777,2025-04-29,2025,4,29,29.7,75.75,4.667,10.117,306.625,246.292,60.333,334.45,29.396,12.0
Mumbai,19.076,72.8777,2025-04-30,2025,4,30,29.8,76.542,14.333,10.479,296.75,233.0,63.75,316.146,28.448,12.0
Mumbai,19.076,72.8777,2025-05-01,2025,5,1,30.1,74.667,8.292,8.471,300.125,237.875,62.25,320.871,28.772,12.0
Mumbai,19.076,72.8777,2025-05-02,2025,5,2,30.058,70.958,0.708,8.171,312.292,251.875,60.417,345.217,29.94,12.0
Mumbai,19.076,72.8777,2025-05-03,2025,5,3,29.638,72.208,6.208,9.971,303.125,240.417,62.708,328.433,29.056,12.0
Mumbai,19.076,72.8777,2025-05-04,2025,5,4,29.621,73.542,14.208,10.742,302.75,236.0,66.75,320.25,29.02,12.0
Mumbai,19.076,72.8777,2025-05-05,2025,5,5,29.667,75.542,18.333,9.508,303.0,238.042,64.958,319.296,29.044,12.0
Mumbai,19.076,72.8777,2025-05-06,2025,5,6,29.633,73.583,23.583,10.767,292.583,226.958,65.625,301.258,28.052,12.0
Mumbai,19.076,72.8777,2025-05-07,2025,5,7,27.208,79.958,62.417,10.808,236.125,143.875,92.25,183.667,22.636,10.905
Mumbai,19.076,72.8777,2025-05-08,2025,5,8,26.675,85.708,79.458,12.896,175.125,90.583,84.542,115.333,16.776,7.069
Mumbai,19.076,72.8777,2025-05-09,2025,5,9,27.717,81.042,51.542,13.183,210.5,129.167,81.333,166.804,20.168,9.978
Mumbai,19.076,72.8777,2025-05-10,2025,5,10,28.633,78.75,19.5,9.271,264.167,197.125,67.042,263.65,25.32,12.0
Mumbai,19.076,72.8777,2025-05-11,2025,5,11,29.438,76.458,25.792,6.679,267.167,193.875,73.292,253.879,25.604,11.791
Mumbai,19.076,72.8777,2025-05-12,2025,5,12,29.358,79.0,12.875,7.9,270.542,203.583,66.958,271.275,25.928,12.0
Mumbai,19.076,72.8777,2025-05-13,2025,5,13,29.929,75.625,40.833,7.054,269.625,195.458,74.167,251.662,25.844,11.696
Mumbai,19.076,72.8777,2025-05-14,2025,5,14,30.025,75.333,75.083,7.225,231.833,144.208,87.625,182.446,22.228,10.212
Mumbai,19.076,72.8777,2025-05-15,2025,5,15,30.225,75.042,39.0,7.304,252.125,176.625,75.5,224.25,24.172,11.301
Mumbai,19.076,72.8777,2025-05-16,2025,5,16,29.775,77.583,76.25,8.775,205.208,120.417,84.792,154.221,19.672,9.899
Mumbai,19.076,72.8777,2025-05-17,2025,5,17,30.046,74.958,69.458,9.125,221.542,139.167,82.375,179.25,21.228,10.576
Mumbai,19.076,72.8777,2025-05-18,2025,5,18,30.429,70.542,75.75,8.558,261.083,171.792,89.292,227.421,25.02,11.702
Mumbai,19.076,72.8777,2025-05-19,2025,5,19,30.242,72.333,93.792,7.733,186.292,82.167,104.125,104.887,17.848,8.065
Mumbai,19.076,72.8777,2025-05-20,2025,5,20,30.463,75.458,99.375,10.004,176.958,79.25,97.708,100.667,16.968,9.036
Mumbai,19.076,72.8777,2025-05-21,2025,5,21,29.058,83.667,94.667,8.662,125.958,31.583,94.375,37.371,12.064,3.279
Mumbai,19.076,72.8777,2025-05-22,2025,5,22,28.55,85.542,99.958,7.721,86.417,11.417,75.0,14.796,8.268,0.136
Mumbai,19.076,72.8777,2025-05-23,2025,5,23,28.988,80.417,99.458,6.958,121.667,47.875,73.792,51.338,11.66,3.925
Mumbai,19.076,72.8777,2025-05-24,2025,5,24,28.633,83.917,99.958,11.521,73.708,4.625,69.083,5.933,7.064,0.0
Mumbai,19.076,72.8777,2025-05-25,2025,5,25,27.896,89.375,99.917,9.871,47.625,2.25,45.375,3.95,4.564,0.0
Mumbai,19.076,72.8777,2025-05-26,2025,5,26,27.333,90.333,97.833,14.033,77.542,18.542,59.0,20.096,7.416,1.974
Mumbai,19.076,72.8777,2025-05-27,2025,5,27,27.483,89.208,99.417,10.862,103.458,22.583,80.875,27.425,9.892,1.812
Mumbai,19.076,72.8777,2025-05-28,2025,5,28,28.208,86.708,89.333,9.825,148.917,67.375,81.542,89.667,14.252,8.786
Mumbai,19.076,72.8777,2025-05-29,2025,5,29,29.617,83.542,97.417,13.692,215.458,124.625,90.833,161.208,20.628,10.711
Mumbai,19.076,72.8777,2025-05-30,2025,5,30,30.296,80.292,59.958,18.254,245.833,160.792,85.042,216.508,23.532,12.0
Mumbai,19.076,72.8777,2025-05-31,2025,5,31,30.321,76.625,92.958,18.567,248.25,166.167,82.083,223.471,23.76,11.6
Mumbai,19.076,72.8777,2025-06-01,2025,6,1,28.554,84.458,88.125,18.988,232.083,150.458,81.625,198.267,22.216,11.511
Mumbai,19.076,72.8777,2025-06-02,2025,6,2,28.704,82.125,69.792,19.496,240.458,161.667,78.792,214.912,23.02,11.744
Mumbai,19.076,72.8777,2025-06-03,2025,6,3,28.725,82.792,69.167,18.787,215.542,136.625,78.917,172.779,20.644,10.599
Mumbai,19.076,72.8777,2025-06-04,2025,6,4,27.646,84.917,58.083,14.983,203.708,122.625,81.083,158.742,19.488,10.553
Mumbai,19.076,72.8777,2025-06-05,2025,6,5,28.475,81.375,28.625,7.663,247.542,170.708,76.833,226.329,23.7,12.0
Mumbai,19.076,72.8777,2025-06-06,2025,6,6,28.65,82.5,44.083,6.771,241.333,161.792,79.542,214.45,23.112,11.917
Mumbai,19.076,72.8777,2025-06-07,2025,6,7,28.558,84.208,56.292,7.592,210.542,117.375,93.167,154.796,20.164,10.971
Mumbai,19.076,72.8777,2025-06-08,2025,6,8,29.375,80.208,54.833,8.117,230.708,150.625,80.083,194.179,22.088,11.321
Mumbai,19.076,72.8777,2025-06-09,2025,6,9,29.808,76.333,66.5,11.642,238.5,155.458,83.042,208.838,22.824,12.026
Mumbai,19.076,72.8777,2025-06-10,2025,6,10,29.7,76.708,62.167,10.938,208.375,115.0,93.375,161.508,19.948,11.739
Mumbai,19.076,72.8777,2025-06-11,2025,6,11,29.883,79.292,83.375,11.854,211.833,117.417,94.417,164.662,20.272,11.836
Mumbai,19.076,72.8777,2025-06-12,2025,6,12,29.658,83.625,81.375,13.392,178.5,86.875,91.625,108.896,17.068,8.464
Mumbai,19.076,72.8777,2025-06-13,2025,6,13,28.579,88.208,99.583,11.162,92.667,19.167,73.5,22.779,8.868,1.979
Mumbai,19.076,72.8777,2025-06-14,2025,6,14,28.621,86.917,99.708,6.721,151.0,50.417,100.583,60.287,14.464,5.826
Mumbai,19.076,72.8777,2025-06-15,2025,6,15,28.138,88.75,98.75,7.892,157.75,66.083,91.667,75.775,15.108,5.877
Mumbai,19.076,72.8777,2025-06-16,2025,6,16,27.754,90.417,99.583,23.608,87.625,21.917,65.708,28.938,8.38,2.412
Mumbai,19.076,72.8777,2025-06-17,2025,6,17,28.129,87.25,82.917,26.992,195.75,111.0,84.75,141.321,18.744,10.036
Mumbai,19.076,72.8777,2025-06-18,2025,6,18,27.758,91.0,98.417,25.933,101.542,38.875,62.667,43.354,9.728,3.902
Mumbai,19.076,72.8777,2025-06-19,2025,6,19,27.55,90.708,96.667,21.208,98.75,32.125,66.625,41.217,9.432,3.744
Mumbai,19.076,72.8777,2025-06-20,2025,6,20,27.942,89.375,95.792,21.604,177.208,85.833,91.375,115.483,16.956,10.418
Mumbai,19.076,72.8777,2025-06-21,2025,6,21,28.062,87.833,79.708,21.633,201.167,120.5,80.667,151.55,19.236,9.996
Mumbai,19.076,72.8777,2025-06-22,2025,6,22,27.842,89.0,89.333,22.15,190.0,107.333,82.667,134.513,18.172,8.617
Mumbai,19.076,72.8777,2025-06-23,2025,6,23,27.329,90.708,95.458,22.054,136.625,63.042,73.583,86.3,13.076,8.175
Mumbai,19.076,72.8777,2025-06-24,2025,6,24,28.1,87.167,99.708,21.825,71.917,10.375,61.542,14.317,6.872,0.0
Mumbai,19.076,72.8777,2025-06-25,2025,6,25,28.425,87.083,97.833,22.396,114.458,33.375,81.083,40.308,10.928,3.152
Mumbai,19.076,72.8777,2025-06-26,2025,6,26,27.525,89.542,98.083,20.762,119.833,31.958,87.875,41.613,11.48,3.212
Mumbai,19.076,72.8777,2025-06-27,2025,6,27,27.346,89.75,86.542,22.908,128.917,50.083,78.833,63.975,12.32,6.458
Mumbai,19.076,72.8777,2025-06-28,2025,6,28,27.867,86.208,65.75,26.904,217.958,135.708,82.25,176.571,20.864,11.378
Mumbai,19.076,72.8777,2025-06-29,2025,6,29,28.208,83.875,84.333,23.6,146.75,72.167,74.583,93.392,14.02,7.126
Mumbai,19.076,72.8777,2025-06-30,2025,6,30,27.475,87.958,85.208,23.867,186.958,107.083,79.875,135.275,17.904,9.512
Mumbai,19.076,72.8777,2025-07-01,2025,7,1,27.708,87.083,96.25,21.404,141.0,45.875,95.125,57.167,13.484,6.15
Mumbai,19.076,72.8777,2025-07-02,2025,7,2,27.388,89.292,95.042,19.554,153.667,65.417,88.25,77.45,14.696,5.968
Mumbai,19.076,72.8777,2025-07-03,2025,7,3,27.088,88.833,89.25,22.521,141.75,61.958,79.792,81.962,13.552,7.39
Mumbai,19.076,72.8777,2025-07-04,2025,7,4,27.154,89.167,99.25,25.179,100.667,26.25,74.417,44.142,9.596,4.154
Mumbai,19.076,72.8777,2025-07-05,2025,7,5,27.096,90.375,99.0,23.521,120.708,39.167,81.542,55.137,11.532,4.987
Mumbai,19.076,72.8777,2025-07-06,2025,7,6,27.262,89.042,99.167,23.233,143.042,57.75,85.292,68.629,13.7,5.939
Mumbai,19.076,72.8777,2025-07-07,2025,7,7,27.667,86.833,100.0,21.463,81.125,18.917,62.208,19.892,7.76,1.832
Mumbai,19.076,72.8777,2025-07-08,2025,7,8,27.821,87.375,99.458,19.85,63.75,8.958,54.792,10.438,6.108,0.215
Mumbai,19.076,72.8777,2025-07-09,2025,7,9,27.858,86.333,96.792,17.767,121.5,23.625,97.875,27.65,11.616,1.63
Mumbai,19.076,72.8777,2025-07-10,2025,7,10,27.896,86.333,90.917,15.458,177.708,86.417,91.292,119.846,16.988,11.233
Mumbai,19.076,72.8777,2025-07-11,2025,7,11,27.346,88.458,84.5,12.604,181.542,97.625,83.917,127.646,17.36,10.006
Mumbai,19.076,72.8777,2025-07-12,2025,7,12,27.254,88.292,85.667,14.596,219.625,132.208,87.417,170.017,21.008,10.709
Mumbai,19.076,72.8777,2025-07-13,2025,7,13,27.042,88.583,99.792,15.475,164.417,67.417,97.0,83.712,15.724,8.352
Mumbai,19.076,72.8777,2025-07-14,2025,7,14,26.787,90.958,99.958,19.242,126.833,34.708,92.125,44.442,12.124,3.543
Mumbai,19.076,72.8777,2025-07-15,2025,7,15,27.058,90.375,90.208,15.038,123.792,41.5,82.292,52.329,11.828,5.004
Mumbai,19.076,72.8777,2025-07-16,2025,7,16,28.05,86.375,90.625,11.538,213.958,130.292,83.667,172.496,20.464,11.292
Mumbai,19.076,72.8777,2025-07-17,2025,7,17,28.067,84.792,99.542,9.817,174.917,73.458,101.458,95.062,16.724,8.921
Mumbai,19.076,72.8777,2025-07-18,2025,7,18,27.571,87.125,99.708,11.679,158.708,47.25,111.458,60.758,15.164,6.183
Mumbai,19.076,72.8777,2025-07-19,2025,7,19,27.492,86.625,75.458,13.421,211.167,121.875,89.292,159.308,20.188,11.021
Mumbai,19.076,72.8777,2025-07-20,2025,7,20,27.275,87.917,76.292,15.454,209.792,130.417,79.375,170.796,20.076,11.137
Mumbai,19.076,72.8777,2025-07-21,2025,7,21,26.942,89.833,99.375,13.096,164.875,66.542,98.333,91.108,15.78,8.858
Mumbai,19.076,72.8777,2025-07-22,2025,7,22,26.854,90.542,97.917,13.158,96.917,25.917,71.0,31.55,9.28,2.295
Mumbai,19.076,72.8777,2025-07-23,2025,7,23,26.425,91.583,98.417,15.908,49.458,2.958,46.5,4.017,4.728,0.0
Mumbai,19.076,72.8777,2025-07-24,2025,7,24,26.754,89.792,91.292,18.625,133.5,54.708,78.792,66.538,12.772,6.468
Mumbai,19.076,72.8777,2025-07-25,2025,7,25,26.804,91.625,98.958,20.283,88.667,29.542,59.125,40.771,8.476,3.314
Mumbai,19.076,72.8777,2025-07-26,2025,7,26,26.767,90.833,99.75,24.021,106.5,22.667,83.833,29.525,10.196,2.021
Mumbai,19.076,72.8777,2025-07-27,2025,7,27,27.213,86.792,81.167,28.25,183.375,94.375,89.0,120.192,17.552,7.97
Mumbai,19.076,72.8777,2025-07-28,2025,7,28,26.871,86.875,89.625,27.95,94.167,24.25,69.917,31.267,9.02,2.168
Mumbai,19.076,72.8777,2025-07-29,2025,7,29,27.033,87.417,99.875,26.867,154.75,57.5,97.25,66.942,14.812,5.811
Mumbai,19.076,72.8777,2025-07-30,2025,7,30,27.262,86.583,100.0,24.229,61.833,5.583,56.25,7.092,5.912,0.0
Mumbai,19.076,72.8777,2025-07-31,2025,7,31,27.463,86.458,91.792,22.521,121.25,41.625,79.625,56.05,11.58,5.501
Mumbai,19.076,72.8777,2025-08-01,2025,8,1,27.079,87.917,79.083,17.037,206.542,123.458,83.083,159.954,19.768,10.653
Mumbai,19.076,72.8777,2025-08-02,2025,8,2,26.854,89.125,98.875,13.458,186.625,103.042,83.583,138.446,17.856,10.858
Mumbai,19.076,72.8777,2025-08-03,2025,8,3,27.138,86.875,95.042,12.188,190.125,109.042,81.083,146.554,18.196,10.75
Mumbai,19.076,72.8777,2025-08-04,2025,8,4,27.267,85.833,98.958,10.279,212.792,118.875,93.917,154.033,20.368,10.487
Mumbai,19.076,72.8777,2025-08-05,2025,8,5,27.638,84.667,56.792,7.9,227.417,144.042,83.375,188.454,21.768,10.873
Mumbai,19.076,72.8777,2025-08-06,2025,8,6,27.704,83.875,72.0,7.117,192.583,112.042,80.542,151.242,18.448,11.091
Mumbai,19.076,72.8777,2025-08-07,2025,8,7,28.0,82.208,97.583,5.829,168.042,77.042,91.0,102.558,16.096,9.231
Mumbai,19.076,72.8777,2025-08-08,2025,8,8,27.471,85.292,99.833,5.708,127.208,30.958,96.25,36.012,12.18,3.127
Mumbai,19.076,72.8777,2025-08-09,2025,8,9,27.229,85.917,86.167,7.658,183.917,93.0,90.917,117.575,17.628,8.623
Mumbai,19.076,72.8777,2025-08-10,2025,8,10,26.988,86.042,97.125,9.983,167.875,85.708,82.167,108.454,16.088,7.975
Mumbai,19.076,72.8777,2025-08-11,2025,8,11,26.908,86.708,87.75,11.513,176.5,92.458,84.042,120.804,16.908,10.103
Mumbai,19.076,72.8777,2025-08-12,2025,8,12,26.846,88.042,92.583,11.429,186.0,101.417,84.583,135.483,17.82,10.55
Mumbai,19.076,72.8777,2025-08-13,2025,8,13,26.483,90.0,99.958,11.35,135.083,43.792,91.292,56.329,12.948,5.596
Mumbai,19.076,72.8777,2025-08-14,2025,8,14,26.629,89.542,99.708,11.529,90.833,32.208,58.625,43.738,8.708,3.0
Mumbai,19.076,72.8777,2025-08-15,2025,8,15,26.85,89.5,100.0,12.725,76.0,19.708,56.292,24.046,7.288,2.068
Mumbai,19.076,72.8777,2025-08-16,2025,8,16,26.433,90.75,100.0,13.5,39.25,1.625,37.625,2.962,3.756,0.0
Mumbai,19.076,72.8777,2025-08-17,2025,8,17,26.408,91.792,98.417,14.688,86.958,24.625,62.333,28.463,8.336,2.149
Mumbai,19.076,72.8777,2025-08-18,2025,8,18,26.342,92.25,99.667,21.121,48.042,4.708,43.333,5.846,4.604,0.0
Mumbai,19.076,72.8777,2025-08-19,2025,8,19,26.412,91.708,100.0,27.688,38.0,1.958,36.042,2.479,3.64,0.0
Mumbai,19.076,72.8777,2025-08-20,2025,8,20,26.383,90.958,100.0,27.208,38.125,0.917,37.208,1.188,3.652,0.0
Mumbai,19.076,72.8777,2025-08-21,2025,8,21,26.988,89.625,96.625,24.571,172.333,92.583,79.75,124.058,16.52,10.547
Mumbai,19.076,72.8777,2025-08-22,2025,8,22,26.879,89.458,90.333,21.979,196.375,107.333,89.042,136.533,18.824,9.416
Mumbai,19.076,72.8777,2025-08-23,2025,8,23,27.104,85.417,73.417,22.708,178.917,93.583,85.333,123.788,17.16,9.688
Mumbai,19.076,72.8777,2025-08-24,2025,8,24,26.746,87.292,75.958,23.396,152.167,71.208,80.958,89.383,14.588,7.432
Mumbai,19.076,72.8777,2025-08-25,2025,8,25,26.25,90.667,83.375,20.213,165.417,86.25,79.167,112.746,15.864,9.724
Mumbai,19.076,72.8777,2025-08-26,2025,8,26,26.375,90.5,83.542,15.958,151.958,78.833,73.125,104.262,14.576,9.665
Mumbai,19.076,72.8777,2025-08-27,2025,8,27,26.638,89.917,98.75,10.808,126.375,46.292,80.083,56.121,12.12,5.392
Mumbai,19.076,72.8777,2025-08-28,2025,8,28,26.958,88.458,98.25,8.575,110.625,38.5,72.125,50.729,10.612,4.783
Mumbai,19.076,72.8777,2025-08-29,2025,8,29,26.529,90.417,99.917,10.396,68.167,12.792,55.375,15.921,6.54,0.737
Mumbai,19.076,72.8777,2025-08-30,2025,8,30,26.696,90.208,93.917,13.138,132.583,63.208,69.375,87.917,12.716,8.668
Mumbai,19.076,72.8777,2025-08-31,2025,8,31,26.558,91.167,97.667,15.083,180.667,100.083,80.583,133.029,17.332,10.312
Mumbai,19.076,72.8777,2025-09-01,2025,9,1,26.412,90.625,94.0,18.079,126.292,61.167,65.125,78.15,12.116,7.395
Mumbai,19.076,72.8777,2025-09-02,2025,9,2,26.829,87.875,92.458,16.112,180.708,95.875,84.833,122.867,17.336,9.143
Mumbai,19.076,72.8777,2025-09-03,2025,9,3,26.9,86.833,98.458,12.908,179.292,92.042,87.25,120.471,17.204,9.85
Mumbai,19.076,72.8777,2025-09-04,2025,9,4,26.321,90.125,96.625,13.95,94.875,19.333,75.542,29.121,9.1,2.15
Mumbai,19.076,72.8777,2025-09-05,2025,9,5,26.642,88.458,99.333,14.625,113.167,38.625,74.542,52.508,10.86,5.02
Mumbai,19.076,72.8777,2025-09-06,2025,9,6,26.529,89.417,100.0,16.421,101.333,32.833,68.5,45.192,9.724,3.56
Mumbai,19.076,72.8777,2025-09-07,2025,9,7,26.142,89.833,98.667,17.388,67.125,5.5,61.625,7.754,6.44,0.0
Mumbai,19.076,72.8777,2025-09-08,2025,9,8,26.296,88.708,46.542,15.092,186.833,109.917,76.917,150.925,17.928,10.849
Mumbai,19.076,72.8777,2025-09-09,2025,9,9,26.846,83.208,51.333,10.533,232.958,151.292,81.667,213.271,22.356,11.906
Mumbai,19.076,72.8777,2025-09-10,2025,9,10,27.35,80.792,57.5,7.321,237.75,164.625,73.125,228.875,22.82,11.72
Mumbai,19.076,72.8777,2025-09-11,2025,9,11,27.154,82.333,81.292,6.554,229.25,154.5,74.75,206.046,22.004,10.729
Mumbai,19.076,72.8777,2025-09-12,2025,9,12,27.271,82.208,94.208,4.738,194.5,108.958,85.542,144.208,18.668,10.173
Mumbai,19.076,72.8777,2025-09-13,2025,9,13,27.029,84.917,98.625,6.304,134.333,51.25,83.083,62.279,12.896,4.334
Mumbai,19.076,72.8777,2025-09-14,2025,9,14,26.708,89.667,97.875,8.75,76.167,14.958,61.208,21.854,7.312,0.77
Mumbai,19.076,72.8777,2025-09-15,2025,9,15,26.796,89.208,99.958,9.933,79.0,25.792,53.208,36.779,7.584,3.368
Mumbai,19.076,72.8777,2025-09-16,2025,9,16,26.483,90.25,99.958,4.133,52.625,4.958,47.667,6.892,5.052,0.107
Mumbai,19.076,72.8777,2025-09-17,2025,9,17,26.633,89.292,96.042,5.871,93.208,28.083,65.125,38.608,8.948,3.401
Mumbai,19.076,72.8777,2025-09-18,2025,9,18,27.067,88.25,98.208,4.117,128.375,44.042,84.333,58.325,12.324,4.807
Mumbai,19.076,72.8777,2025-09-19,2025,9,19,26.946,88.417,94.458,7.417,114.083,39.625,74.458,57.575,10.952,4.599
Mumbai,19.076,72.8777,2025-09-20,2025,9,20,26.971,88.625,93.167,8.1,154.667,76.75,77.917,99.104,14.848,7.518
Mumbai,19.076,72.8777,2025-09-21,2025,9,21,27.133,87.792,61.042,7.604,186.333,116.667,69.667,163.592,17.888,10.908
Mumbai,19.076,72.8777,2025-09-22,2025,9,22,26.442,88.292,99.958,7.608,41.167,2.0,39.167,2.325,3.952,0.0
Mumbai,19.076,72.8777,2025-09-23,2025,9,23,26.858,83.542,88.458,7.008,112.083,41.75,70.333,66.467,10.76,6.812
Mumbai,19.076,72.8777,2025-09-24,2025,9,24,26.933,84.667,44.417,7.921,203.25,129.167,74.083,179.188,19.512,11.386
Mumbai,19.076,72.8777,2025-09-25,2025,9,25,26.933,84.917,78.333,8.279,187.042,104.083,82.958,144.067,17.956,8.93
Mumbai,19.076,72.8777,2025-09-26,2025,9,26,26.925,85.875,93.208,4.258,119.167,59.417,59.75,71.092,11.44,5.623
Mumbai,19.076,72.8777,2025-09-27,2025,9,27,26.754,84.75,100.0,11.046,83.417,15.542,67.875,18.929,8.008,1.023
Mumbai,19.076,72.8777,2025-09-28,2025,9,28,26.6,89.208,100.0,21.804,21.625,0.083,21.542,0.096,2.064,0.0
Mumbai,19.076,72.8777,2025-09-29,2025,9,29,26.7,80.125,77.958,21.229,146.5,79.792,66.708,117.521,13.892,9.617
Mumbai,19.076,72.8777,2025-09-30,2025,9,30,26.096,88.625,80.208,19.838,180.292,105.458,74.833,156.725,17.164,11.037
Mumbai,19.076,72.8777,2025-10-01,2025,10,1,26.504,88.667,76.208,19.967,193.542,127.042,66.5,175.304,18.508,10.268
Mumbai,19.076,72.8777,2025-10-02,2025,10,2,26.554,87.0,59.917,18.088,182.833,112.75,70.083,153.954,17.424,10.421
Mumbai,19.076,72.8777,2025-10-03,2025,10,3,27.196,84.25,85.333,14.562,215.667,146.042,69.625,209.346,20.56,10.795
Mumbai,19.076,72.8777,2025-10-04,2025,10,4,27.217,85.375,56.708,11.679,207.708,141.083,66.625,205.029,19.796,10.873
Mumbai,19.076,72.8777,2025-10-05,2025,10,5,27.088,81.708,58.167,10.05,211.208,144.167,67.042,212.225,20.128,11.019
Mumbai,19.076,72.8777,2025-10-06,2025,10,6,26.675,83.583,40.708,10.013,209.625,145.625,64.0,209.167,20.0,10.757
Mumbai,19.076,72.8777,2025-10-07,2025,10,7,26.838,84.208,39.667,6.708,201.833,128.917,72.917,187.35,19.252,10.656
Mumbai,19.076,72.8777,2025-10-08,2025,10,8,27.304,83.333,9.042,7.738,226.667,165.25,61.417,243.996,21.624,11.392
Mumbai,19.076,72.8777,2025-10-09,2025,10,9,28.004,80.208,32.25,7.637,240.083,183.333,56.75,273.683,22.908,11.504
Mumbai,19.076,72.8777,2025-10-10,2025,10,10,28.225,74.542,3.625,7.812,252.333,197.083,55.25,297.596,24.084,11.575
Mumbai,19.076,72.8777,2025-10-11,2025,10,11,28.254,72.292,1.625,7.954,249.333,193.917,55.417,293.542,23.8,11.51
Mumbai,19.076,72.8777,2025-10-12,2025,10,12,28.454,71.25,1.333,7.571,244.833,187.917,56.917,282.354,23.38,11.375
Mumbai,19.076,72.8777,2025-10-13,2025,10,13,28.542,70.125,1.333,8.096,253.875,201.292,52.583,306.454,24.24,11.515
Mumbai,19.076,72.8777,2025-10-14,2025,10,14,28.129,68.417,1.708,8.871,249.833,196.708,53.125,298.308,23.864,11.38
Mumbai,19.076,72.8777,2025-10-15,2025,10,15,28.562,68.958,28.083,7.242,230.833,176.667,54.167,266.537,22.068,11.107
Mumbai,19.076,72.8777,2025-10-16,2025,10,16,28.883,78.5,29.042,7.196,227.792,172.75,55.042,259.15,21.78,11.04
Mumbai,19.076,72.8777,2025-10-17,2025,10,17,29.579,75.375,19.792,8.45,226.625,172.625,54.0,265.625,21.668,11.11
Mumbai,19.076,72.8777,2025-10-18,2025,10,18,29.346,72.583,29.542,8.296,229.0,176.542,52.458,266.171,21.908,11.042
Mumbai,19.076,72.8777,2025-10-19,2025,10,19,29.342,71.625,6.708,7.663,226.042,172.417,53.625,266.725,21.612,11.112
Mumbai,19.076,72.8777,2025-10-20,2025,10,20,29.225,70.458,6.75,8.104,238.083,187.083,51.0,288.567,22.764,11.182
Mumbai,19.076,72.8777,2025-10-21,2025,10,21,28.883,73.458,62.125,7.558,205.125,142.208,62.917,224.558,19.616,10.906
Mumbai,19.076,72.8777,2025-10-22,2025,10,22,29.275,76.458,35.0,7.458,210.542,151.417,59.125,236.979,20.144,10.906
Mumbai,19.076,72.8777,2025-10-23,2025,10,23,29.75,77.25,64.125,7.908,225.125,170.583,54.542,261.312,21.552,10.86
Mumbai,19.076,72.8777,2025-10-24,2025,10,24,29.146,76.917,85.875,7.154,130.0,62.25,67.75,94.846,12.42,7.9
Mumbai,19.076,72.8777,2025-10-25,2025,10,25,28.004,82.083,97.5,8.096,121.25,47.125,74.125,63.65,11.608,4.993
Mumbai,19.076,72.8777,2025-10-26,2025,10,26,27.062,85.542,99.667,8.183,75.5,22.875,52.625,28.667,7.228,2.79
Mumbai,19.076,72.8777,2025-10-27,2025,10,27,27.371,84.083,96.083,14.688,94.875,19.708,75.167,31.121,9.064,2.408
Mumbai,19.076,72.8777,2025-10-28,2025,10,28,28.213,78.0,85.042,14.971,186.0,123.125,62.875,191.662,17.808,10.006
Mumbai,19.076,72.8777,2025-10-29,2025,10,29,28.204,77.875,92.875,11.125,190.958,125.5,65.458,191.604,18.288,10.221
Mumbai,19.076,72.8777,2025-10-30,2025,10,30,27.317,81.083,93.958,16.954,158.292,92.125,66.167,143.346,15.144,8.968
Mumbai,19.076,72.8777,2025-10-31,2025,10,31,27.117,81.792,73.083,19.65,114.792,53.125,61.667,82.896,10.98,6.683
Mumbai,19.076,72.8777,2025-11-01,2025,11,1,27.396,85.292,54.75,17.483,150.917,86.375,64.542,135.421,14.452,9.495
Mumbai,19.076,72.8777,2025-11-02,2025,11,2,27.192,84.625,56.917,15.454,161.333,96.5,64.833,154.083,15.452,10.098
Mumbai,19.076,72.8777,2025-11-03,2025,11,3,27.204,85.208,59.958,9.771,169.375,103.625,65.75,165.438,16.216,10.032
Mumbai,19.076,72.8777,2025-11-04,2025,11,4,26.521,85.792,52.958,6.796,156.375,89.5,66.875,139.221,14.968,9.42
Mumbai,19.076,72.8777,2025-11-05,2025,11,5,26.112,83.5,40.5,5.571,183.167,120.208,62.958,194.154,17.54,10.183
Mumbai,19.076,72.8777,2025-11-06,2025,11,6,26.388,79.5,43.333,7.087,193.875,138.583,55.292,219.854,18.576,10.33
Mumbai,19.076,72.8777,2025-11-07,2025,11,7,27.429,77.292,25.25,5.708,194.917,134.833,60.083,215.867,18.668,10.193
Mumbai,19.076,72.8777,2025-11-08,2025,11,8,27.108,67.375,6.458,8.079,228.25,181.292,46.958,302.004,21.864,10.795
Mumbai,19.076,72.8777,2025-11-09,2025,11,9,25.954,62.667,0.0,7.562,233.917,187.375,46.542,314.879,22.408,10.79
Mumbai,19.076,72.8777,2025-11-10,2025,11,10,25.258,67.75,0.0,5.375,230.25,183.167,47.083,308.588,22.056,10.784
Mumbai,19.076,72.8777,2025-11-11,2025,11,11,25.167,70.25,0.0,7.229,227.625,180.792,46.833,305.333,21.808,10.716
Mumbai,19.076,72.8777,2025-11-12,2025,11,12,25.692,62.375,0.0,9.838,226.667,180.125,46.542,304.65,21.716,10.651
Mumbai,19.076,72.8777,2025-11-13,2025,11,13,25.767,62.333,0.0,10.175,227.083,180.917,46.167,307.667,21.756,10.657
Mumbai,19.076,72.8777,2025-11-14,2025,11,14,25.342,62.833,0.0,8.858,228.542,182.875,45.667,312.692,21.896,10.663
Mumbai,19.076,72.8777,2025-11-15,2025,11,15,24.983,60.25,0.0,9.571,230.083,184.708,45.375,317.192,22.044,10.67
Mumbai,19.076,72.8777,2025-11-16,2025,11,16,24.583,60.042,0.0,10.979,229.542,184.25,45.292,317.654,21.992,10.673
Mumbai,19.076,72.8777,2025-11-17,2025,11,17,24.067,60.25,0.0,10.542,228.917,183.75,45.167,317.683,21.936,10.613
Mumbai,19.076,72.8777,2025-11-18,2025,11,18,23.95,59.583,0.0,10.05,230.083,185.208,44.875,321.662,22.048,10.621
Mumbai,19.076,72.8777,2025-11-19,2025,11,19,24.15,60.333,0.0,9.338,227.5,182.875,44.625,318.704,21.8,10.556
Mumbai,19.076,72.8777,2025-11-20,2025,11,20,24.454,61.625,5.958,9.183,225.125,180.708,44.417,315.354,21.572,10.491
Mumbai,19.076,72.8777,2025-11-21,2025,11,21,25.012,64.5,0.0,9.379,216.75,172.833,43.917,302.242,20.772,10.425
Mumbai,19.076,72.8777,2025-11-22,2025,11,22,26.287,67.333,2.667,7.608,210.958,166.375,44.583,289.892,20.216,10.349
Mumbai,19.076,72.8777,2025-11-23,2025,11,23,26.512,73.708,56.958,6.425,202.417,150.208,52.208,261.604,19.4,10.282
Mumbai,19.076,72.8777,2025-11-24,2025,11,24,26.796,74.708,38.208,8.258,205.042,158.125,46.917,274.004,19.648,10.215
Mumbai,19.076,72.8777,2025-11-25,2025,11,25,27.142,72.417,7.75,7.233,204.0,158.417,45.583,274.787,19.552,10.147
Mumbai,19.076,72.8777,2025-11-26,2025,11,26,26.733,76.125,5.167,7.421,203.083,156.417,46.667,271.95,19.464,10.226
Mumbai,19.076,72.8777,2025-11-27,2025,11,27,26.55,69.333,0.708,8.646,207.833,163.167,44.667,286.996,19.916,10.232
Mumbai,19.076,72.8777,2025-11-28,2025,11,28,26.192,69.125,14.083,9.5,208.958,164.792,44.167,292.488,20.024,10.176
Mumbai,19.076,72.8777,2025-11-29,2025,11,29,25.521,62.292,87.125,9.108,195.167,122.042,73.125,208.588,18.7,10.0
Mumbai,19.076,72.8777,2025-11-30,2025,11,30,24.25,58.5,53.125,9.388,209.25,155.708,53.542,274.404,20.052,10.176
Mumbai,19.076,72.8777,2025-12-01,2025,12,1,24.542,61.833,32.208,9.25,213.5,168.583,44.917,303.162,20.456,10.191
Mumbai,19.076,72.8777,2025-12-02,2025,12,2,24.592,63.042,89.167,8.017,189.625,114.208,75.417,197.733,18.168,10.0
Mumbai,19.076,72.8777,2025-12-03,2025,12,3,25.088,62.333,13.333,9.55,211.542,168.958,42.583,304.304,20.268,10.127
Mumbai,19.076,72.8777,2025-12-04,2025,12,4,25.658,61.125,0.0,11.188,207.833,164.708,43.125,297.075,19.912,10.131
Mumbai,19.076,72.8777,2025-12-05,2025,12,5,25.946,63.875,0.917,10.846,206.583,163.667,42.917,295.188,19.792,10.061
Mumbai,19.076,72.8777,2025-12-06,2025,12,6,25.867,61.417,78.0,10.612,195.708,136.917,58.792,241.05,18.752,10.062
Mumbai,19.076,72.8777,2025-12-07,2025,12,7,25.425,60.875,36.75,9.308,201.5,154.167,47.333,268.383,19.3,9.693
Mumbai,19.076,72.8777,2025-12-08,2025,12,8,25.371,58.917,0.0,9.025,210.708,169.292,41.417,308.825,20.184,10.146
Mumbai,19.076,72.8777,2025-12-09,2025,12,9,24.542,52.042,0.0,9.992,217.167,175.333,41.833,320.537,20.8,10.149
Mumbai,19.076,72.8777,2025-12-10,2025,12,10,24.042,51.792,0.0,10.138,217.0,175.208,41.792,321.225,20.784,10.152
Mumbai,19.076,72.8777,2025-12-11,2025,12,11,23.55,53.875,0.0,9.737,217.458,175.958,41.5,323.642,20.828,10.23
Mumbai,19.076,72.8777,2025-12-12,2025,12,12,23.717,58.625,0.0,8.658,214.667,173.292,41.375,318.625,20.556,10.158
Mumbai,19.076,72.8777,2025-12-13,2025,12,13,24.042,60.417,0.0,7.679,212.958,171.875,41.083,316.221,20.392,10.16
Mumbai,19.076,72.8777,2025-12-14,2025,12,14,24.012,62.0,13.667,8.454,211.5,169.958,41.542,313.454,20.252,10.162
Mumbai,19.076,72.8777,2025-12-15,2025,12,15,24.004,58.583,0.0,9.908,212.292,171.125,41.167,314.733,20.324,10.131
Mumbai,19.076,72.8777,2025-12-16,2025,12,16,23.896,59.375,0.0,10.388,211.292,170.208,41.083,313.146,20.228,10.128
Mumbai,19.076,72.8777,2025-12-17,2025,12,17,24.696,60.333,0.0,9.075,207.167,166.458,40.708,306.688,19.832,10.124
Mumbai,19.076,72.8777,2025-12-18,2025,12,18,24.625,60.292,0.0,9.025,214.0,172.917,41.083,319.208,20.48,10.196
Mumbai,19.076,72.8777,2025-12-19,2025,12,19,23.754,58.792,0.0,8.838,217.042,175.833,41.208,325.683,20.772,10.267
Mumbai,19.076,72.8777,2025-12-20,2025,12,20,23.717,56.208,23.708,9.05,217.25,176.042,41.208,325.717,20.788,10.263
Mumbai,19.076,72.8777,2025-12-21,2025,12,21,23.308,54.833,89.667,9.188,187.875,107.917,79.958,194.212,17.972,10.084
Mumbai,19.076,72.8777,2025-12-22,2025,12,22,23.575,56.0,27.125,9.088,213.542,172.542,41.0,318.812,20.432,10.254
Mumbai,19.076,72.8777,2025-12-23,2025,12,23,23.838,59.875,33.792,9.221,210.583,168.0,42.583,308.108,20.144,10.175
Mumbai,19.076,72.8777,2025-12-24,2025,12,24,23.908,58.208,68.5,9.554,207.833,160.083,47.75,291.662,19.876,10.245
Mumbai,19.076,72.8777,2025-12-25,2025,12,25,23.888,59.083,3.75,8.917,211.125,170.292,40.833,314.292,20.192,10.316
Mumbai,19.076,72.8777,2025-12-26,2025,12,26,24.108,59.792,0.0,7.762,209.792,168.958,40.833,311.992,20.06,10.386
Mumbai,19.076,72.8777,2025-12-27,2025,12,27,23.971,62.667,0.0,8.812,210.042,169.0,41.042,311.762,20.08,10.381
Mumbai,19.076,72.8777,2025-12-28,2025,12,28,23.992,60.458,0.0,8.371,211.25,170.25,41.0,314.242,20.192,10.451
Mumbai,19.076,72.8777,2025-12-29,2025,12,29,23.904,60.125,0.0,9.029,212.75,171.833,40.917,316.7,20.332,10.446
Mumbai,19.076,72.8777,2025-12-30,2025,12,30,24.017,62.375,0.417,8.017,212.25,171.125,41.125,314.875,20.28,10.44
Mumbai,19.076,72.8777,2025-12-31,2025,12,31,23.092,73.625,2.958,5.604,207.833,165.375,42.458,301.612,19.856,10.435
Pune,18.5204,73.8567,2023-01-01,2023,1,1,22.046,58.542,16.208,4.633,216.708,175.833,40.875,320.717,20.716,10.446
Pune,18.5204,73.8567,2023-01-02,2023,1,2,21.296,63.208,0.0,6.6,215.375,173.958,41.417,316.846,20.584,10.515
Pune,18.5204,73.8567,2023-01-03,2023,1,3,22.217,65.875,19.917,7.138,207.417,163.417,44.0,296.492,19.824,10.435
Pune,18.5204,73.8567,2023-01-04,2023,1,4,21.954,68.417,42.042,5.888,180.75,130.125,50.625,229.229,17.28,10.207
Pune,18.5204,73.8567,2023-01-05,2023,1,5,22.242,67.917,48.958,8.333,170.292,117.333,52.958,200.288,16.296,8.0
Pune,18.5204,73.8567,2023-01-06,2023,1,6,22.733,67.958,24.083,9.975,183.458,135.875,47.583,240.504,17.544,9.987
Pune,18.5204,73.8567,2023-01-07,2023,1,7,22.346,72.833,20.75,10.608,169.708,113.5,56.208,197.788,16.216,9.638
Pune,18.5204,73.8567,2023-01-08,2023,1,8,21.192,65.208,2.375,8.108,208.667,162.0,46.667,290.3,19.916,10.669
Pune,18.5204,73.8567,2023-01-09,2023,1,9,20.025,54.208,0.0,8.088,226.833,185.5,41.333,335.392,21.648,10.679
Pune,18.5204,73.8567,2023-01-10,2023,1,10,20.029,51.625,0.0,8.979,228.333,187.167,41.167,338.292,21.788,10.69
Pune,18.5204,73.8567,2023-01-11,2023,1,11,20.883,51.5,0.0,7.054,227.917,186.917,41.0,336.946,21.744,10.701
Pune,18.5204,73.8567,2023-01-12,2023,1,12,21.6,49.625,0.0,5.308,231.5,190.208,41.292,342.554,22.08,10.712
Pune,18.5204,73.8567,2023-01-13,2023,1,13,20.379,65.667,2.5,7.208,227.708,185.625,42.083,331.488,21.716,10.723
Pune,18.5204,73.8567,2023-01-14,2023,1,14,20.037,66.167,15.083,6.279,229.083,187.333,41.75,335.196,21.84,10.733
Pune,18.5204,73.8567,2023-01-15,2023,1,15,20.554,65.875,17.542,7.296,228.375,186.083,42.292,331.963,21.768,10.744
Pune,18.5204,73.8567,2023-01-16,2023,1,16,21.717,57.333,0.0,5.771,232.542,191.0,41.542,339.537,22.156,10.754
Pune,18.5204,73.8567,2023-01-17,2023,1,17,21.996,53.583,0.0,5.217,232.292,190.667,41.625,338.933,22.132,10.765
Pune,18.5204,73.8567,2023-01-18,2023,1,18,22.975,48.917,0.0,4.208,232.875,190.875,42.0,338.15,22.18,10.775
Pune,18.5204,73.8567,2023-01-19,2023,1,19,23.079,51.708,0.0,6.104,230.5,188.292,42.208,331.975,21.952,10.785
Pune,18.5204,73.8567,2023-01-20,2023,1,20,23.071,53.167,0.0,5.771,229.458,186.875,42.583,328.096,21.848,10.795
Pune,18.5204,73.8567,2023-01-21,2023,1,21,22.554,54.167,0.458,4.983,229.583,186.625,42.958,326.875,21.86,10.805
Pune,18.5204,73.8567,2023-01-22,2023,1,22,21.571,59.333,0.458,6.375,229.25,185.708,43.542,324.104,21.82,10.816
Pune,18.5204,73.8567,2023-01-23,2023,1,23,21.071,61.792,0.25,5.988,229.917,185.708,44.208,322.521,21.88,10.826
Pune,18.5204,73.8567,2023-01-24,2023,1,24,20.975,65.458,0.875,6.633,221.0,173.417,47.583,299.213,21.032,10.836
Pune,18.5204,73.8567,2023-01-25,2023,1,25,21.729,63.083,9.75,5.425,210.375,160.583,49.792,269.879,20.024,10.846
Pune,18.5204,73.8567,2023-01-26,2023,1,26,22.733,65.625,21.083,6.779,190.625,139.458,51.167,232.737,18.132,10.856
Pune,18.5204,73.8567,2023-01-27,2023,1,27,23.671,60.5,30.25,8.829,228.25,182.917,45.333,305.354,21.732,10.866
Pune,18.5204,73.8567,2023-01-28,2023,1,28,22.854,51.375,0.667,7.996,239.125,195.083,44.042,334.025,22.732,10.876
Pune,18.5204,73.8567,2023-01-29,2023,1,29,22.754,70.875,20.792,7.2,232.042,187.0,45.042,315.479,22.072,10.886
Pune,18.5204,73.8567,2023-01-30,2023,1,30,22.879,75.125,50.958,4.817,214.667,162.958,51.708,259.517,20.4,9.947
Pune,18.5204,73.8567,2023-01-31,2023,1,31,22.537,66.375,20.167,8.908,212.125,158.083,54.042,264.012,20.184,10.905
Pune,18.5204,73.8567,2023-02-01,2023,2,1,22.379,65.708,17.958,10.079,180.333,123.417,56.917,216.054,17.104,10.915
Pune,18.5204,73.8567,2023-02-02,2023,2,2,22.812,61.083,9.833,10.3,229.25,179.5,49.75,301.004,21.764,10.924
Pune,18.5204,73.8567,2023-02-03,2023,2,3,22.138,52.5,41.167,8.188,244.042,197.875,46.167,330.354,23.168,10.933
Pune,18.5204,73.8567,2023-02-04,2023,2,4,22.617,51.458,4.375,6.029,247.625,201.792,45.833,336.762,23.772,10.942
Pune,18.5204,73.8567,2023-02-05,2023,2,5,23.092,50.958,1.083,7.212,248.083,202.042,46.042,335.746,23.816,10.951
Pune,18.5204,73.8567,2023-02-06,2023,2,6,23.925,50.875,5.5,6.367,248.958,202.833,46.125,335.925,23.9,10.959
Pune,18.5204,73.8567,2023-02-07,2023,2,7,23.438,50.667,44.917,4.908,252.75,206.042,46.708,340.612,24.264,10.968
Pune,18.5204,73.8567,2023-02-08,2023,2,8,23.463,51.875,69.292,6.983,251.833,204.5,47.333,336.871,24.176,10.976
Pune,18.5204,73.8567,2023-02-09,2023,2,9,23.992,47.708,33.292,6.967,255.25,207.917,47.333,340.963,24.504,10.984
Pune,18.5204,73.8567,2023-02-10,2023,2,10,24.579,44.667,1.417,5.975,255.958,208.75,47.208,341.3,24.572,10.992
Pune,18.5204,73.8567,2023-02-11,2023,2,11,24.446,42.125,0.0,6.375,258.25,210.667,47.583,343.65,24.792,11.0
Pune,18.5204,73.8567,2023-02-12,2023,2,12,23.883,42.708,0.0,8.575,260.0,212.042,47.958,344.371,24.96,11.0
Pune,18.5204,73.8567,2023-02-13,2023,2,13,23.312,41.583,0.0,10.288,261.958,213.708,48.25,345.558,25.148,11.0
Pune,18.5204,73.8567,2023-02-14,2023,2,14,22.879,40.667,0.0,9.242,264.792,216.125,48.667,348.033,25.42,11.0
Pune,18.5204,73.8567,2023-02-15,2023,2,15,23.475,38.167,0.0,9.625,266.042,217.167,48.875,348.996,25.54,11.012
Pune,18.5204,73.8567,2023-02-16,2023,2,16,24.642,35.417,0.0,10.721,267.042,218.0,49.042,348.979,25.636,11.008
Pune,18.5204,73.8567,2023-02-17,2023,2,17,24.904,36.292,0.0,10.55,267.292,218.333,48.958,348.171,25.66,11.003
Pune,18.5204,73.8567,2023-02-18,2023,2,18,24.146,37.5,0.0,10.225,271.625,222.25,49.375,353.054,26.076,11.0
Pune,18.5204,73.8567,2023-02-19,2023,2,19,24.112,39.542,0.0,10.329,271.583,222.25,49.333,352.213,26.072,11.061
Pune,18.5204,73.8567,2023-02-20,2023,2,20,25.183,42.625,0.0,6.821,269.042,219.958,49.083,346.579,25.828,11.056
Pune,18.5204,73.8567,2023-02-21,2023,2,21,25.667,46.875,3.542,5.554,271.0,221.583,49.417,347.767,26.016,11.05
Pune,18.5204,73.8567,2023-02-22,2023,2,22,25.117,45.667,24.875,6.167,267.917,209.542,58.375,332.042,25.72,11.045
Pune,18.5204,73.8567,2023-02-23,2023,2,23,25.229,45.0,0.0,6.942,273.458,223.917,49.542,349.554,26.252,11.108
Pune,18.5204,73.8567,2023-02-24,2023,2,24,25.321,40.417,0.0,7.462,275.0,225.333,49.667,350.45,26.4,11.102
Pune,18.5204,73.8567,2023-02-25,2023,2,25,25.479,38.5,2.75,7.421,275.75,226.042,49.708,350.758,26.472,11.165
Pune,18.5204,73.8567,2023-02-26,2023,2,26,25.275,41.667,0.0,7.479,275.75,225.833,49.917,348.975,26.468,11.159
Pune,18.5204,73.8567,2023-02-27,2023,2,27,25.392,41.792,1.583,8.45,274.75,224.875,49.875,345.862,26.372,11.153
Pune,18.5204,73.8567,2023-02-28,2023,2,28,26.029,39.208,10.625,5.729,270.917,218.167,52.75,328.892,26.004,11.147
Pune,18.5204,73.8567,2023-03-01,2023,3,1,25.671,40.0,14.292,4.879,277.75,227.292,50.458,346.562,26.66,11.209
Pune,18.5204,73.8567,2023-03-02,2023,3,2,25.846,43.875,0.375,7.267,274.167,222.5,51.667,335.671,26.316,11.271
Pune,18.5204,73.8567,2023-03-03,2023,3,3,25.988,43.333,1.875,7.238,270.375,215.417,54.958,324.325,25.952,11.264
Pune,18.5204,73.8567,2023-03-04,2023,3,4,26.742,43.708,32.208,5.888,266.542,213.917,52.625,313.7,25.584,11.19
Pune,18.5204,73.8567,2023-03-05,2023,3,5,26.533,47.417,15.458,6.029,265.167,211.417,53.75,315.921,25.452,11.319
Pune,18.5204,73.8567,2023-03-06,2023,3,6,25.762,46.042,20.25,8.442,240.542,180.792,59.75,265.192,23.088,11.312
Pune,18.5204,73.8567,2023-03-07,2023,3,7,22.979,60.875,37.625,8.167,242.333,170.708,71.625,256.592,23.26,11.102
Pune,18.5204,73.8567,2023-03-08,2023,3,8,23.983,53.958,29.917,6.904,248.542,190.083,58.458,286.362,23.856,11.366
Pune,18.5204,73.8567,2023-03-09,2023,3,9,25.262,48.125,41.875,7.738,230.833,164.208,66.625,238.562,22.156,11.224
Pune,18.5204,73.8567,2023-03-10,2023,3,10,25.738,46.083,27.042,7.071,252.25,192.042,60.208,285.029,24.212,11.284
Pune,18.5204,73.8567,2023-03-11,2023,3,11,25.975,44.958,31.375,7.896,227.708,155.292,72.417,221.767,21.856,11.21
Pune,18.5204,73.8567,2023-03-12,2023,3,12,26.421,47.5,48.25,8.088,219.292,151.042,68.25,220.879,21.048,11.473
Pune,18.5204,73.8567,2023-03-13,2023,3,13,26.467,47.458,59.042,7.312,208.583,126.875,81.708,177.404,20.02,9.674
Pune,18.5204,73.8567,2023-03-14,2023,3,14,26.917,49.125,58.0,5.654,238.208,167.625,70.583,237.571,22.864,11.07
Pune,18.5204,73.8567,2023-03-15,2023,3,15,26.037,50.167,76.083,6.533,183.0,74.5,108.5,119.458,17.564,10.935
Pune,18.5204,73.8567,2023-03-16,2023,3,16,23.875,68.667,48.667,5.329,216.625,144.083,72.542,208.221,20.788,11.377
Pune,18.5204,73.8567,2023-03-17,2023,3,17,23.638,69.417,59.0,6.333,219.875,144.458,75.417,208.029,21.1,11.0
Pune,18.5204,73.8567,2023-03-18,2023,3,18,24.208,68.667,20.208,6.112,238.875,175.333,63.542,260.5,22.924,11.633
Pune,18.5204,73.8567,2023-03-19,2023,3,19,23.608,65.583,32.417,8.717,270.583,205.792,64.792,285.9,25.968,10.555
Pune,18.5204,73.8567,2023-03-20,2023,3,20,23.125,67.375,13.75,9.283,282.042,219.125,62.917,309.267,27.068,11.62
Pune,18.5204,73.8567,2023-03-21,2023,3,21,22.858,70.0,20.875,9.688,226.167,163.792,62.375,249.438,21.704,11.795
Pune,18.5204,73.8567,2023-03-22,2023,3,22,23.967,64.708,20.5,8.7,278.708,220.542,58.167,317.596,26.748,11.809
Pune,18.5204,73.8567,2023-03-23,2023,3,23,24.088,68.25,21.125,9.262,280.042,219.667,60.375,314.204,26.876,11.822
Pune,18.5204,73.8567,2023-03-24,2023,3,24,24.658,61.5,4.333,9.775,291.917,234.833,57.083,335.112,28.012,11.836
Pune,18.5204,73.8567,2023-03-25,2023,3,25,24.463,56.875,0.125,8.258,306.375,252.917,53.458,363.946,29.4,11.85
Pune,18.5204,73.8567,2023-03-26,2023,3,26,24.054,55.333,0.0,8.321,309.417,255.75,53.667,367.354,29.692,11.864
Pune,18.5204,73.8567,2023-03-27,2023,3,27,24.508,62.583,50.458,6.871,311.083,256.5,54.583,367.188,29.852,11.878
Pune,18.5204,73.8567,2023-03-28,2023,3,28,25.204,61.292,43.75,6.762,303.25,246.375,56.875,337.167,29.1,11.0
Pune,18.5204,73.8567,2023-03-29,2023,3,29,25.646,60.125,10.875,7.688,309.458,255.583,53.875,364.733,29.696,11.906
Pune,18.5204,73.8567,2023-03-30,2023,3,30,24.129,67.75,20.208,9.542,296.708,235.542,61.167,324.296,28.472,11.89
Pune,18.5204,73.8567,2023-03-31,2023,3,31,24.675,70.708,30.917,10.3,261.5,195.583,65.917,271.167,25.092,11.934
Pune,18.5204,73.8567,2023-04-01,2023,4,1,25.279,57.792,21.708,8.025,315.792,260.792,55.0,369.162,30.304,11.948
Pune,18.5204,73.8567,2023-04-02,2023,4,2,25.071,66.75,17.333,7.375,306.208,247.958,58.25,338.842,29.384,11.736
Pune,18.5204,73.8567,2023-04-03,2023,4,3,25.346,67.125,22.792,7.246,306.833,248.083,58.75,337.054,29.444,11.865
Pune,18.5204,73.8567,2023-04-04,2023,4,4,27.096,64.958,28.208,6.054,282.875,226.833,56.042,310.25,27.144,11.989
Pune,18.5204,73.8567,2023-04-05,2023,4,5,27.6,61.917,32.625,6.163,272.833,210.25,62.583,285.442,26.18,11.848
Pune,18.5204,73.8567,2023-04-06,2023,4,6,28.204,55.5,35.5,5.462,245.125,167.583,77.542,231.013,23.52,12.0
Pune,18.5204,73.8567,2023-04-07,2023,4,7,27.271,56.208,36.792,8.479,230.708,163.583,67.125,232.617,22.136,12.0
Pune,18.5204,73.8567,2023-04-08,2023,4,8,26.383,67.083,37.0,7.992,230.125,160.458,69.667,218.404,22.08,11.882
Pune,18.5204,73.8567,2023-04-09,2023,4,9,26.729,66.875,27.208,5.471,253.333,189.417,63.917,258.054,24.308,12.0
Pune,18.5204,73.8567,2023-04-10,2023,4,10,27.933,59.917,26.375,7.146,272.167,212.125,60.042,293.508,26.116,12.0
Pune,18.5204,73.8567,2023-04-11,2023,4,11,28.65,55.292,21.542,7.663,268.708,205.125,63.583,283.925,25.784,12.0
Pune,18.5204,73.8567,2023-04-12,2023,4,12,29.625,52.333,23.25,5.908,264.875,197.875,67.0,272.433,25.412,11.877
Pune,18.5204,73.8567,2023-04-13,2023,4,13,29.5,47.958,88.167,6.204,245.375,140.375,105.0,186.642,23.544,10.572
Pune,18.5204,73.8567,2023-04-14,2023,4,14,29.221,50.208,84.625,5.442,255.667,164.75,90.917,229.729,24.532,11.247
Pune,18.5204,73.8567,2023-04-15,2023,4,15,28.033,55.125,34.0,6.212,269.375,208.833,60.542,285.604,25.844,12.0
Pune,18.5204,73.8567,2023-04-16,2023,4,16,27.971,57.833,16.792,5.621,278.0,212.458,65.542,295.658,26.676,12.0
Pune,18.5204,73.8567,2023-04-17,2023,4,17,28.717,56.792,33.375,5.112,262.167,192.958,69.208,261.762,25.148,11.989
Pune,18.5204,73.8567,2023-04-18,2023,4,18,29.904,52.792,37.333,6.6,267.458,196.208,71.25,266.171,25.66,12.0
Pune,18.5204,73.8567,2023-04-19,2023,4,19,30.021,48.25,15.167,7.804,281.458,217.333,64.125,297.146,27.0,12.0
Pune,18.5204,73.8567,2023-04-20,2023,4,20,28.821,57.667,20.458,7.158,275.458,206.25,69.208,289.796,26.424,12.0
Pune,18.5204,73.8567,2023-04-21,2023,4,21,27.533,52.083,2.542,8.267,304.792,245.583,59.208,342.45,29.236,12.0
Pune,18.5204,73.8567,2023-04-22,2023,4,22,26.521,55.792,1.583,9.942,312.542,254.958,57.583,353.438,29.98,12.0
Pune,18.5204,73.8567,2023-04-23,2023,4,23,26.454,63.917,21.042,8.829,282.375,218.958,63.417,297.321,27.088,12.0
Pune,18.5204,73.8567,2023-04-24,2023,4,24,28.2,59.792,52.417,6.154,275.083,199.125,75.958,259.771,26.388,11.627
Pune,18.5204,73.8567,2023-04-25,2023,4,25,28.562,62.417,41.042,7.292,279.917,214.708,65.208,289.45,26.856,12.0
Pune,18.5204,73.8567,2023-04-26,2023,4,26,27.646,66.417,60.583,9.55,277.208,199.167,78.042,267.883,26.588,12.0
Pune,18.5204,73.8567,2023-04-27,2023,4,27,27.792,64.5,34.458,6.413,271.0,204.125,66.875,280.058,25.992,12.0
Pune,18.5204,73.8567,2023-04-28,2023,4,28,27.104,68.667,17.917,7.046,255.958,183.292,72.667,259.808,24.548,12.0
Pune,18.5204,73.8567,2023-04-29,2023,4,29,27.204,65.125,14.167,6.833,276.542,211.583,64.958,292.167,26.524,12.0
Pune,18.5204,73.8567,2023-04-30,2023,4,30,26.317,65.75,9.667,9.158,291.458,227.083,64.375,305.392,27.952,12.0
Pune,18.5204,73.8567,2023-05-01,2023,5,1,26.308,62.292,15.833,8.162,315.125,256.583,58.542,347.596,30.224,12.0
Pune,18.5204,73.8567,2023-05-02,2023,5,2,26.358,65.208,25.667,7.312,267.125,197.125,70.0,271.367,25.616,12.0
Pune,18.5204,73.8567,2023-05-03,2023,5,3,26.675,66.292,28.375,7.854,260.0,192.292,67.708,265.5,24.936,12.0
Pune,18.5204,73.8567,2023-05-04,2023,5,4,26.279,68.583,39.5,6.192,240.708,172.375,68.333,240.308,23.084,12.0
Pune,18.5204,73.8567,2023-05-05,2023,5,5,27.017,69.292,38.333,6.583,232.5,160.708,71.792,231.596,22.296,12.0
Pune,18.5204,73.8567,2023-05-06,2023,5,6,27.375,72.375,44.25,6.775,256.125,186.208,69.917,258.392,24.564,12.0
Pune,18.5204,73.8567,2023-05-07,2023,5,7,26.883,79.458,57.375,8.133,216.083,141.375,74.708,183.071,20.728,9.78
Pune,18.5204,73.8567,2023-05-08,2023,5,8,27.492,80.042,87.583,7.175,152.208,65.708,86.5,86.658,14.592,6.866
Pune,18.5204,73.8567,2023-05-09,2023,5,9,27.846,78.75,99.417,5.742,222.125,136.625,85.5,174.4,21.308,10.0
Pune,18.5204,73.8567,2023-05-10,2023,5,10,30.092,67.917,85.208,6.133,272.583,201.542,71.042,261.338,26.144,11.791
Pune,18.5204,73.8567,2023-05-11,2023,5,11,30.429,64.917,67.083,7.158,290.458,223.458,67.0,307.963,27.844,12.0
Pune,18.5204,73.8567,2023-05-12,2023,5,12,30.079,66.833,27.25,10.021,292.0,229.875,62.125,306.767,27.996,12.0
Pune,18.5204,73.8567,2023-05-13,2023,5,13,29.508,66.625,21.042,12.379,288.375,225.167,63.208,306.058,27.652,12.0
Pune,18.5204,73.8567,2023-05-14,2023,5,14,28.679,63.417,30.083,13.358,315.708,254.875,60.833,346.771,30.264,12.0
Pune,18.5204,73.8567,2023-05-15,2023,5,15,28.471,70.0,23.292,13.062,299.667,231.917,67.75,311.142,28.728,12.0
Pune,18.5204,73.8567,2023-05-16,2023,5,16,28.283,69.25,21.583,12.217,299.167,235.833,63.333,314.175,28.676,12.0
Pune,18.5204,73.8567,2023-05-17,2023,5,17,28.862,65.25,16.417,10.062,306.292,245.167,61.125,327.833,29.364,12.0
Pune,18.5204,73.8567,2023-05-18,2023,5,18,29.154,66.958,27.375,9.608,283.333,213.583,69.75,285.729,27.16,12.0
Pune,18.5204,73.8567,2023-05-19,2023,5,19,29.679,64.375,8.708,9.558,303.083,241.5,61.583,324.575,29.048,12.0
Pune,18.5204,73.8567,2023-05-20,2023,5,20,29.504,64.208,23.333,9.917,308.917,246.917,62.0,334.646,29.608,12.0
Pune,18.5204,73.8567,2023-05-21,2023,5,21,29.129,67.083,25.333,10.383,277.917,208.208,69.708,277.717,26.632,12.0
Pune,18.5204,73.8567,2023-05-22,2023,5,22,29.429,64.5,18.708,8.833,295.917,231.25,64.667,310.754,28.36,12.0
Pune,18.5204,73.8567,2023-05-23,2023,5,23,29.512,62.083,21.042,8.158,274.333,206.417,67.917,279.658,26.292,12.0
Pune,18.5204,73.8567,2023-05-24,2023,5,24,28.983,66.833,16.375,11.817,276.583,209.25,67.333,285.492,26.504,12.0
Pune,18.5204,73.8567,2023-05-25,2023,5,25,28.454,67.708,11.917,14.4,289.542,219.917,69.625,297.146,27.74,12.027
Pune,18.5204,73.8567,2023-05-26,2023,5,26,27.983,75.375,46.583,14.588,255.083,184.583,70.5,242.096,24.444,12.0
Pune,18.5204,73.8567,2023-05-27,2023,5,27,27.992,70.875,21.625,13.338,254.333,174.792,79.542,234.142,24.364,12.0
Pune,18.5204,73.8567,2023-05-28,2023,5,28,28.867,68.167,27.0,12.354,293.875,228.833,65.042,309.942,28.152,12.018
Pune,18.5204,73.8567,2023-05-29,2023,5,29,29.308,66.5,18.708,8.442,288.042,225.542,62.5,300.754,27.596,12.016
Pune,18.5204,73.8567,2023-05-30,2023,5,30,29.783,66.667,23.667,7.887,266.667,199.125,67.542,271.454,25.548,12.0
Pune,18.5204,73.8567,2023-05-31,2023,5,31,30.121,64.875,47.958,7.933,283.833,214.167,69.667,286.225,27.188,12.0
Pune,18.5204,73.8567,2023-06-01,2023,6,1,29.483,65.167,23.167,9.9,288.75,222.958,65.792,302.779,27.664,12.007
Pune,18.5204,73.8567,2023-06-02,2023,6,2,28.912,66.833,11.583,12.7,300.208,236.333,63.875,316.867,28.756,12.004
Pune,18.5204,73.8567,2023-06-03,2023,6,3,29.283,70.0,24.5,12.592,278.292,206.667,71.625,275.642,26.664,12.0
Pune,18.5204,73.8567,2023-06-04,2023,6,4,28.004,76.875,32.667,11.496,250.5,165.792,84.708,234.312,23.984,12.0
Pune,18.5204,73.8567,2023-06-05,2023,6,5,28.221,75.417,37.542,11.996,270.0,195.583,74.417,265.383,25.86,12.0
Pune,18.5204,73.8567,2023-06-06,2023,6,6,28.963,70.833,22.917,11.917,254.208,169.958,84.25,235.846,24.336,12.067
Pune,18.5204,73.8567,2023-06-07,2023,6,7,29.096,70.25,36.25,12.417,276.75,203.458,73.292,270.787,26.508,12.0
Pune,18.5204,73.8567,2023-06-08,2023,6,8,28.942,72.208,66.5,11.15,258.708,184.708,74.0,236.763,24.78,11.988
Pune,18.5204,73.8567,2023-06-09,2023,6,9,29.125,70.208,31.792,11.396,243.083,165.5,77.583,225.883,23.276,12.0
Pune,18.5204,73.8567,2023-06-10,2023,6,10,29.317,68.583,37.25,13.967,247.667,171.75,75.917,224.121,23.728,11.484
Pune,18.5204,73.8567,2023-06-11,2023,6,11,28.8,67.708,31.292,13.667,252.375,184.333,68.042,253.429,24.152,12.055
Pune,18.5204,73.8567,2023-06-12,2023,6,12,28.604,68.792,24.375,16.638,245.5,174.583,70.917,229.475,23.5,11.445
Pune,18.5204,73.8567,2023-06-13,2023,6,13,28.004,74.542,47.458,19.0,225.625,149.708,75.917,204.725,21.588,12.05
Pune,18.5204,73.8567,2023-06-14,2023,6,14,27.129,81.625,57.667,18.8,212.292,139.417,72.875,183.45,20.32,10.12
Pune,18.5204,73.8567,2023-06-15,2023,6,15,28.258,72.958,49.542,19.579,247.417,176.0,71.417,236.038,23.684,11.689
Pune,18.5204,73.8567,2023-06-16,2023,6,16,27.238,79.25,56.375,21.821,248.792,171.583,77.208,226.079,23.828,11.341
Pune,18.5204,73.8567,2023-06-17,2023,6,17,27.921,77.75,59.417,18.125,233.542,159.375,74.167,210.696,22.344,11.27
Pune,18.5204,73.8567,2023-06-18,2023,6,18,27.617,79.542,67.833,16.942,214.417,132.458,81.958,180.212,20.52,11.809
Pune,18.5204,73.8567,2023-06-19,2023,6,19,27.921,76.0,81.417,15.204,237.917,153.917,84.0,208.375,22.768,11.698
Pune,18.5204,73.8567,2023-06-20,2023,6,20,27.65,77.25,80.458,13.458,221.875,138.375,83.5,193.542,21.236,11.888
Pune,18.5204,73.8567,2023-06-21,2023,6,21,28.071,74.5,79.0,13.579,260.083,183.792,76.292,244.65,24.892,12.033
Pune,18.5204,73.8567,2023-06-22,2023,6,22,28.458,72.625,83.792,13.208,255.333,181.667,73.667,238.879,24.436,11.281
Pune,18.5204,73.8567,2023-06-23,2023,6,23,27.721,77.875,83.708,12.846,214.25,131.25,83.0,169.542,20.512,10.828
Pune,18.5204,73.8567,2023-06-24,2023,6,24,25.775,87.875,98.792,11.067,141.417,63.417,78.0,75.096,13.544,6.399
Pune,18.5204,73.8567,2023-06-25,2023,6,25,24.708,92.208,99.75,10.492,53.292,4.958,48.333,6.708,5.104,0.034
Pune,18.5204,73.8567,2023-06-26,2023,6,26,24.95,91.208,99.75,13.921,64.958,11.333,53.625,14.15,6.22,0.001
Pune,18.5204,73.8567,2023-06-27,2023,6,27,24.246,95.667,99.917,13.742,42.792,4.583,38.208,4.929,4.096,0.0
Pune,18.5204,73.8567,2023-06-28,2023,6,28,24.121,95.708,100.0,14.425,59.917,10.75,49.167,11.671,5.736,0.538
Pune,18.5204,73.8567,2023-06-29,2023,6,29,24.138,93.75,100.0,16.05,44.792,0.625,44.167,0.658,4.288,0.0
Pune,18.5204,73.8567,2023-06-30,2023,6,30,24.267,93.083,100.0,16.879,52.417,4.042,48.375,4.238,5.02,0.0
Pune,18.5204,73.8567,2023-07-01,2023,7,1,24.475,94.125,99.625,15.525,99.333,28.458,70.875,35.946,9.504,3.402
Pune,18.5204,73.8567,2023-07-02,2023,7,2,24.783,94.667,98.125,13.4,91.25,28.167,63.083,32.925,8.728,2.875
Pune,18.5204,73.8567,2023-07-03,2023,7,3,25.817,90.0,97.542,11.608,165.458,83.708,81.75,103.988,15.848,9.139
Pune,18.5204,73.8567,2023-07-04,2023,7,4,25.862,89.417,96.792,9.942,129.125,50.792,78.333,65.283,12.368,6.184
Pune,18.5204,73.8567,2023-07-05,2023,7,5,25.167,90.833,99.958,9.838,99.833,17.042,82.792,21.408,9.572,0.835
Pune,18.5204,73.8567,2023-07-06,2023,7,6,24.275,92.667,100.0,13.529,44.5,4.958,39.542,5.883,4.256,0.0
Pune,18.5204,73.8567,2023-07-07,2023,7,7,24.708,91.75,100.0,17.325,50.875,10.375,40.5,13.204,4.852,0.048
Pune,18.5204,73.8567,2023-07-08,2023,7,8,25.158,90.917,87.208,18.346,154.792,82.542,72.25,107.121,14.812,8.388
Pune,18.5204,73.8567,2023-07-09,2023,7,9,25.517,88.583,93.625,17.338,182.375,97.208,85.167,122.067,17.468,9.897
Pune,18.5204,73.8567,2023-07-10,2023,7,10,25.488,87.917,74.0,15.5,176.375,80.208,96.167,111.129,16.872,8.697
Pune,18.5204,73.8567,2023-07-11,2023,7,11,25.221,88.292,99.167,14.392,164.833,61.292,103.542,77.112,15.792,5.994
Pune,18.5204,73.8567,2023-07-12,2023,7,12,25.075,91.208,99.833,11.158,78.458,14.583,63.875,17.633,7.508,1.047
Pune,18.5204,73.8567,2023-07-13,2023,7,13,25.754,88.708,86.625,11.917,169.083,91.542,77.542,118.337,16.204,9.693
Pune,18.5204,73.8567,2023-07-14,2023,7,14,24.625,91.042,98.5,13.15,101.667,37.042,64.625,46.829,9.752,3.91
Pune,18.5204,73.8567,2023-07-15,2023,7,15,25.079,91.708,99.917,13.846,118.417,36.167,82.25,42.562,11.336,3.978
Pune,18.5204,73.8567,2023-07-16,2023,7,16,24.85,90.75,95.167,13.608,133.542,66.125,67.417,79.175,12.808,5.568
Pune,18.5204,73.8567,2023-07-17,2023,7,17,24.696,90.75,97.458,14.75,94.667,26.167,68.5,36.129,9.064,2.438
Pune,18.5204,73.8567,2023-07-18,2023,7,18,24.112,94.208,100.0,17.879,32.583,0.375,32.208,0.387,3.112,0.0
Pune,18.5204,73.8567,2023-07-19,2023,7,19,23.738,95.958,100.0,17.8,44.25,7.208,37.042,9.312,4.22,0.016
Pune,18.5204,73.8567,2023-07-20,2023,7,20,24.371,93.708,99.958,17.879,69.75,14.292,55.458,19.021,6.68,0.264
Pune,18.5204,73.8567,2023-07-21,2023,7,21,24.075,96.375,99.708,14.175,64.083,15.167,48.917,17.704,6.136,1.064
Pune,18.5204,73.8567,2023-07-22,2023,7,22,23.983,94.667,99.75,16.967,59.042,4.375,54.667,4.858,5.648,0.0
Pune,18.5204,73.8567,2023-07-23,2023,7,23,24.142,94.833,99.958,20.238,57.875,14.958,42.917,18.421,5.54,1.313
Pune,18.5204,73.8567,2023-07-24,2023,7,24,24.317,94.458,98.917,18.467,83.875,27.583,56.292,34.717,8.028,1.533
Pune,18.5204,73.8567,2023-07-25,2023,7,25,23.771,95.25,100.0,15.675,58.75,9.167,49.583,12.225,5.632,0.706
Pune,18.5204,73.8567,2023-07-26,2023,7,26,23.733,96.333,100.0,14.958,33.958,1.958,32.0,2.5,3.252,0.0
Pune,18.5204,73.8567,2023-07-27,2023,7,27,23.25,97.292,100.0,17.392,29.083,0.125,28.958,0.188,2.776,0.0
Pune,18.5204,73.8567,2023-07-28,2023,7,28,23.796,94.458,100.0,18.375,106.458,41.25,65.208,50.504,10.208,3.129
Pune,18.5204,73.8567,2023-07-29,2023,7,29,23.829,94.25,98.667,16.592,92.167,17.417,74.75,23.358,8.824,0.957
Pune,18.5204,73.8567,2023-07-30,2023,7,30,24.463,91.792,85.5,17.388,150.958,73.958,77.0,96.267,14.46,8.152
Pune,18.5204,73.8567,2023-07-31,2023,7,31,24.258,93.625,91.0,17.012,168.458,83.75,84.708,104.921,16.144,8.005
Pune,18.5204,73.8567,2023-08-01,2023,8,1,24.183,93.5,98.917,18.192,142.833,66.667,76.167,83.583,13.668,8.082
Pune,18.5204,73.8567,2023-08-02,2023,8,2,24.467,92.667,96.542,20.0,125.5,55.75,69.75,67.254,12.032,6.021
Pune,18.5204,73.8567,2023-08-03,2023,8,3,24.275,92.75,100.0,21.275,125.125,35.583,89.542,43.125,11.996,3.048
Pune,18.5204,73.8567,2023-08-04,2023,8,4,24.817,91.333,99.208,18.758,145.167,62.125,83.042,75.321,13.912,6.561
Pune,18.5204,73.8567,2023-08-05,2023,8,5,24.483,91.75,91.75,17.388,158.5,74.75,83.75,97.458,15.172,8.64
Pune,18.5204,73.8567,2023-08-06,2023,8,6,24.592,89.792,95.583,18.492,187.708,96.917,90.792,126.742,17.968,9.873
Pune,18.5204,73.8567,2023-08-07,2023,8,7,24.921,86.667,99.792,19.108,186.792,92.083,94.708,119.225,17.896,9.569
Pune,18.5204,73.8567,2023-08-08,2023,8,8,25.017,87.0,98.0,16.6,192.917,103.5,89.417,130.904,18.468,9.586
Pune,18.5204,73.8567,2023-08-09,2023,8,9,25.142,87.292,98.25,14.133,172.667,80.25,92.417,101.192,16.536,8.275
Pune,18.5204,73.8567,2023-08-10,2023,8,10,25.271,86.25,72.542,13.612,169.667,83.542,86.125,111.575,16.256,9.784
Pune,18.5204,73.8567,2023-08-11,2023,8,11,25.142,86.542,65.583,12.096,218.167,129.792,88.375,171.292,20.916,10.632
Pune,18.5204,73.8567,2023-08-12,2023,8,12,24.988,87.875,89.292,13.067,157.292,85.375,71.917,112.642,15.068,9.732
Pune,18.5204,73.8567,2023-08-13,2023,8,13,24.596,87.375,97.167,14.933,198.625,117.125,81.5,156.442,19.036,10.477
Pune,18.5204,73.8567,2023-08-14,2023,8,14,25.258,85.25,92.75,14.888,209.792,115.167,94.625,150.996,20.108,10.646
Pune,18.5204,73.8567,2023-08-15,2023,8,15,24.892,86.292,84.25,12.946,168.25,75.375,92.875,100.3,16.12,9.003
Pune,18.5204,73.8567,2023-08-16,2023,8,16,25.221,86.208,66.875,12.142,194.083,109.667,84.417,144.096,18.596,10.625
Pune,18.5204,73.8567,2023-08-17,2023,8,17,24.775,86.542,95.792,13.296,191.375,101.958,89.417,134.908,18.344,10.358
Pune,18.5204,73.8567,2023-08-18,2023,8,18,24.592,87.833,95.417,13.042,144.875,43.833,101.042,62.025,13.896,5.364
Pune,18.5204,73.8567,2023-08-19,2023,8,19,24.679,88.792,98.833,13.454,95.5,27.333,68.167,29.804,9.156,3.325
Pune,18.5204,73.8567,2023-08-20,2023,8,20,24.833,89.25,70.583,13.15,187.833,110.792,77.042,142.217,18.008,10.306
Pune,18.5204,73.8567,2023-08-21,2023,8,21,24.825,88.75,67.042,11.408,191.0,108.208,82.792,138.362,18.312,10.309
Pune,18.5204,73.8567,2023-08-22,2023,8,22,24.504,89.375,95.667,10.633,185.375,99.667,85.708,131.717,17.78,10.372
Pune,18.5204,73.8567,2023-08-23,2023,8,23,24.833,86.167,97.708,12.808,200.0,110.083,89.917,145.362,19.176,10.246
Pune,18.5204,73.8567,2023-08-24,2023,8,24,24.612,89.167,89.75,13.233,192.833,105.917,86.917,140.638,18.496,10.444
Pune,18.5204,73.8567,2023-08-25,2023,8,25,24.55,91.125,91.667,12.838,150.875,69.25,81.625,86.421,14.472,7.693
Pune,18.5204,73.8567,2023-08-26,2023,8,26,24.454,90.958,93.083,14.196,198.0,118.917,79.083,156.013,18.992,10.254
Pune,18.5204,73.8567,2023-08-27,2023,8,27,24.567,90.667,76.75,12.388,174.792,95.917,78.875,125.083,16.768,9.665
Pune,18.5204,73.8567,2023-08-28,2023,8,28,24.646,88.958,77.0,12.554,173.417,100.625,72.792,130.838,16.64,9.289
Pune,18.5204,73.8567,2023-08-29,2023,8,29,24.921,87.417,63.375,10.271,177.583,103.042,74.542,134.638,17.032,9.84
Pune,18.5204,73.8567,2023-08-30,2023,8,30,25.804,81.667,54.292,7.229,228.292,152.667,75.625,202.171,21.904,11.014
Pune,18.5204,73.8567,2023-08-31,2023,8,31,26.304,83.417,50.917,5.104,223.708,148.667,75.042,199.975,21.464,11.601
Pune,18.5204,73.8567,2023-09-01,2023,9,1,26.675,85.458,66.708,5.175,231.25,161.625,69.625,206.446,22.192,10.991
Pune,18.5204,73.8567,2023-09-02,2023,9,2,24.779,93.5,98.167,7.288,122.375,53.75,68.625,75.175,11.744,6.007
Pune,18.5204,73.8567,2023-09-03,2023,9,3,24.658,89.917,99.458,8.362,161.458,82.625,78.833,112.4,15.492,9.836
Pune,18.5204,73.8567,2023-09-04,2023,9,4,24.833,86.5,87.75,10.85,177.083,100.667,76.417,130.9,16.996,9.938
Pune,18.5204,73.8567,2023-09-05,2023,9,5,25.537,81.583,65.292,10.946,234.208,159.292,74.917,208.162,22.476,10.42
Pune,18.5204,73.8567,2023-09-06,2023,9,6,25.408,84.25,80.542,12.083,215.583,130.958,84.625,180.871,20.692,11.123
Pune,18.5204,73.8567,2023-09-07,2023,9,7,23.458,94.375,99.542,12.538,53.0,12.792,40.208,20.412,5.088,1.344
Pune,18.5204,73.8567,2023-09-08,2023,9,8,23.325,96.5,100.0,15.675,53.667,6.042,47.625,7.746,5.152,0.0
Pune,18.5204,73.8567,2023-09-09,2023,9,9,23.992,95.25,99.375,14.292,108.875,36.458,72.417,49.838,10.448,4.556
Pune,18.5204,73.8567,2023-09-10,2023,9,10,25.033,88.958,99.833,14.371,152.333,68.792,83.542,86.112,14.62,6.234
Pune,18.5204,73.8567,2023-09-11,2023,9,11,25.225,88.208,83.875,12.879,164.917,81.042,83.875,113.054,15.832,8.766
Pune,18.5204,73.8567,2023-09-12,2023,9,12,25.196,86.083,86.0,13.004,218.458,140.792,77.667,183.679,20.972,10.197
Pune,18.5204,73.8567,2023-09-13,2023,9,13,25.354,84.917,95.5,11.954,201.083,116.875,84.208,150.729,19.304,9.843
Pune,18.5204,73.8567,2023-09-14,2023,9,14,25.004,84.125,78.083,9.904,222.0,148.542,73.458,205.942,21.312,11.395
Pune,18.5204,73.8567,2023-09-15,2023,9,15,24.996,84.25,97.083,11.771,187.167,107.5,79.667,142.854,17.968,9.78
Pune,18.5204,73.8567,2023-09-16,2023,9,16,24.708,89.333,100.0,15.254,102.792,19.125,83.667,25.592,9.868,1.517
Pune,18.5204,73.8567,2023-09-17,2023,9,17,24.883,89.542,100.0,15.971,167.667,66.875,100.792,85.496,16.096,7.073
Pune,18.5204,73.8567,2023-09-18,2023,9,18,24.875,90.625,85.208,14.521,172.542,93.375,79.167,125.65,16.564,9.655
Pune,18.5204,73.8567,2023-09-19,2023,9,19,25.117,89.542,77.667,14.604,178.333,106.958,71.375,144.279,17.12,9.238
Pune,18.5204,73.8567,2023-09-20,2023,9,20,25.6,87.875,86.875,12.267,173.208,102.208,71.0,128.946,16.628,8.638
Pune,18.5204,73.8567,2023-09-21,2023,9,21,25.483,90.792,96.875,9.804,119.333,43.583,75.75,56.983,11.456,5.37
Pune,18.5204,73.8567,2023-09-22,2023,9,22,24.688,91.75,100.0,6.904,92.917,24.25,68.667,33.017,8.92,2.789
Pune,18.5204,73.8567,2023-09-23,2023,9,23,24.058,95.542,100.0,7.225,44.5,6.083,38.417,9.588,4.272,0.114
Pune,18.5204,73.8567,2023-09-24,2023,9,24,24.221,94.583,99.958,8.412,94.792,24.25,70.542,30.362,9.1,2.192
Pune,18.5204,73.8567,2023-09-25,2023,9,25,24.533,92.667,96.292,7.15,85.167,25.75,59.417,34.229,8.06,2.207
Pune,18.5204,73.8567,2023-09-26,2023,9,26,24.921,89.625,77.917,5.054,159.125,82.25,76.875,106.396,15.216,7.774
Pune,18.5204,73.8567,2023-09-27,2023,9,27,24.508,92.917,95.542,5.246,104.208,34.792,69.417,51.742,9.924,4.939
Pune,18.5204,73.8567,2023-09-28,2023,9,28,25.688,86.833,83.0,5.117,157.208,82.667,74.542,120.579,15.012,8.448
Pune,18.5204,73.8567,2023-09-29,2023,9,29,25.25,89.25,78.875,7.679,169.25,90.917,78.333,124.837,16.136,9.626
Pune,18.5204,73.8567,2023-09-30,2023,9,30,25.475,87.5,95.917,11.279,185.083,113.208,71.875,157.454,17.7,9.579
Pune,18.5204,73.8567,2023-10-01,2023,10,1,25.242,90.625,99.833,9.138,87.917,29.208,58.708,38.05,8.424,3.238
Pune,18.5204,73.8567,2023-10-02,2023,10,2,24.092,89.458,97.25,9.571,95.375,28.0,67.375,41.438,9.08,3.373
Pune,18.5204,73.8567,2023-10-03,2023,10,3,25.504,84.042,79.917,7.667,191.375,115.5,75.875,155.129,18.252,9.433
Pune,18.5204,73.8567,2023-10-04,2023,10,4,26.333,82.0,68.5,6.708,209.625,138.667,70.958,196.712,19.976,10.918
Pune,18.5204,73.8567,2023-10-05,2023,10,5,26.108,79.042,65.625,5.471,262.792,204.542,58.25,294.479,25.084,11.692
Pune,18.5204,73.8567,2023-10-06,2023,10,6,25.946,79.25,44.458,4.854,262.208,204.333,57.875,293.713,25.048,11.36
Pune,18.5204,73.8567,2023-10-07,2023,10,7,26.508,76.667,44.083,4.638,224.417,158.75,65.667,225.292,21.428,10.685
Pune,18.5204,73.8567,2023-10-08,2023,10,8,26.888,72.375,34.75,5.271,224.375,160.75,63.625,243.483,21.428,11.367
Pune,18.5204,73.8567,2023-10-09,2023,10,9,26.942,73.417,27.917,4.896,190.375,119.917,70.458,186.654,18.168,11.438
Pune,18.5204,73.8567,2023-10-10,2023,10,10,26.908,70.792,37.667,5.558,217.25,141.417,75.833,212.871,20.748,11.373
Pune,18.5204,73.8567,2023-10-11,2023,10,11,26.533,73.417,31.625,5.812,202.208,138.792,63.417,207.321,19.32,11.24
Pune,18.5204,73.8567,2023-10-12,2023,10,12,26.742,73.167,35.542,6.462,202.5,141.833,60.667,210.221,19.344,11.077
Pune,18.5204,73.8567,2023-10-13,2023,10,13,26.521,69.625,29.125,6.621,210.5,149.125,61.375,229.4,20.104,11.382
Pune,18.5204,73.8567,2023-10-14,2023,10,14,26.254,68.667,15.75,5.342,215.958,152.0,63.958,233.325,20.656,11.112
Pune,18.5204,73.8567,2023-10-15,2023,10,15,26.571,69.208,23.25,5.358,208.0,144.542,63.458,218.612,19.9,10.727
Pune,18.5204,73.8567,2023-10-16,2023,10,16,26.646,70.625,36.25,6.321,197.917,141.042,56.875,216.763,18.928,11.047
Pune,18.5204,73.8567,2023-10-17,2023,10,17,26.396,72.375,22.833,6.142,211.292,151.5,59.792,234.379,20.204,11.118
Pune,18.5204,73.8567,2023-10-18,2023,10,18,26.25,72.208,23.917,7.425,208.958,147.667,61.292,239.412,19.976,11.256
Pune,18.5204,73.8567,2023-10-19,2023,10,19,26.292,75.917,60.333,5.579,183.833,118.542,65.292,190.258,17.58,11.052
Pune,18.5204,73.8567,2023-10-20,2023,10,20,26.392,75.583,39.5,6.488,194.875,134.625,60.25,215.154,18.656,10.938
Pune,18.5204,73.8567,2023-10-21,2023,10,21,26.25,73.333,45.833,6.638,202.0,143.458,58.542,219.8,19.336,10.847
Pune,18.5204,73.8567,2023-10-22,2023,10,22,26.242,68.375,56.625,7.208,213.5,151.792,61.708,233.388,20.432,10.562
Pune,18.5204,73.8567,2023-10-23,2023,10,23,25.8,63.292,44.458,6.367,215.25,153.958,61.292,240.775,20.604,10.985
Pune,18.5204,73.8567,2023-10-24,2023,10,24,25.638,65.667,35.333,6.671,206.708,147.458,59.25,233.321,19.788,10.985
Pune,18.5204,73.8567,2023-10-25,2023,10,25,25.158,63.875,36.0,7.125,209.375,146.875,62.5,223.575,20.044,10.801
Pune,18.5204,73.8567,2023-10-26,2023,10,26,24.638,58.0,57.208,8.258,239.25,182.875,56.375,279.192,22.9,11.019
Pune,18.5204,73.8567,2023-10-27,2023,10,27,23.796,56.708,17.458,9.513,251.625,202.833,48.792,323.425,24.088,11.051
Pune,18.5204,73.8567,2023-10-28,2023,10,28,23.783,57.875,2.0,7.742,249.958,201.708,48.25,321.667,23.932,10.98
Pune,18.5204,73.8567,2023-10-29,2023,10,29,23.812,60.792,3.333,8.679,238.0,186.125,51.875,295.425,22.792,10.909
Pune,18.5204,73.8567,2023-10-30,2023,10,30,24.362,61.167,16.0,8.258,236.417,184.583,51.833,290.321,22.648,10.877
Pune,18.5204,73.8567,2023-10-31,2023,10,31,24.304,59.833,17.292,9.004,212.25,155.792,56.458,239.354,20.328,9.591
Pune,18.5204,73.8567,2023-11-01,2023,11,1,23.562,58.583,2.625,8.817,242.125,194.25,47.875,315.417,23.192,10.972
Pune,18.5204,73.8567,2023-11-02,2023,11,2,23.7,65.125,21.083,7.504,237.417,187.958,49.458,305.675,22.74,10.9
Pune,18.5204,73.8567,2023-11-03,2023,11,3,24.208,66.625,61.667,8.242,229.583,177.25,52.333,288.342,21.996,10.849
Pune,18.5204,73.8567,2023-11-04,2023,11,4,25.017,64.417,47.75,8.992,220.833,172.125,48.708,280.75,21.16,10.841
Pune,18.5204,73.8567,2023-11-05,2023,11,5,25.304,63.708,72.333,8.321,210.75,150.917,59.833,245.242,20.192,10.503
Pune,18.5204,73.8567,2023-11-06,2023,11,6,24.375,55.5,84.625,9.008,224.75,161.667,63.083,257.625,21.536,10.65
Pune,18.5204,73.8567,2023-11-07,2023,11,7,25.304,63.125,75.542,8.008,206.542,150.708,55.833,243.946,19.796,10.742
Pune,18.5204,73.8567,2023-11-08,2023,11,8,25.142,76.208,78.125,7.983,162.083,83.417,78.667,133.292,15.532,9.214
Pune,18.5204,73.8567,2023-11-09,2023,11,9,25.362,80.0,74.333,7.104,177.417,120.333,57.083,196.383,17.004,10.441
Pune,18.5204,73.8567,2023-11-10,2023,11,10,25.388,79.75,75.25,6.379,186.0,130.417,55.583,206.542,17.828,10.174
Pune,18.5204,73.8567,2023-11-11,2023,11,11,25.838,72.292,55.292,7.604,204.542,151.042,53.5,250.212,19.608,10.68
Pune,18.5204,73.8567,2023-11-12,2023,11,12,25.458,65.75,31.833,7.238,208.25,160.75,47.5,269.271,19.96,10.757
Pune,18.5204,73.8567,2023-11-13,2023,11,13,25.075,63.042,65.458,6.75,202.125,147.792,54.333,247.429,19.376,10.548
Pune,18.5204,73.8567,2023-11-14,2023,11,14,24.65,67.083,32.875,5.542,213.583,161.875,51.708,273.258,20.472,10.759
Pune,18.5204,73.8567,2023-11-15,2023,11,15,23.675,63.083,16.75,6.938,226.958,180.375,46.583,306.425,21.756,10.75
Pune,18.5204,73.8567,2023-11-16,2023,11,16,23.083,61.875,8.458,7.788,226.542,180.458,46.083,307.208,21.716,10.741
Pune,18.5204,73.8567,2023-11-17,2023,11,17,23.142,64.333,1.042,7.108,225.0,179.208,45.792,304.825,21.568,10.732
Pune,18.5204,73.8567,2023-11-18,2023,11,18,23.392,67.375,4.083,6.808,215.917,165.208,50.708,281.938,20.696,10.723
Pune,18.5204,73.8567,2023-11-19,2023,11,19,24.921,70.333,18.833,6.413,184.208,128.375,55.833,212.679,17.664,10.425
Pune,18.5204,73.8567,2023-11-20,2023,11,20,24.958,71.208,26.042,8.321,179.708,125.458,54.25,214.588,17.232,10.446
Pune,18.5204,73.8567,2023-11-21,2023,11,21,24.6,62.583,14.917,9.054,217.375,171.958,45.417,290.162,20.84,10.089
Pune,18.5204,73.8567,2023-11-22,2023,11,22,23.642,64.625,4.625,7.492,205.667,153.417,52.25,259.783,19.724,10.604
Pune,18.5204,73.8567,2023-11-23,2023,11,23,24.046,68.083,23.75,5.954,180.167,116.167,64.0,206.112,17.268,10.537
Pune,18.5204,73.8567,2023-11-24,2023,11,24,24.654,74.5,37.083,8.192,167.917,114.5,53.417,201.333,16.096,10.179
Pune,18.5204,73.8567,2023-11-25,2023,11,25,24.921,77.917,42.292,8.471,160.708,106.167,54.542,179.208,15.412,9.868
Pune,18.5204,73.8567,2023-11-26,2023,11,26,24.571,80.417,56.0,8.488,157.167,98.667,58.5,169.071,15.064,9.77
Pune,18.5204,73.8567,2023-11-27,2023,11,27,23.804,84.583,39.167,6.267,163.375,109.375,54.0,190.592,15.664,10.05
Pune,18.5204,73.8567,2023-11-28,2023,11,28,23.892,82.667,22.458,5.004,168.542,118.917,49.625,211.942,16.152,10.055
Pune,18.5204,73.8567,2023-11-29,2023,11,29,23.567,79.042,33.417,6.317,187.958,135.958,52.0,228.188,18.016,9.519
Pune,18.5204,73.8567,2023-11-30,2023,11,30,23.979,78.042,20.125,7.2,179.0,128.833,50.167,230.771,17.16,10.213
Pune,18.5204,73.8567,2023-12-01,2023,12,1,23.525,76.958,24.542,4.804,193.417,142.417,51.0,244.971,18.54,10.0
Pune,18.5204,73.8567,2023-12-02,2023,12,2,24.021,76.25,37.167,7.796,164.5,110.417,54.083,191.646,15.768,10.151
Pune,18.5204,73.8567,2023-12-03,2023,12,3,24.604,74.667,44.625,9.204,185.042,137.708,47.333,242.1,17.74,10.23
Pune,18.5204,73.8567,2023-12-04,2023,12,4,24.217,74.083,82.792,7.762,193.375,139.167,54.208,242.992,18.54,10.162
Pune,18.5204,73.8567,2023-12-05,2023,12,5,23.517,74.208,90.583,7.704,193.25,141.75,51.5,241.492,18.536,9.764
Pune,18.5204,73.8567,2023-12-06,2023,12,6,22.746,79.667,62.083,7.096,162.875,108.667,54.208,192.917,15.612,10.024
Pune,18.5204,73.8567,2023-12-07,2023,12,7,22.271,79.958,42.75,5.196,150.208,93.458,56.75,169.371,14.396,9.786
Pune,18.5204,73.8567,2023-12-08,2023,12,8,23.183,75.0,54.208,4.808,187.917,135.542,52.375,240.292,18.008,10.035
Pune,18.5204,73.8567,2023-12-09,2023,12,9,23.121,74.25,36.958,6.654,172.417,116.958,55.458,212.283,16.52,10.114
Pune,18.5204,73.8567,2023-12-10,2023,12,10,23.246,72.375,40.917,6.1,178.042,125.667,52.375,227.7,17.068,10.12
Pune,18.5204,73.8567,2023-12-11,2023,12,11,23.671,68.375,45.917,5.542,187.625,132.625,55.0,238.058,17.976,10.061
Pune,18.5204,73.8567,2023-12-12,2023,12,12,23.529,66.833,56.083,4.5,183.25,128.875,54.375,228.321,17.556,10.007
Pune,18.5204,73.8567,2023-12-13,2023,12,13,22.688,66.125,34.875,7.179,196.833,149.25,47.583,267.129,18.856,10.004
Pune,18.5204,73.8567,2023-12-14,2023,12,14,22.421,60.208,0.167,9.962,212.542,170.583,41.958,310.596,20.36,10.142
Pune,18.5204,73.8567,2023-12-15,2023,12,15,21.404,63.417,1.458,8.862,212.792,170.75,42.042,311.45,20.384,10.144
Pune,18.5204,73.8567,2023-12-16,2023,12,16,21.008,71.208,8.25,7.742,207.875,164.958,42.917,297.946,19.92,10.076
Pune,18.5204,73.8567,2023-12-17,2023,12,17,22.279,68.792,13.958,10.346,173.0,122.542,50.458,215.979,16.58,9.736
Pune,18.5204,73.8567,2023-12-18,2023,12,18,22.483,65.0,63.25,12.654,191.625,132.542,59.083,235.946,18.356,10.0
Pune,18.5204,73.8567,2023-12-19,2023,12,19,21.942,64.125,89.958,12.117,184.667,117.792,66.875,204.821,17.68,9.158
Pune,18.5204,73.8567,2023-12-20,2023,12,20,21.612,59.458,63.167,9.683,200.417,150.708,49.708,271.908,19.188,10.055
Pune,18.5204,73.8567,2023-12-21,2023,12,21,22.4,58.958,66.708,7.646,187.583,133.375,54.208,234.979,17.956,10.0
Pune,18.5204,73.8567,2023-12-22,2023,12,22,22.708,61.625,83.833,6.587,174.375,109.417,64.958,198.721,16.692,10.0
Pune,18.5204,73.8567,2023-12-23,2023,12,23,22.217,57.208,32.25,8.204,212.417,170.0,42.417,306.5,20.332,10.192
Pune,18.5204,73.8567,2023-12-24,2023,12,24,21.688,55.583,78.375,9.217,208.5,154.083,54.417,280.921,19.952,10.114
Pune,18.5204,73.8567,2023-12-25,2023,12,25,21.858,58.667,15.375,8.417,213.208,170.5,42.708,310.996,20.4,10.258
Pune,18.5204,73.8567,2023-12-26,2023,12,26,22.512,59.667,0.083,6.988,213.0,171.958,41.042,314.45,20.38,10.254
Pune,18.5204,73.8567,2023-12-27,2023,12,27,22.683,62.083,8.75,8.225,213.333,171.5,41.833,314.5,20.408,10.324
Pune,18.5204,73.8567,2023-12-28,2023,12,28,22.438,63.0,51.333,8.688,214.0,169.833,44.167,312.254,20.468,10.319
Pune,18.5204,73.8567,2023-12-29,2023,12,29,22.675,62.625,42.875,8.242,214.25,171.083,43.167,311.575,20.488,10.314
Pune,18.5204,73.8567,2023-12-30,2023,12,30,23.004,59.708,1.875,5.512,215.292,174.458,40.833,319.167,20.588,10.383
Pune,18.5204,73.8567,2023-12-31,2023,12,31,22.904,59.708,9.083,6.558,213.917,172.833,41.083,314.433,20.452,10.378
Pune,18.5204,73.8567,2024-01-01,2024,1,1,22.958,61.042,10.333,4.65,211.958,169.708,42.25,307.921,20.264,10.373
Pune,18.5204,73.8567,2024-01-02,2024,1,2,23.017,64.542,4.833,5.346,211.875,170.042,41.833,307.213,20.26,10.293
Pune,18.5204,73.8567,2024-01-03,2024,1,3,22.921,69.167,6.417,7.0,206.792,162.333,44.458,292.971,19.764,10.436
Pune,18.5204,73.8567,2024-01-04,2024,1,4,22.662,65.042,4.417,6.442,209.792,166.125,43.667,303.646,20.04,10.578
Pune,18.5204,73.8567,2024-01-05,2024,1,5,22.183,57.292,15.625,4.779,219.708,178.667,41.042,324.775,20.988,10.572
Pune,18.5204,73.8567,2024-01-06,2024,1,6,22.188,66.583,37.625,5.871,187.292,139.708,47.583,248.775,17.904,10.27
Pune,18.5204,73.8567,2024-01-07,2024,1,7,23.008,69.875,40.375,7.046,165.375,108.875,56.5,179.838,15.792,9.575
Pune,18.5204,73.8567,2024-01-08,2024,1,8,23.771,64.292,44.25,9.742,180.875,132.583,48.292,234.629,17.284,10.258
Pune,18.5204,73.8567,2024-01-09,2024,1,9,22.692,78.625,68.0,8.487,115.875,69.75,46.125,124.871,11.064,9.372
Pune,18.5204,73.8567,2024-01-10,2024,1,10,21.554,84.375,54.625,6.496,108.375,56.542,51.833,92.554,10.36,7.127
Pune,18.5204,73.8567,2024-01-11,2024,1,11,23.817,71.042,14.208,6.521,193.417,146.625,46.792,256.971,18.468,10.388
Pune,18.5204,73.8567,2024-01-12,2024,1,12,23.829,64.292,4.708,7.542,217.667,174.792,42.875,311.125,20.776,10.677
Pune,18.5204,73.8567,2024-01-13,2024,1,13,24.183,59.875,6.667,6.667,219.917,177.708,42.208,314.917,20.972,10.72
Pune,18.5204,73.8567,2024-01-14,2024,1,14,23.883,59.458,0.208,6.929,221.708,179.542,42.167,320.442,21.14,10.73
Pune,18.5204,73.8567,2024-01-15,2024,1,15,22.2,55.25,0.0,6.429,229.875,188.5,41.375,336.946,21.912,10.74
Pune,18.5204,73.8567,2024-01-16,2024,1,16,21.379,57.75,18.583,6.762,230.375,188.625,41.75,336.046,21.956,10.751
Pune,18.5204,73.8567,2024-01-17,2024,1,17,21.488,63.875,2.375,7.667,228.5,185.917,42.583,330.167,21.772,10.761
Pune,18.5204,73.8567,2024-01-18,2024,1,18,20.45,70.542,17.333,6.112,225.417,180.0,45.417,315.467,21.476,10.772
Pune,18.5204,73.8567,2024-01-19,2024,1,19,20.992,70.125,11.167,7.375,222.708,178.542,44.167,313.408,21.216,10.782
Pune,18.5204,73.8567,2024-01-20,2024,1,20,21.738,68.667,1.667,9.275,224.333,179.833,44.5,314.708,21.368,10.793
Pune,18.5204,73.8567,2024-01-21,2024,1,21,21.792,65.333,35.875,6.65,227.75,183.583,44.167,320.496,21.684,10.803
Pune,18.5204,73.8567,2024-01-22,2024,1,22,21.658,67.542,72.458,8.558,230.708,186.542,44.167,324.196,21.964,10.814
Pune,18.5204,73.8567,2024-01-23,2024,1,23,20.5,63.875,46.167,5.8,233.208,189.167,44.042,328.092,22.192,10.824
Pune,18.5204,73.8567,2024-01-24,2024,1,24,19.896,55.042,37.083,7.492,237.375,193.25,44.125,336.058,22.58,10.834
Pune,18.5204,73.8567,2024-01-25,2024,1,25,20.125,48.542,0.0,7.938,239.458,195.958,43.5,339.7,22.776,10.845
Pune,18.5204,73.8567,2024-01-26,2024,1,26,21.325,56.875,40.667,7.442,233.0,187.875,45.125,322.971,22.16,10.855
Pune,18.5204,73.8567,2024-01-27,2024,1,27,22.317,59.208,81.708,6.7,231.542,184.083,47.458,313.362,22.02,10.865
Pune,18.5204,73.8567,2024-01-28,2024,1,28,23.196,59.0,67.25,6.238,228.958,181.375,47.583,308.358,21.772,10.875
Pune,18.5204,73.8567,2024-01-29,2024,1,29,23.242,52.917,90.625,4.892,231.167,181.958,49.208,305.562,21.976,10.885
Pune,18.5204,73.8567,2024-01-30,2024,1,30,23.029,55.667,23.625,6.075,234.417,188.875,45.542,318.808,22.288,10.894
Pune,18.5204,73.8567,2024-01-31,2024,1,31,23.033,55.417,44.042,7.779,237.792,190.125,47.667,322.221,22.588,10.904
Pune,18.5204,73.8567,2024-02-01,2024,2,1,21.171,65.75,10.292,6.654,242.75,196.75,46.0,331.092,23.06,10.913
Pune,18.5204,73.8567,2024-02-02,2024,2,2,21.533,64.708,10.708,7.079,241.167,195.167,46.0,327.446,22.9,10.922
Pune,18.5204,73.8567,2024-02-03,2024,2,3,22.829,56.917,0.167,9.792,240.625,194.958,45.667,326.371,22.844,10.931
Pune,18.5204,73.8567,2024-02-04,2024,2,4,24.567,58.042,3.75,6.996,231.708,184.25,47.458,300.658,22.028,10.94
Pune,18.5204,73.8567,2024-02-05,2024,2,5,25.929,55.333,2.625,5.808,235.0,186.042,48.958,307.3,22.56,10.948
Pune,18.5204,73.8567,2024-02-06,2024,2,6,25.375,53.292,0.083,5.6,240.75,194.208,46.542,319.896,23.112,10.957
Pune,18.5204,73.8567,2024-02-07,2024,2,7,24.617,56.167,0.75,7.029,245.458,199.125,46.333,328.429,23.564,10.965
Pune,18.5204,73.8567,2024-02-08,2024,2,8,23.646,56.458,25.125,7.892,248.75,200.542,48.208,328.575,23.88,10.974
Pune,18.5204,73.8567,2024-02-09,2024,2,9,23.546,56.167,5.417,7.512,253.792,206.5,47.292,339.167,24.364,10.982
Pune,18.5204,73.8567,2024-02-10,2024,2,10,23.896,51.0,0.0,6.571,255.917,208.667,47.25,341.242,24.568,10.99
Pune,18.5204,73.8567,2024-02-11,2024,2,11,23.196,50.708,18.75,6.538,255.25,207.208,48.042,337.596,24.504,10.998
Pune,18.5204,73.8567,2024-02-12,2024,2,12,23.608,49.667,93.292,6.771,250.083,197.208,52.875,318.025,24.008,11.0
Pune,18.5204,73.8567,2024-02-13,2024,2,13,23.4,48.542,99.375,7.046,248.333,187.625,60.708,293.671,23.84,11.0
Pune,18.5204,73.8567,2024-02-14,2024,2,14,23.146,49.917,94.292,6.654,237.333,161.292,76.042,257.088,22.784,11.0
Pune,18.5204,73.8567,2024-02-15,2024,2,15,24.396,52.708,35.25,7.821,229.625,173.167,56.458,282.567,22.044,11.0
Pune,18.5204,73.8567,2024-02-16,2024,2,16,25.917,51.167,21.5,6.696,235.875,181.875,54.0,281.267,22.644,11.0
Pune,18.5204,73.8567,2024-02-17,2024,2,17,25.988,50.75,13.583,6.842,256.042,206.625,49.417,322.988,24.58,11.004
Pune,18.5204,73.8567,2024-02-18,2024,2,18,26.054,46.583,0.125,4.508,261.125,211.667,49.458,334.912,25.068,11.0
Pune,18.5204,73.8567,2024-02-19,2024,2,19,25.8,45.875,2.75,7.238,263.417,214.0,49.417,337.304,25.288,11.0
Pune,18.5204,73.8567,2024-02-20,2024,2,20,24.938,43.417,20.208,8.542,266.625,217.375,49.25,342.925,25.596,11.057
Pune,18.5204,73.8567,2024-02-21,2024,2,21,23.496,55.542,6.417,10.479,268.875,219.792,49.083,344.65,25.812,11.052
Pune,18.5204,73.8567,2024-02-22,2024,2,22,22.908,62.208,20.792,9.917,268.333,218.417,49.917,341.071,25.76,11.047
Pune,18.5204,73.8567,2024-02-23,2024,2,23,22.808,51.042,0.0,5.663,274.958,225.25,49.708,352.088,26.396,11.11
Pune,18.5204,73.8567,2024-02-24,2024,2,24,23.133,45.667,0.0,6.575,276.292,226.375,49.917,352.6,26.524,11.104
Pune,18.5204,73.8567,2024-02-25,2024,2,25,23.654,36.25,0.0,6.283,272.25,222.458,49.792,344.925,26.136,11.099
Pune,18.5204,73.8567,2024-02-26,2024,2,26,25.467,46.75,14.375,7.404,262.667,210.958,51.708,324.612,25.216,11.093
Pune,18.5204,73.8567,2024-02-27,2024,2,27,26.729,51.667,35.333,5.454,238.917,180.75,58.167,268.817,22.932,11.018
Pune,18.5204,73.8567,2024-02-28,2024,2,28,26.35,54.75,22.417,6.779,236.917,181.792,55.125,282.733,22.74,11.149
Pune,18.5204,73.8567,2024-02-29,2024,2,29,27.171,51.833,26.75,7.829,218.208,160.208,58.0,247.421,20.944,11.142
Pune,18.5204,73.8567,2024-03-01,2024,3,1,26.95,52.75,30.917,7.408,242.542,190.458,52.083,285.992,23.28,11.136
Pune,18.5204,73.8567,2024-03-02,2024,3,2,25.358,59.042,11.458,9.421,240.333,184.417,55.917,280.333,23.068,11.129
Pune,18.5204,73.8567,2024-03-03,2024,3,3,23.796,73.375,26.167,11.075,255.333,194.875,60.458,289.942,24.508,11.0
Pune,18.5204,73.8567,2024-03-04,2024,3,4,22.942,58.542,24.292,7.867,284.25,233.125,51.125,352.312,27.284,11.32
Pune,18.5204,73.8567,2024-03-05,2024,3,5,23.9,48.375,0.875,7.062,284.042,233.292,50.75,351.871,27.264,11.381
Pune,18.5204,73.8567,2024-03-06,2024,3,6,24.912,45.125,18.625,8.196,285.958,235.042,50.917,353.646,27.448,11.374
Pune,18.5204,73.8567,2024-03-07,2024,3,7,25.238,37.208,0.0,5.942,289.792,238.75,51.042,358.629,27.816,11.502
Pune,18.5204,73.8567,2024-03-08,2024,3,8,25.562,42.833,0.0,7.929,286.25,235.083,51.167,351.358,27.476,11.495
Pune,18.5204,73.8567,2024-03-09,2024,3,9,25.825,39.917,0.0,8.317,289.167,238.042,51.125,355.479,27.756,11.556
Pune,18.5204,73.8567,2024-03-10,2024,3,10,26.054,41.625,0.0,7.55,289.292,238.125,51.167,354.854,27.768,11.617
Pune,18.5204,73.8567,2024-03-11,2024,3,11,26.621,40.625,0.042,7.554,289.875,238.542,51.333,353.904,27.824,11.61
Pune,18.5204,73.8567,2024-03-12,2024,3,12,26.971,46.667,0.042,7.854,289.792,238.292,51.5,352.787,27.812,11.67
Pune,18.5204,73.8567,2024-03-13,2024,3,13,25.971,48.792,6.167,9.583,298.083,246.375,51.708,364.333,28.608,11.697
Pune,18.5204,73.8567,2024-03-14,2024,3,14,26.254,47.75,0.0,8.046,299.542,247.75,51.792,365.754,28.748,11.71
Pune,18.5204,73.8567,2024-03-15,2024,3,15,25.546,42.167,0.167,7.392,297.0,245.0,52.0,360.896,28.504,11.723
Pune,18.5204,73.8567,2024-03-16,2024,3,16,26.158,47.583,30.833,7.392,293.458,240.792,52.667,350.808,28.164,11.737
Pune,18.5204,73.8567,2024-03-17,2024,3,17,26.721,44.125,4.042,7.954,293.25,240.167,53.083,350.5,28.144,11.75
Pune,18.5204,73.8567,2024-03-18,2024,3,18,26.012,45.583,26.667,9.021,296.125,243.667,52.458,353.812,28.42,11.764
Pune,18.5204,73.8567,2024-03-19,2024,3,19,26.146,48.292,0.917,10.058,302.583,250.0,52.583,364.004,29.04,11.778
Pune,18.5204,73.8567,2024-03-20,2024,3,20,26.367,38.5,2.708,8.167,306.792,254.0,52.792,369.938,29.444,11.792
Pune,18.5204,73.8567,2024-03-21,2024,3,21,26.838,37.25,16.875,8.338,299.458,244.083,55.375,354.967,28.74,11.806
Pune,18.5204,73.8567,2024-03-22,2024,3,22,27.796,49.0,5.458,7.167,299.542,246.25,53.292,354.554,28.748,11.82
Pune,18.5204,73.8567,2024-03-23,2024,3,23,27.842,51.708,6.0,7.125,301.208,248.0,53.208,356.729,28.908,11.834
Pune,18.5204,73.8567,2024-03-24,2024,3,24,27.883,47.458,13.125,8.442,295.875,237.583,58.292,342.521,28.392,11.848
Pune,18.5204,73.8567,2024-03-25,2024,3,25,28.471,52.458,3.542,7.479,292.875,237.292,55.583,339.283,28.104,11.862
Pune,18.5204,73.8567,2024-03-26,2024,3,26,28.858,54.375,0.708,7.25,294.125,239.5,54.625,341.992,28.224,11.876
Pune,18.5204,73.8567,2024-03-27,2024,3,27,29.421,55.333,26.25,7.154,275.375,218.792,56.583,307.704,26.428,11.89
Pune,18.5204,73.8567,2024-03-28,2024,3,28,29.533,55.042,30.875,7.304,251.667,184.833,66.833,259.838,24.152,11.83
Pune,18.5204,73.8567,2024-03-29,2024,3,29,29.471,57.292,41.667,7.196,234.583,165.083,69.5,230.783,22.508,11.688
Pune,18.5204,73.8567,2024-03-30,2024,3,30,29.654,57.417,33.375,6.971,257.417,194.917,62.5,274.358,24.704,11.931
Pune,18.5204,73.8567,2024-03-31,2024,3,31,29.929,45.0,46.583,7.85,236.042,162.375,73.667,223.783,22.652,11.945
Pune,18.5204,73.8567,2024-04-01,2024,4,1,29.888,42.5,54.958,7.833,282.5,215.167,67.333,306.583,27.108,11.958
Pune,18.5204,73.8567,2024-04-02,2024,4,2,29.071,45.542,35.542,8.179,308.042,253.583,54.458,357.996,29.56,11.971
Pune,18.5204,73.8567,2024-04-03,2024,4,3,29.033,49.833,45.0,8.204,289.333,229.792,59.542,326.292,27.764,11.984
Pune,18.5204,73.8567,2024-04-04,2024,4,4,29.267,47.458,55.875,8.975,302.5,245.25,57.25,345.508,29.024,11.997
Pune,18.5204,73.8567,2024-04-05,2024,4,5,29.638,48.5,28.583,7.492,300.542,241.042,59.5,342.054,28.836,12.0
Pune,18.5204,73.8567,2024-04-06,2024,4,6,29.946,40.042,12.833,7.721,282.167,221.083,61.083,307.146,27.076,12.0
Pune,18.5204,73.8567,2024-04-07,2024,4,7,29.146,38.208,23.458,10.796,277.917,208.542,69.375,292.4,26.664,12.0
Pune,18.5204,73.8567,2024-04-08,2024,4,8,28.721,35.292,3.125,7.575,313.125,256.958,56.167,362.017,30.044,12.0
Pune,18.5204,73.8567,2024-04-09,2024,4,9,28.988,47.375,0.167,8.758,311.167,255.417,55.75,358.062,29.856,12.0
Pune,18.5204,73.8567,2024-04-10,2024,4,10,28.75,51.417,1.0,7.812,310.792,255.208,55.583,357.042,29.82,12.0
Pune,18.5204,73.8567,2024-04-11,2024,4,11,29.246,46.917,22.458,6.642,281.042,209.875,71.167,292.425,26.964,12.0
Pune,18.5204,73.8567,2024-04-12,2024,4,12,28.925,50.917,27.625,7.9,285.458,226.208,59.25,318.512,27.388,12.0
Pune,18.5204,73.8567,2024-04-13,2024,4,13,28.192,50.333,11.458,7.579,315.5,259.292,56.208,360.025,30.268,12.0
Pune,18.5204,73.8567,2024-04-14,2024,4,14,28.729,53.208,16.167,5.567,316.75,260.083,56.667,362.471,30.388,12.0
Pune,18.5204,73.8567,2024-04-15,2024,4,15,30.675,56.0,31.333,6.175,259.167,198.417,60.75,279.179,24.864,12.0
Pune,18.5204,73.8567,2024-04-16,2024,4,16,31.704,46.583,33.458,6.8,227.25,164.083,63.167,233.883,21.8,12.0
Pune,18.5204,73.8567,2024-04-17,2024,4,17,30.858,55.75,57.167,5.621,244.25,175.417,68.833,244.208,23.432,12.0
Pune,18.5204,73.8567,2024-04-18,2024,4,18,30.771,62.875,45.458,6.958,267.042,197.583,69.458,265.371,25.62,12.0
Pune,18.5204,73.8567,2024-04-19,2024,4,19,30.446,62.0,35.458,8.621,247.542,177.708,69.833,245.688,23.748,12.0
Pune,18.5204,73.8567,2024-04-20,2024,4,20,29.333,60.208,34.5,8.525,238.708,172.167,66.542,236.367,22.9,12.0
Pune,18.5204,73.8567,2024-04-21,2024,4,21,28.833,55.125,36.0,7.079,227.375,148.958,78.417,214.379,21.808,12.0
Pune,18.5204,73.8567,2024-04-22,2024,4,22,30.046,47.625,12.708,8.667,279.542,217.292,62.25,302.625,26.812,12.0
Pune,18.5204,73.8567,2024-04-23,2024,4,23,30.262,47.167,12.792,7.346,302.75,244.292,58.458,336.142,29.04,12.0
Pune,18.5204,73.8567,2024-04-24,2024,4,24,29.862,52.125,36.875,5.775,259.333,193.083,66.25,264.517,24.876,12.0
Pune,18.5204,73.8567,2024-04-25,2024,4,25,30.45,53.458,34.042,5.529,274.292,211.458,62.833,284.65,26.312,12.0
Pune,18.5204,73.8567,2024-04-26,2024,4,26,30.917,48.0,31.958,8.462,270.042,202.167,67.875,276.367,25.904,12.0
Pune,18.5204,73.8567,2024-04-27,2024,4,27,31.779,47.875,15.0,7.225,282.75,221.917,60.833,301.8,27.12,12.0
Pune,18.5204,73.8567,2024-04-28,2024,4,28,32.85,40.167,18.458,8.808,290.833,228.5,62.333,310.225,27.9,12.0
Pune,18.5204,73.8567,2024-04-29,2024,4,29,32.458,38.208,5.458,8.712,286.625,223.125,63.5,310.017,27.488,12.0
Pune,18.5204,73.8567,2024-04-30,2024,4,30,32.3,33.917,10.167,10.204,311.667,249.75,61.917,346.679,29.892,12.0
Pune,18.5204,73.8567,2024-05-01,2024,5,1,29.996,41.5,2.917,12.208,317.25,260.0,57.25,358.629,30.424,12.0
Pune,18.5204,73.8567,2024-05-02,2024,5,2,29.067,46.5,0.125,10.046,324.625,266.875,57.75,368.188,31.132,12.0
Pune,18.5204,73.8567,2024-05-03,2024,5,3,29.15,47.167,0.0,9.267,331.0,272.625,58.375,375.692,31.744,12.0
Pune,18.5204,73.8567,2024-05-04,2024,5,4,29.879,57.167,34.292,9.838,322.542,262.958,59.583,353.0,30.932,12.0
Pune,18.5204,73.8567,2024-05-05,2024,5,5,30.408,58.667,18.333,10.704,313.667,253.0,60.667,346.404,30.08,12.0
Pune,18.5204,73.8567,2024-05-06,2024,5,6,29.683,56.0,0.292,11.888,319.292,261.0,58.292,358.888,30.616,12.0
Pune,18.5204,73.8567,2024-05-07,2024,5,7,28.954,62.042,5.5,11.492,314.5,255.042,59.458,348.45,30.156,12.0
Pune,18.5204,73.8567,2024-05-08,2024,5,8,29.083,65.458,14.25,9.225,290.708,227.042,63.667,303.546,27.876,12.0
Pune,18.5204,73.8567,2024-05-09,2024,5,9,28.917,65.375,27.458,10.233,273.583,205.625,67.958,284.158,26.228,12.0
Pune,18.5204,73.8567,2024-05-10,2024,5,10,28.154,68.042,36.333,8.75,235.167,154.75,80.417,212.712,22.548,12.0
Pune,18.5204,73.8567,2024-05-11,2024,5,11,29.075,66.375,33.125,6.454,267.292,201.125,66.167,270.008,25.632,11.969
Pune,18.5204,73.8567,2024-05-12,2024,5,12,28.35,67.75,33.625,5.525,220.875,136.417,84.458,187.529,21.172,12.0
Pune,18.5204,73.8567,2024-05-13,2024,5,13,28.808,63.542,32.333,6.121,257.208,187.625,69.583,254.888,24.652,12.0
Pune,18.5204,73.8567,2024-05-14,2024,5,14,28.512,60.958,27.583,6.771,261.875,196.958,64.917,265.287,25.104,12.0
Pune,18.5204,73.8567,2024-05-15,2024,5,15,29.575,59.208,18.667,6.383,274.958,208.875,66.083,280.225,26.364,12.0
Pune,18.5204,73.8567,2024-05-16,2024,5,16,29.425,62.542,36.5,4.5,264.792,197.375,67.417,267.154,25.384,12.0
Pune,18.5204,73.8567,2024-05-17,2024,5,17,29.238,65.458,47.583,7.212,257.875,186.5,71.375,246.358,24.724,12.0
Pune,18.5204,73.8567,2024-05-18,2024,5,18,29.767,64.042,28.542,6.467,272.167,206.208,65.958,274.233,26.092,11.956
Pune,18.5204,73.8567,2024-05-19,2024,5,19,29.542,73.583,54.25,8.0,273.208,207.333,65.875,271.037,26.2,11.948
Pune,18.5204,73.8567,2024-05-20,2024,5,20,29.892,72.0,77.917,9.558,268.375,203.083,65.292,262.221,25.732,12.0
Pune,18.5204,73.8567,2024-05-21,2024,5,21,30.804,69.583,71.042,7.538,267.083,200.5,66.583,262.754,25.604,12.0
Pune,18.5204,73.8567,2024-05-22,2024,5,22,29.912,73.792,88.833,7.129,268.5,203.208,65.292,259.246,25.756,11.0
Pune,18.5204,73.8567,2024-05-23,2024,5,23,30.35,75.167,54.792,8.579,258.292,186.75,71.542,236.633,24.76,10.863
Pune,18.5204,73.8567,2024-05-24,2024,5,24,29.5,70.167,43.625,13.233,271.458,197.875,73.583,268.963,26.016,12.0
Pune,18.5204,73.8567,2024-05-25,2024,5,25,28.304,72.875,68.583,16.254,231.375,147.375,84.0,207.763,22.164,12.0
Pune,18.5204,73.8567,2024-05-26,2024,5,26,28.279,76.667,84.625,17.479,258.417,175.417,83.0,228.188,24.76,11.74
Pune,18.5204,73.8567,2024-05-27,2024,5,27,27.062,82.458,90.208,18.1,163.125,80.208,82.917,110.054,15.624,9.525
Pune,18.5204,73.8567,2024-05-28,2024,5,28,28.558,73.458,73.042,19.017,269.958,190.833,79.125,261.138,25.86,11.753
Pune,18.5204,73.8567,2024-05-29,2024,5,29,28.254,72.5,37.625,18.146,281.75,203.333,78.417,277.258,26.984,12.086
Pune,18.5204,73.8567,2024-05-30,2024,5,30,28.621,71.833,23.75,15.325,282.875,207.167,75.708,281.133,27.096,12.011
Pune,18.5204,73.8567,2024-05-31,2024,5,31,29.658,70.625,26.417,13.775,260.792,177.5,83.292,238.875,24.988,11.996
Pune,18.5204,73.8567,2024-06-01,2024,6,1,29.592,69.208,38.167,11.958,266.333,191.625,74.708,265.671,25.516,12.0
Pune,18.5204,73.8567,2024-06-02,2024,6,2,29.846,67.25,90.917,11.158,262.5,179.042,83.458,234.646,25.156,11.685
Pune,18.5204,73.8567,2024-06-03,2024,6,3,28.908,72.542,93.667,8.242,222.125,123.375,98.75,153.454,21.284,10.489
Pune,18.5204,73.8567,2024-06-04,2024,6,4,28.104,78.375,95.583,8.158,212.667,117.458,95.208,151.904,20.388,9.429
Pune,18.5204,73.8567,2024-06-05,2024,6,5,27.362,82.458,98.292,8.325,208.75,113.375,95.375,139.846,20.012,8.259
Pune,18.5204,73.8567,2024-06-06,2024,6,6,28.117,80.917,98.292,8.45,203.208,109.375,93.833,139.242,19.48,9.841
Pune,18.5204,73.8567,2024-06-07,2024,6,7,27.221,80.583,95.5,7.146,185.75,82.458,103.292,97.896,17.804,7.872
Pune,18.5204,73.8567,2024-06-08,2024,6,8,26.867,82.542,81.458,8.054,191.625,97.958,93.667,116.404,18.376,7.114
Pune,18.5204,73.8567,2024-06-09,2024,6,9,24.983,92.458,100.0,10.975,69.458,5.417,64.042,6.746,6.66,0.018
Pune,18.5204,73.8567,2024-06-10,2024,6,10,24.929,92.042,99.0,8.783,55.875,3.583,52.292,5.358,5.352,0.0
Pune,18.5204,73.8567,2024-06-11,2024,6,11,25.713,89.958,99.625,11.95,130.458,46.208,84.25,55.396,12.508,5.059
Pune,18.5204,73.8567,2024-06-12,2024,6,12,26.138,89.25,88.25,11.958,117.167,34.167,83.0,38.125,11.212,3.623
Pune,18.5204,73.8567,2024-06-13,2024,6,13,26.15,87.417,93.125,11.1,172.083,91.0,81.083,116.654,16.476,9.308
Pune,18.5204,73.8567,2024-06-14,2024,6,14,26.05,86.292,88.0,10.842,173.292,89.75,83.542,113.133,16.592,8.538
Pune,18.5204,73.8567,2024-06-15,2024,6,15,26.679,83.167,78.792,9.354,183.0,101.167,81.833,132.229,17.508,10.671
Pune,18.5204,73.8567,2024-06-16,2024,6,16,26.954,83.917,79.792,8.367,202.833,117.25,85.583,154.571,19.428,11.177
Pune,18.5204,73.8567,2024-06-17,2024,6,17,26.596,85.625,96.958,9.521,179.083,88.125,90.958,103.792,17.136,7.805
Pune,18.5204,73.8567,2024-06-18,2024,6,18,26.779,82.5,86.167,12.846,195.917,107.667,88.25,140.688,18.764,10.961
Pune,18.5204,73.8567,2024-06-19,2024,6,19,25.525,87.917,96.083,12.612,111.208,43.625,67.583,51.038,10.648,4.132
Pune,18.5204,73.8567,2024-06-20,2024,6,20,25.946,87.542,88.0,15.675,168.042,88.333,79.708,113.221,16.08,9.015
Pune,18.5204,73.8567,2024-06-21,2024,6,21,26.825,86.042,86.875,16.2,176.375,96.958,79.417,123.896,16.88,10.367
Pune,18.5204,73.8567,2024-06-22,2024,6,22,26.508,85.5,76.417,11.812,206.667,121.167,85.5,147.171,19.78,9.42
Pune,18.5204,73.8567,2024-06-23,2024,6,23,26.158,89.083,99.208,7.817,98.917,31.917,67.0,37.375,9.456,3.415
Pune,18.5204,73.8567,2024-06-24,2024,6,24,26.238,89.292,85.625,8.396,114.375,47.667,66.708,56.387,10.932,3.961
Pune,18.5204,73.8567,2024-06-25,2024,6,25,26.954,85.833,89.833,10.458,142.75,53.167,89.583,70.983,13.66,5.462
Pune,18.5204,73.8567,2024-06-26,2024,6,26,26.138,91.583,98.458,12.546,120.708,43.125,77.583,50.0,11.564,4.683
Pune,18.5204,73.8567,2024-06-27,2024,6,27,25.388,90.5,99.167,15.629,93.375,33.917,59.458,48.158,8.948,3.857
Pune,18.5204,73.8567,2024-06-28,2024,6,28,25.379,90.167,99.208,15.688,116.667,44.542,72.125,52.729,11.176,5.183
Pune,18.5204,73.8567,2024-06-29,2024,6,29,26.0,89.708,100.0,16.429,152.042,59.167,92.875,74.371,14.56,7.175
Pune,18.5204,73.8567,2024-06-30,2024,6,30,25.608,92.333,99.917,17.308,140.417,45.083,95.333,52.062,13.452,5.127
Pune,18.5204,73.8567,2024-07-01,2024,7,1,25.921,89.708,91.125,23.654,178.208,86.833,91.375,104.946,17.068,8.336
Pune,18.5204,73.8567,2024-07-02,2024,7,2,25.454,92.417,97.625,20.037,115.708,42.417,73.292,54.567,11.076,5.051
Pune,18.5204,73.8567,2024-07-03,2024,7,3,26.5,88.917,93.833,18.808,154.0,71.833,82.167,95.433,14.74,8.852
Pune,18.5204,73.8567,2024-07-04,2024,7,4,26.292,90.042,99.708,17.742,100.917,32.542,68.375,36.938,9.672,3.099
Pune,18.5204,73.8567,2024-07-05,2024,7,5,25.883,91.458,98.958,16.112,146.833,67.5,79.333,84.179,14.064,7.866
Pune,18.5204,73.8567,2024-07-06,2024,7,6,25.638,91.083,98.042,19.871,148.125,70.542,77.583,86.925,14.18,7.441
Pune,18.5204,73.8567,2024-07-07,2024,7,7,25.537,90.708,100.0,13.746,70.958,11.542,59.417,14.046,6.8,0.829
Pune,18.5204,73.8567,2024-07-08,2024,7,8,24.713,92.917,99.917,9.696,81.5,15.417,66.083,21.125,7.804,1.475
Pune,18.5204,73.8567,2024-07-09,2024,7,9,24.292,93.667,97.958,12.879,105.375,37.875,67.5,42.983,10.084,3.679
Pune,18.5204,73.8567,2024-07-10,2024,7,10,25.329,88.708,90.417,13.483,169.292,85.375,83.917,111.712,16.188,9.514
Pune,18.5204,73.8567,2024-07-11,2024,7,11,24.963,90.25,99.542,12.846,89.917,27.333,62.583,36.975,8.604,2.079
Pune,18.5204,73.8567,2024-07-12,2024,7,12,24.438,94.292,100.0,13.983,57.75,11.75,46.0,14.442,5.524,0.493
Pune,18.5204,73.8567,2024-07-13,2024,7,13,24.213,94.208,99.708,17.817,63.667,9.833,53.833,12.067,6.104,0.0
Pune,18.5204,73.8567,2024-07-14,2024,7,14,24.35,96.042,100.0,10.7,37.958,2.375,35.583,2.621,3.636,0.0
Pune,18.5204,73.8567,2024-07-15,2024,7,15,25.054,93.25,98.5,10.154,76.75,20.958,55.792,26.629,7.34,1.843
Pune,18.5204,73.8567,2024-07-16,2024,7,16,24.888,92.417,97.083,12.167,90.125,32.125,58.0,39.071,8.628,3.761
Pune,18.5204,73.8567,2024-07-17,2024,7,17,24.967,93.333,99.917,12.317,62.583,12.375,50.208,14.258,5.996,0.558
Pune,18.5204,73.8567,2024-07-18,2024,7,18,24.546,93.458,99.917,15.529,40.667,2.042,38.625,2.796,3.896,0.0
Pune,18.5204,73.8567,2024-07-19,2024,7,19,24.554,93.792,99.792,17.071,61.875,12.958,48.917,18.604,5.916,0.769
Pune,18.5204,73.8567,2024-07-20,2024,7,20,24.158,95.458,100.0,18.808,57.708,2.625,55.083,3.417,5.528,0.0
Pune,18.5204,73.8567,2024-07-21,2024,7,21,24.438,94.917,99.875,18.421,56.375,4.583,51.792,5.058,5.396,0.0
Pune,18.5204,73.8567,2024-07-22,2024,7,22,23.929,96.583,100.0,21.896,45.75,2.5,43.25,4.625,4.38,0.0
Pune,18.5204,73.8567,2024-07-23,2024,7,23,23.971,96.0,100.0,22.008,55.333,3.083,52.25,4.337,5.3,0.0
Pune,18.5204,73.8567,2024-07-24,2024,7,24,23.767,96.917,100.0,22.833,44.75,1.917,42.833,2.867,4.284,0.0
Pune,18.5204,73.8567,2024-07-25,2024,7,25,23.246,97.333,100.0,20.612,35.833,2.708,33.125,2.804,3.436,0.009
Pune,18.5204,73.8567,2024-07-26,2024,7,26,24.242,96.25,99.958,21.979,43.833,4.5,39.333,5.312,4.196,0.0
Pune,18.5204,73.8567,2024-07-27,2024,7,27,24.463,94.75,99.833,22.254,80.583,17.167,63.417,21.058,7.708,0.861
Pune,18.5204,73.8567,2024-07-28,2024,7,28,24.5,95.125,100.0,16.358,47.0,2.792,44.208,3.5,4.496,0.0
Pune,18.5204,73.8567,2024-07-29,2024,7,29,24.579,94.708,99.958,15.462,59.667,10.875,48.792,12.792,5.72,0.758
Pune,18.5204,73.8567,2024-07-30,2024,7,30,24.904,94.5,96.5,13.096,73.125,22.708,50.417,25.167,7.008,2.057
Pune,18.5204,73.8567,2024-07-31,2024,7,31,24.954,95.083,99.667,12.417,63.542,11.958,51.583,13.1,6.096,0.645
Pune,18.5204,73.8567,2024-08-01,2024,8,1,24.812,93.542,97.917,15.354,132.792,58.167,74.625,66.917,12.732,5.512
Pune,18.5204,73.8567,2024-08-02,2024,8,2,24.488,93.958,98.125,19.404,134.75,59.042,75.708,73.4,12.928,7.847
Pune,18.5204,73.8567,2024-08-03,2024,8,3,24.021,95.417,100.0,21.625,91.125,15.875,75.25,17.192,8.724,1.23
Pune,18.5204,73.8567,2024-08-04,2024,8,4,24.108,95.292,100.0,17.8,38.75,2.0,36.75,3.025,3.716,0.0
Pune,18.5204,73.8567,2024-08-05,2024,8,5,24.608,92.625,99.292,17.2,126.25,51.042,75.208,69.542,12.096,7.672
Pune,18.5204,73.8567,2024-08-06,2024,8,6,24.658,93.375,99.542,14.629,152.5,66.958,85.542,88.054,14.608,8.299
Pune,18.5204,73.8567,2024-08-07,2024,8,7,24.396,92.917,94.625,14.046,123.0,46.083,76.917,58.988,11.776,6.517
Pune,18.5204,73.8567,2024-08-08,2024,8,8,24.771,91.042,98.542,12.05,107.833,28.333,79.5,36.033,10.324,2.573
Pune,18.5204,73.8567,2024-08-09,2024,8,9,24.854,91.375,99.625,10.783,141.542,63.333,78.208,84.983,13.548,6.647
Pune,18.5204,73.8567,2024-08-10,2024,8,10,24.988,91.125,91.958,11.417,150.458,71.458,79.0,94.279,14.416,8.429
Pune,18.5204,73.8567,2024-08-11,2024,8,11,25.071,89.042,99.0,13.104,168.667,68.708,99.958,86.154,16.16,8.198
Pune,18.5204,73.8567,2024-08-12,2024,8,12,25.392,88.75,81.75,10.896,160.625,78.417,82.208,104.554,15.384,9.852
Pune,18.5204,73.8567,2024-08-13,2024,8,13,26.167,84.583,94.292,8.554,165.583,55.958,109.625,84.425,15.86,8.918
Pune,18.5204,73.8567,2024-08-14,2024,8,14,26.162,84.708,93.625,7.429,203.042,115.083,87.958,152.633,19.46,10.657
Pune,18.5204,73.8567,2024-08-15,2024,8,15,26.096,85.792,90.958,7.308,194.292,90.958,103.333,125.071,18.628,7.411
Pune,18.5204,73.8567,2024-08-16,2024,8,16,26.433,83.583,96.083,8.412,194.417,99.542,94.875,127.812,18.64,9.589
Pune,18.5204,73.8567,2024-08-17,2024,8,17,26.046,88.042,98.125,3.658,126.5,48.667,77.833,70.633,12.128,4.19
Pune,18.5204,73.8567,2024-08-18,2024,8,18,26.662,88.167,99.958,4.238,133.5,45.042,88.458,55.292,12.8,5.11
Pune,18.5204,73.8567,2024-08-19,2024,8,19,25.942,91.417,99.917,3.808,103.708,33.5,70.208,36.938,9.948,3.007
Pune,18.5204,73.8567,2024-08-20,2024,8,20,25.458,91.333,97.417,4.667,114.792,35.708,79.083,42.838,11.012,4.349
Pune,18.5204,73.8567,2024-08-21,2024,8,21,26.104,88.875,99.333,3.812,174.833,89.167,85.667,115.9,16.772,8.682
Pune,18.5204,73.8567,2024-08-22,2024,8,22,26.417,89.75,98.75,4.988,161.458,69.0,92.458,89.721,15.492,8.371
Pune,18.5204,73.8567,2024-08-23,2024,8,23,25.787,91.583,99.833,7.638,105.958,26.5,79.458,31.933,10.168,2.522
Pune,18.5204,73.8567,2024-08-24,2024,8,24,23.529,97.958,100.0,13.729,31.708,3.167,28.542,3.696,3.04,0.056
Pune,18.5204,73.8567,2024-08-25,2024,8,25,23.208,96.875,100.0,18.921,59.958,8.042,51.917,8.733,5.748,0.252
Pune,18.5204,73.8567,2024-08-26,2024,8,26,23.825,94.458,99.917,19.888,103.0,34.375,68.625,42.625,9.884,3.842
Pune,18.5204,73.8567,2024-08-27,2024,8,27,24.062,93.708,99.292,20.138,157.5,74.833,82.667,92.129,15.108,8.44
Pune,18.5204,73.8567,2024-08-28,2024,8,28,24.479,92.0,82.833,19.996,189.542,111.375,78.167,145.254,18.188,9.847
Pune,18.5204,73.8567,2024-08-29,2024,8,29,25.083,90.958,83.292,15.763,169.083,92.042,77.042,119.729,16.224,9.299
Pune,18.5204,73.8567,2024-08-30,2024,8,30,25.421,88.667,93.833,12.075,163.0,78.333,84.667,106.262,15.636,9.461
Pune,18.5204,73.8567,2024-08-31,2024,8,31,25.479,88.583,97.958,11.808,149.167,62.375,86.792,78.913,14.312,7.772
Pune,18.5204,73.8567,2024-09-01,2024,9,1,24.642,92.083,100.0,12.333,68.042,5.542,62.5,7.154,6.528,0.005
Pune,18.5204,73.8567,2024-09-02,2024,9,2,23.967,96.542,100.0,13.358,32.5,0.958,31.542,1.321,3.12,0.0
Pune,18.5204,73.8567,2024-09-03,2024,9,3,24.592,94.375,100.0,12.767,86.042,19.875,66.167,27.671,8.256,1.363
Pune,18.5204,73.8567,2024-09-04,2024,9,4,24.775,92.417,94.375,13.858,107.792,39.875,67.917,51.817,10.344,5.23
Pune,18.5204,73.8567,2024-09-05,2024,9,5,24.508,93.708,97.083,12.742,124.25,54.25,70.0,71.071,11.924,5.89
Pune,18.5204,73.8567,2024-09-06,2024,9,6,24.804,91.167,97.75,13.454,132.833,54.792,78.042,77.042,12.748,7.95
Pune,18.5204,73.8567,2024-09-07,2024,9,7,24.921,90.417,84.375,12.788,163.583,86.458,77.125,111.383,15.7,7.903
Pune,18.5204,73.8567,2024-09-08,2024,9,8,25.138,89.625,86.25,11.904,181.958,102.542,79.417,138.492,17.464,10.024
Pune,18.5204,73.8567,2024-09-09,2024,9,9,24.871,90.708,93.875,10.892,150.958,73.375,77.583,105.371,14.488,10.131
Pune,18.5204,73.8567,2024-09-10,2024,9,10,24.7,90.083,96.625,11.458,139.083,70.792,68.292,85.104,13.352,6.398
Pune,18.5204,73.8567,2024-09-11,2024,9,11,24.354,91.375,99.917,12.933,167.542,88.458,79.083,117.15,16.084,9.621
Pune,18.5204,73.8567,2024-09-12,2024,9,12,24.554,85.875,89.875,14.325,204.083,127.75,76.333,175.304,19.592,10.755
Pune,18.5204,73.8567,2024-09-13,2024,9,13,24.525,84.167,94.458,12.562,201.167,115.917,85.25,162.571,19.312,10.731
Pune,18.5204,73.8567,2024-09-14,2024,9,14,24.25,85.208,60.083,12.508,189.792,104.542,85.25,142.404,18.22,11.123
Pune,18.5204,73.8567,2024-09-15,2024,9,15,23.633,90.667,79.0,10.562,168.792,91.75,77.042,130.579,16.204,10.451
Pune,18.5204,73.8567,2024-09-16,2024,9,16,24.467,86.125,70.458,9.379,204.333,129.333,75.0,177.775,19.616,11.286
Pune,18.5204,73.8567,2024-09-17,2024,9,17,24.833,81.417,53.083,9.604,224.542,154.417,70.125,214.65,21.556,11.715
Pune,18.5204,73.8567,2024-09-18,2024,9,18,24.679,81.667,46.5,7.908,234.667,163.333,71.333,220.479,22.528,11.444
Pune,18.5204,73.8567,2024-09-19,2024,9,19,25.679,79.875,51.625,6.308,238.292,166.125,72.167,223.475,22.876,11.113
Pune,18.5204,73.8567,2024-09-20,2024,9,20,25.767,84.333,61.708,7.142,199.0,121.125,77.875,168.683,19.104,11.206
Pune,18.5204,73.8567,2024-09-21,2024,9,21,25.246,87.458,84.125,7.55,126.875,63.458,63.417,97.5,12.18,8.438
Pune,18.5204,73.8567,2024-09-22,2024,9,22,25.658,85.292,88.042,7.892,192.083,124.292,67.792,176.8,18.44,10.848
Pune,18.5204,73.8567,2024-09-23,2024,9,23,25.838,91.125,99.417,6.683,153.333,65.458,87.875,90.938,14.72,8.02
Pune,18.5204,73.8567,2024-09-24,2024,9,24,25.138,93.708,97.5,6.642,103.083,31.583,71.5,49.125,9.792,4.497
Pune,18.5204,73.8567,2024-09-25,2024,9,25,24.583,96.0,100.0,8.121,21.542,0.417,21.125,0.954,2.052,0.0
Pune,18.5204,73.8567,2024-09-26,2024,9,26,23.912,97.333,99.958,9.658,39.375,6.958,32.417,7.883,3.764,0.377
Pune,18.5204,73.8567,2024-09-27,2024,9,27,24.254,93.583,100.0,16.821,85.083,31.708,53.375,44.654,8.124,3.0
Pune,18.5204,73.8567,2024-09-28,2024,9,28,24.496,91.833,96.917,12.779,143.292,62.75,80.542,91.788,13.6,8.911
Pune,18.5204,73.8567,2024-09-29,2024,9,29,25.596,86.333,74.542,8.833,185.333,103.208,82.125,150.388,17.656,10.568
Pune,18.5204,73.8567,2024-09-30,2024,9,30,26.379,83.25,64.417,4.938,213.875,138.875,75.0,192.808,20.388,9.777
Pune,18.5204,73.8567,2024-10-01,2024,10,1,27.008,83.208,65.292,3.267,205.75,134.375,71.375,188.904,19.628,10.249
Pune,18.5204,73.8567,2024-10-02,2024,10,2,26.754,87.5,77.958,5.254,176.667,102.958,73.708,141.908,16.884,9.075
Pune,18.5204,73.8567,2024-10-03,2024,10,3,26.567,85.75,87.417,8.946,192.708,106.833,85.875,155.467,18.364,10.073
Pune,18.5204,73.8567,2024-10-04,2024,10,4,25.892,82.792,91.292,7.767,209.417,138.75,70.667,195.633,19.988,10.658
Pune,18.5204,73.8567,2024-10-05,2024,10,5,26.054,78.917,46.125,5.046,216.625,152.708,63.917,218.163,20.676,10.29
Pune,18.5204,73.8567,2024-10-06,2024,10,6,26.067,82.625,63.792,6.837,207.917,140.292,67.625,206.633,19.868,10.955
Pune,18.5204,73.8567,2024-10-07,2024,10,7,27.029,76.833,54.875,8.108,222.625,160.125,62.5,240.742,21.26,11.299
Pune,18.5204,73.8567,2024-10-08,2024,10,8,26.621,80.875,57.083,7.246,194.625,130.625,64.0,189.458,18.616,10.698
Pune,18.5204,73.8567,2024-10-09,2024,10,9,25.287,84.417,96.708,6.517,106.625,14.417,92.208,18.192,10.184,0.618
Pune,18.5204,73.8567,2024-10-10,2024,10,10,25.525,83.917,85.083,10.662,160.417,84.333,76.083,120.146,15.328,9.227
Pune,18.5204,73.8567,2024-10-11,2024,10,11,25.446,87.25,91.833,10.354,153.25,87.625,65.625,123.9,14.656,9.137
Pune,18.5204,73.8567,2024-10-12,2024,10,12,26.083,85.375,86.958,7.096,183.792,113.833,69.958,164.233,17.588,10.149
Pune,18.5204,73.8567,2024-10-13,2024,10,13,26.758,83.292,66.5,5.663,171.875,100.5,71.375,152.6,16.408,10.48
Pune,18.5204,73.8567,2024-10-14,2024,10,14,26.612,81.708,66.708,5.571,208.167,135.875,72.292,197.9,19.912,10.559
Pune,18.5204,73.8567,2024-10-15,2024,10,15,25.588,86.292,71.208,5.404,181.417,108.458,72.958,165.588,17.344,10.706
Pune,18.5204,73.8567,2024-10-16,2024,10,16,26.35,83.667,98.5,5.279,188.542,111.375,77.167,161.042,18.04,9.809
Pune,18.5204,73.8567,2024-10-17,2024,10,17,26.583,85.625,98.125,7.871,138.917,73.917,65.0,107.767,13.292,8.712
Pune,18.5204,73.8567,2024-10-18,2024,10,18,26.138,85.667,93.708,9.658,159.25,87.75,71.5,130.596,15.228,9.551
Pune,18.5204,73.8567,2024-10-19,2024,10,19,25.496,87.875,91.208,4.967,162.792,96.458,66.333,142.729,15.592,9.046
Pune,18.5204,73.8567,2024-10-20,2024,10,20,25.617,86.5,85.083,5.258,145.042,70.083,74.958,94.496,13.876,6.995
Pune,18.5204,73.8567,2024-10-21,2024,10,21,25.508,85.583,96.208,6.375,144.042,59.583,84.458,92.663,13.788,9.163
Pune,18.5204,73.8567,2024-10-22,2024,10,22,26.088,81.917,72.542,5.783,154.417,69.333,85.083,114.467,14.772,10.37
Pune,18.5204,73.8567,2024-10-23,2024,10,23,26.388,80.792,30.0,6.738,200.375,129.458,70.917,209.75,19.18,10.984
Pune,18.5204,73.8567,2024-10-24,2024,10,24,25.817,75.5,51.583,6.929,222.25,167.708,54.542,265.171,21.272,11.053
Pune,18.5204,73.8567,2024-10-25,2024,10,25,25.471,68.417,67.25,5.392,246.083,192.417,53.667,302.633,23.556,11.052
Pune,18.5204,73.8567,2024-10-26,2024,10,26,24.808,70.208,15.5,6.529,246.167,194.667,51.5,310.221,23.568,11.051
Pune,18.5204,73.8567,2024-10-27,2024,10,27,25.988,67.917,0.542,4.512,248.208,199.625,48.583,318.2,23.768,10.981
Pune,18.5204,73.8567,2024-10-28,2024,10,28,26.188,71.625,20.833,4.638,221.875,165.5,56.375,267.325,21.248,10.91
Pune,18.5204,73.8567,2024-10-29,2024,10,29,26.05,77.5,50.75,4.163,195.083,135.375,59.708,200.892,18.684,9.0
Pune,18.5204,73.8567,2024-10-30,2024,10,30,26.238,76.333,45.0,4.104,201.083,144.125,56.958,220.817,19.264,10.616
Pune,18.5204,73.8567,2024-10-31,2024,10,31,26.546,74.667,25.333,7.704,184.542,128.25,56.292,204.212,17.676,10.865
Pune,18.5204,73.8567,2024-11-01,2024,11,1,26.492,77.542,25.583,6.854,203.833,148.208,55.625,239.487,19.528,10.767
Pune,18.5204,73.8567,2024-11-02,2024,11,2,25.8,72.333,5.5,8.617,223.625,169.083,54.542,272.367,21.42,10.851
Pune,18.5204,73.8567,2024-11-03,2024,11,3,24.8,70.0,2.292,9.263,234.542,183.5,51.042,300.671,22.472,10.843
Pune,18.5204,73.8567,2024-11-04,2024,11,4,24.567,68.458,12.75,8.55,230.667,178.958,51.708,286.95,22.108,10.836
Pune,18.5204,73.8567,2024-11-05,2024,11,5,24.075,69.75,14.417,8.288,223.458,167.792,55.667,272.729,21.412,10.828
Pune,18.5204,73.8567,2024-11-06,2024,11,6,24.312,67.0,1.125,8.35,236.333,188.375,47.958,310.925,22.644,10.82
Pune,18.5204,73.8567,2024-11-07,2024,11,7,23.662,68.833,6.917,8.692,224.958,173.375,51.583,288.304,21.556,10.812
Pune,18.5204,73.8567,2024-11-08,2024,11,8,23.762,66.0,2.667,9.538,228.583,177.792,50.792,296.075,21.904,10.804
Pune,18.5204,73.8567,2024-11-09,2024,11,9,23.421,64.667,1.667,8.871,226.875,177.083,49.792,297.9,21.74,10.798
Pune,18.5204,73.8567,2024-11-10,2024,11,10,22.883,65.542,7.167,8.304,181.458,122.0,59.458,202.629,17.388,10.286
Pune,18.5204,73.8567,2024-11-11,2024,11,11,23.042,63.292,6.708,9.242,224.125,173.375,50.75,289.475,21.48,10.692
Pune,18.5204,73.8567,2024-11-12,2024,11,12,22.921,64.792,0.083,9.558,230.083,183.333,46.75,309.354,22.052,10.781
Pune,18.5204,73.8567,2024-11-13,2024,11,13,23.375,64.708,3.542,10.071,227.5,180.667,46.833,305.196,21.804,10.761
Pune,18.5204,73.8567,2024-11-14,2024,11,14,24.45,70.333,52.458,7.604,179.833,125.958,53.875,202.708,17.244,9.504
Pune,18.5204,73.8567,2024-11-15,2024,11,15,25.104,77.292,81.083,6.021,165.167,105.458,59.708,180.737,15.836,10.198
Pune,18.5204,73.8567,2024-11-16,2024,11,16,25.483,74.833,67.083,6.671,164.167,108.0,56.167,180.804,15.744,9.996
Pune,18.5204,73.8567,2024-11-17,2024,11,17,25.304,65.458,32.375,9.375,203.75,150.25,53.5,253.058,19.532,10.505
Pune,18.5204,73.8567,2024-11-18,2024,11,18,23.025,60.75,2.667,9.133,226.625,181.0,45.625,311.492,21.724,10.714
Pune,18.5204,73.8567,2024-11-19,2024,11,19,21.879,60.333,0.0,7.975,228.625,183.5,45.125,317.325,21.916,10.705
Pune,18.5204,73.8567,2024-11-20,2024,11,20,21.688,61.833,0.0,8.946,225.583,180.208,45.375,312.071,21.624,10.669
Pune,18.5204,73.8567,2024-11-21,2024,11,21,21.525,62.417,0.208,7.738,226.958,182.292,44.667,317.283,21.756,10.675
Pune,18.5204,73.8567,2024-11-22,2024,11,22,21.475,65.958,8.583,7.029,225.417,180.792,44.625,315.275,21.608,10.609
Pune,18.5204,73.8567,2024-11-23,2024,11,23,22.012,66.375,58.125,5.112,221.333,172.25,49.083,301.021,21.216,10.542
Pune,18.5204,73.8567,2024-11-24,2024,11,24,21.633,67.25,80.167,7.333,219.583,170.042,49.542,297.167,21.048,10.548
Pune,18.5204,73.8567,2024-11-25,2024,11,25,21.108,61.0,66.583,9.9,221.667,174.417,47.25,305.929,21.248,10.481
Pune,18.5204,73.8567,2024-11-26,2024,11,26,20.646,56.833,42.25,10.108,220.667,172.292,48.375,303.208,21.152,10.414
Pune,18.5204,73.8567,2024-11-27,2024,11,27,20.525,53.708,57.958,9.754,217.708,163.292,54.417,288.004,20.868,10.273
Pune,18.5204,73.8567,2024-11-28,2024,11,28,20.362,52.75,53.292,12.175,223.625,179.0,44.625,317.562,21.436,10.499
Pune,18.5204,73.8567,2024-11-29,2024,11,29,20.204,49.042,15.583,10.733,226.542,183.5,43.042,327.296,21.716,10.46
Pune,18.5204,73.8567,2024-11-30,2024,11,30,20.108,59.875,78.833,7.283,218.625,170.167,48.458,300.088,20.956,10.437
Pune,18.5204,73.8567,2024-12-01,2024,12,1,21.85,72.167,96.917,7.7,197.917,131.833,66.083,228.221,18.972,10.001
Pune,18.5204,73.8567,2024-12-02,2024,12,2,24.446,73.083,87.25,10.088,122.125,52.833,69.292,95.208,11.708,6.874
Pune,18.5204,73.8567,2024-12-03,2024,12,3,25.479,77.333,89.042,14.433,154.75,93.708,61.042,163.942,14.84,9.851
Pune,18.5204,73.8567,2024-12-04,2024,12,4,26.171,75.208,83.125,11.533,116.708,43.875,72.833,83.712,11.18,8.42
Pune,18.5204,73.8567,2024-12-05,2024,12,5,25.942,74.0,22.167,6.442,183.292,131.333,51.958,231.35,17.568,10.171
Pune,18.5204,73.8567,2024-12-06,2024,12,6,25.571,75.708,30.042,4.525,176.292,128.167,48.125,230.021,16.896,10.029
Pune,18.5204,73.8567,2024-12-07,2024,12,7,25.179,68.958,18.708,5.558,200.875,156.25,44.625,279.883,19.248,10.051
Pune,18.5204,73.8567,2024-12-08,2024,12,8,23.967,57.792,34.208,7.312,210.042,166.042,44.0,299.037,20.128,10.129
Pune,18.5204,73.8567,2024-12-09,2024,12,9,22.292,55.167,9.292,5.629,217.292,174.875,42.417,318.046,20.82,10.206
Pune,18.5204,73.8567,2024-12-10,2024,12,10,21.446,58.917,35.25,7.946,209.333,165.5,43.833,298.733,20.06,10.124
Pune,18.5204,73.8567,2024-12-11,2024,12,11,22.133,69.958,26.208,6.904,209.875,166.708,43.167,301.796,20.108,10.063
Pune,18.5204,73.8567,2024-12-12,2024,12,12,21.771,66.0,19.5,6.688,213.042,170.75,42.292,309.821,20.412,10.065
Pune,18.5204,73.8567,2024-12-13,2024,12,13,21.35,57.333,85.583,10.083,212.833,167.208,45.625,303.046,20.388,10.076
Pune,18.5204,73.8567,2024-12-14,2024,12,14,20.554,55.958,43.875,9.9,217.083,174.083,43.0,318.1,20.792,10.144
Pune,18.5204,73.8567,2024-12-15,2024,12,15,20.367,52.917,14.708,9.2,219.417,178.167,41.25,326.121,21.016,10.145
Pune,18.5204,73.8567,2024-12-16,2024,12,16,19.9,48.542,0.042,9.117,222.917,181.833,41.083,333.896,21.348,10.221
Pune,18.5204,73.8567,2024-12-17,2024,12,17,19.917,51.0,34.042,7.971,220.583,178.667,41.917,326.517,21.124,10.148
Pune,18.5204,73.8567,2024-12-18,2024,12,18,19.883,56.083,15.708,7.596,220.25,179.208,41.042,329.279,21.088,10.223
Pune,18.5204,73.8567,2024-12-19,2024,12,19,21.004,57.25,28.958,6.817,217.5,176.5,41.0,323.425,20.824,10.149
Pune,18.5204,73.8567,2024-12-20,2024,12,20,22.375,66.375,51.792,4.721,211.25,169.458,41.792,309.354,20.224,10.15
Pune,18.5204,73.8567,2024-12-21,2024,12,21,22.133,78.208,47.292,5.025,204.583,159.667,44.917,279.808,19.584,10.124
Pune,18.5204,73.8567,2024-12-22,2024,12,22,21.946,81.583,62.167,6.771,157.458,96.792,60.667,166.904,15.092,9.0
Pune,18.5204,73.8567,2024-12-23,2024,12,23,21.8,80.583,56.208,6.183,144.0,80.083,63.917,135.388,13.788,8.188
Pune,18.5204,73.8567,2024-12-24,2024,12,24,21.954,78.125,43.75,6.188,168.167,113.833,54.333,206.446,16.096,10.0
Pune,18.5204,73.8567,2024-12-25,2024,12,25,22.896,72.708,50.542,5.367,166.042,110.583,55.458,198.217,15.884,10.106
Pune,18.5204,73.8567,2024-12-26,2024,12,26,22.996,75.292,51.25,5.629,115.417,55.292,60.125,108.183,11.016,6.501
Pune,18.5204,73.8567,2024-12-27,2024,12,27,23.621,76.958,44.542,6.946,146.625,96.042,50.583,166.196,14.028,9.644
Pune,18.5204,73.8567,2024-12-28,2024,12,28,23.871,81.5,40.208,5.85,158.167,108.833,49.333,193.987,15.128,10.017
Pune,18.5204,73.8567,2024-12-29,2024,12,29,24.042,75.833,48.583,5.992,174.958,122.333,52.625,217.708,16.736,9.837
Pune,18.5204,73.8567,2024-12-30,2024,12,30,23.779,71.667,16.458,6.817,200.917,155.042,45.875,275.771,19.212,10.23
Pune,18.5204,73.8567,2024-12-31,2024,12,31,23.6,65.625,1.0,8.242,211.833,169.792,42.042,308.55,20.252,10.373
Pune,18.5204,73.8567,2025-01-01,2025,1,1,23.15,68.708,0.042,8.825,212.917,170.625,42.292,309.9,20.352,10.442
Pune,18.5204,73.8567,2025-01-02,2025,1,2,23.321,60.292,14.125,9.454,218.667,177.208,41.458,322.221,20.896,10.511
Pune,18.5204,73.8567,2025-01-03,2025,1,3,22.125,54.75,58.125,9.704,222.0,180.125,41.875,327.708,21.208,10.579
Pune,18.5204,73.8567,2025-01-04,2025,1,4,21.354,48.875,5.667,8.263,224.25,183.25,41.0,333.629,21.424,10.634
Pune,18.5204,73.8567,2025-01-05,2025,1,5,21.954,52.25,12.833,6.346,217.833,176.333,41.5,317.917,20.808,10.568
Pune,18.5204,73.8567,2025-01-06,2025,1,6,22.05,64.042,1.875,5.238,218.833,177.25,41.583,320.321,20.896,10.636
Pune,18.5204,73.8567,2025-01-07,2025,1,7,21.529,61.375,1.375,8.438,219.917,177.708,42.208,320.75,20.996,10.664
Pune,18.5204,73.8567,2025-01-08,2025,1,8,21.342,61.583,63.542,8.088,218.875,174.0,44.875,313.308,20.892,10.674
Pune,18.5204,73.8567,2025-01-09,2025,1,9,21.125,54.583,53.625,9.046,221.958,177.25,44.708,317.975,21.18,10.684
Pune,18.5204,73.8567,2025-01-10,2025,1,10,21.521,58.542,72.75,6.354,220.208,177.5,42.708,317.142,21.016,10.686
Pune,18.5204,73.8567,2025-01-11,2025,1,11,21.762,68.0,42.792,5.708,205.458,155.0,50.458,277.442,19.6,10.705
Pune,18.5204,73.8567,2025-01-12,2025,1,12,22.383,70.75,41.333,4.767,197.083,142.583,54.5,256.325,18.8,10.673
Pune,18.5204,73.8567,2025-01-13,2025,1,13,22.896,67.25,20.167,8.875,211.417,163.667,47.75,290.15,20.164,10.727
Pune,18.5204,73.8567,2025-01-14,2025,1,14,23.717,65.083,23.417,7.183,210.958,164.125,46.833,293.004,20.108,10.737
Pune,18.5204,73.8567,2025-01-15,2025,1,15,24.142,68.458,73.958,7.212,202.5,146.958,55.542,255.446,19.324,10.36
Pune,18.5204,73.8567,2025-01-16,2025,1,16,23.888,69.917,56.583,6.025,189.875,137.417,52.458,239.938,18.096,10.72
Pune,18.5204,73.8567,2025-01-17,2025,1,17,23.458,61.417,12.458,10.721,222.25,178.5,43.75,313.496,21.176,10.77
Pune,18.5204,73.8567,2025-01-18,2025,1,18,22.629,57.167,0.0,11.692,228.375,185.583,42.792,327.525,21.752,10.78
Pune,18.5204,73.8567,2025-01-19,2025,1,19,22.471,57.792,0.125,8.854,226.333,183.125,43.208,321.496,21.556,10.791
Pune,18.5204,73.8567,2025-01-20,2025,1,20,22.7,58.458,6.208,7.7,226.25,182.792,43.458,319.971,21.544,10.802
Pune,18.5204,73.8567,2025-01-21,2025,1,21,23.142,55.875,8.958,5.733,230.125,187.375,42.75,327.596,21.908,10.812
Pune,18.5204,73.8567,2025-01-22,2025,1,22,23.354,57.792,0.0,6.271,233.208,190.5,42.708,331.579,22.196,10.823
Pune,18.5204,73.8567,2025-01-23,2025,1,23,23.55,62.5,11.25,6.396,232.708,189.625,43.083,328.983,22.144,10.833
Pune,18.5204,73.8567,2025-01-24,2025,1,24,23.862,61.208,11.833,7.35,230.333,186.25,44.083,321.958,21.916,10.843
Pune,18.5204,73.8567,2025-01-25,2025,1,25,24.675,57.583,0.0,6.821,236.042,192.708,43.333,332.362,22.452,10.853
Pune,18.5204,73.8567,2025-01-26,2025,1,26,24.429,53.292,0.0,6.375,237.792,194.208,43.583,334.192,22.612,10.863
Pune,18.5204,73.8567,2025-01-27,2025,1,27,24.983,55.25,8.958,4.425,236.958,192.833,44.125,329.8,22.528,10.872
Pune,18.5204,73.8567,2025-01-28,2025,1,28,25.258,58.667,64.667,5.342,233.625,186.333,47.292,316.117,22.212,10.882
Pune,18.5204,73.8567,2025-01-29,2025,1,29,25.696,51.0,61.667,4.087,230.667,177.208,53.458,299.804,21.916,10.891
Pune,18.5204,73.8567,2025-01-30,2025,1,30,25.121,51.917,12.958,7.371,238.542,193.5,45.042,327.246,22.664,10.9
Pune,18.5204,73.8567,2025-01-31,2025,1,31,24.704,52.625,21.5,5.883,241.458,196.333,45.125,331.575,22.932,10.91
Pune,18.5204,73.8567,2025-02-01,2025,2,1,23.963,52.083,47.833,5.854,239.792,194.625,45.167,327.188,22.772,10.919
Pune,18.5204,73.8567,2025-02-02,2025,2,2,24.446,54.958,44.458,5.475,234.833,181.667,53.167,302.892,22.296,10.928
Pune,18.5204,73.8567,2025-02-03,2025,2,3,25.083,56.625,35.625,5.858,234.583,186.25,48.333,310.138,22.264,10.937
Pune,18.5204,73.8567,2025-02-04,2025,2,4,24.792,59.0,58.708,5.979,238.667,187.833,50.833,309.667,22.912,10.946
Pune,18.5204,73.8567,2025-02-05,2025,2,5,23.938,56.75,33.292,6.45,241.25,193.958,47.292,318.358,23.16,10.954
Pune,18.5204,73.8567,2025-02-06,2025,2,6,24.542,54.75,4.208,7.321,243.625,196.75,46.875,324.008,23.388,10.963
Pune,18.5204,73.8567,2025-02-07,2025,2,7,25.183,55.833,5.875,7.096,244.333,197.0,47.333,323.392,23.456,10.972
Pune,18.5204,73.8567,2025-02-08,2025,2,8,25.642,56.333,9.5,6.083,235.083,183.167,51.917,292.35,22.568,10.98
Pune,18.5204,73.8567,2025-02-09,2025,2,9,26.183,56.208,17.0,4.717,234.792,179.375,55.417,287.438,22.54,10.988
Pune,18.5204,73.8567,2025-02-10,2025,2,10,26.342,53.125,25.917,5.438,231.292,177.792,53.5,287.446,22.204,10.996
Pune,18.5204,73.8567,2025-02-11,2025,2,11,25.354,50.667,1.667,6.121,247.75,199.167,48.583,321.879,23.784,11.0
Pune,18.5204,73.8567,2025-02-12,2025,2,12,25.454,45.375,0.0,6.087,256.292,208.25,48.042,336.467,24.604,11.0
Pune,18.5204,73.8567,2025-02-13,2025,2,13,23.979,44.375,0.0,7.7,259.917,211.583,48.333,341.221,24.952,11.0
Pune,18.5204,73.8567,2025-02-14,2025,2,14,24.646,45.0,0.0,7.329,257.792,209.375,48.417,335.621,24.748,11.0
Pune,18.5204,73.8567,2025-02-15,2025,2,15,25.179,41.583,0.0,7.733,261.792,213.167,48.625,341.204,25.132,11.01
Pune,18.5204,73.8567,2025-02-16,2025,2,16,25.567,39.208,0.0,6.179,262.083,213.458,48.625,340.396,25.16,11.005
Pune,18.5204,73.8567,2025-02-17,2025,2,17,25.463,40.792,0.0,6.117,262.25,213.583,48.667,339.3,25.176,11.001
Pune,18.5204,73.8567,2025-02-18,2025,2,18,25.817,45.75,0.0,7.129,260.292,211.667,48.625,334.733,24.988,11.0
Pune,18.5204,73.8567,2025-02-19,2025,2,19,25.888,47.042,0.375,5.988,263.542,214.625,48.917,338.058,25.3,11.0
Pune,18.5204,73.8567,2025-02-20,2025,2,20,25.342,45.792,13.625,7.5,263.833,214.75,49.083,337.421,25.328,11.054
Pune,18.5204,73.8567,2025-02-21,2025,2,21,25.742,42.458,4.042,8.396,259.292,208.792,50.5,324.412,24.892,11.048
Pune,18.5204,73.8567,2025-02-22,2025,2,22,26.454,41.458,4.458,7.112,259.042,208.083,50.958,324.992,24.868,11.043
Pune,18.5204,73.8567,2025-02-23,2025,2,23,26.046,40.875,0.25,7.517,270.042,221.0,49.042,343.312,25.924,11.106
Pune,18.5204,73.8567,2025-02-24,2025,2,24,25.846,38.208,15.917,8.579,271.917,222.333,49.583,345.008,26.104,11.1
Pune,18.5204,73.8567,2025-02-25,2025,2,25,25.988,39.25,59.958,8.071,266.708,206.583,60.125,319.496,25.604,11.0
Pune,18.5204,73.8567,2025-02-26,2025,2,26,26.046,45.0,2.083,9.646,271.583,221.625,49.958,341.362,26.068,11.156
Pune,18.5204,73.8567,2025-02-27,2025,2,27,26.921,45.042,0.042,8.013,272.042,221.958,50.083,340.162,26.112,11.15
Pune,18.5204,73.8567,2025-02-28,2025,2,28,26.912,50.167,58.125,5.054,266.875,214.042,52.833,324.846,25.616,11.143
Pune,18.5204,73.8567,2025-03-01,2025,3,1,27.188,48.833,9.417,6.479,265.917,212.708,53.208,320.496,25.524,11.205
Pune,18.5204,73.8567,2025-03-02,2025,3,2,27.371,48.708,68.125,6.929,261.208,206.125,55.083,310.458,25.072,11.198
Pune,18.5204,73.8567,2025-03-03,2025,3,3,27.25,43.458,53.333,7.596,270.917,207.917,63.0,306.421,26.004,11.0
Pune,18.5204,73.8567,2025-03-04,2025,3,4,27.317,41.333,13.667,8.083,277.708,223.0,54.708,339.2,26.656,11.321
Pune,18.5204,73.8567,2025-03-05,2025,3,5,26.321,41.875,0.5,8.379,285.125,234.375,50.75,353.879,27.368,11.382
Pune,18.5204,73.8567,2025-03-06,2025,3,6,25.525,33.042,0.0,7.1,293.333,241.917,51.417,364.821,28.156,11.443
Pune,18.5204,73.8567,2025-03-07,2025,3,7,26.767,32.917,0.083,6.8,292.0,240.75,51.25,362.404,28.028,11.504
Pune,18.5204,73.8567,2025-03-08,2025,3,8,27.879,36.042,0.0,5.183,290.333,239.25,51.083,358.646,27.868,11.498
Pune,18.5204,73.8567,2025-03-09,2025,3,9,27.838,38.5,0.0,7.479,290.042,239.083,50.958,357.438,27.84,11.558
Pune,18.5204,73.8567,2025-03-10,2025,3,10,27.983,41.417,0.0,10.621,286.0,235.0,51.0,350.054,27.452,11.552
Pune,18.5204,73.8567,2025-03-11,2025,3,11,28.754,41.792,0.75,8.962,286.917,235.75,51.167,349.304,27.54,11.612
Pune,18.5204,73.8567,2025-03-12,2025,3,12,29.121,42.75,0.625,6.421,291.042,239.542,51.5,354.079,27.932,11.605
Pune,18.5204,73.8567,2025-03-13,2025,3,13,29.8,42.125,3.125,6.679,289.792,238.167,51.625,351.442,27.812,11.693
Pune,18.5204,73.8567,2025-03-14,2025,3,14,29.183,46.125,1.167,6.629,293.125,241.458,51.667,355.362,28.132,11.707
Pune,18.5204,73.8567,2025-03-15,2025,3,15,28.667,44.375,3.417,6.9,286.625,232.125,54.5,341.433,27.508,11.72
Pune,18.5204,73.8567,2025-03-16,2025,3,16,28.929,40.625,11.542,7.192,282.125,225.25,56.875,322.946,27.076,11.442
Pune,18.5204,73.8567,2025-03-17,2025,3,17,28.296,43.292,48.333,8.417,289.625,234.875,54.75,339.679,27.796,11.748
Pune,18.5204,73.8567,2025-03-18,2025,3,18,28.721,40.75,13.417,6.438,294.417,240.083,54.333,347.817,28.256,11.762
Pune,18.5204,73.8567,2025-03-19,2025,3,19,27.963,44.167,6.667,7.417,284.125,225.208,58.917,325.454,27.268,11.286
Pune,18.5204,73.8567,2025-03-20,2025,3,20,27.621,41.833,6.958,8.688,284.5,225.667,58.833,327.5,27.304,11.79
Pune,18.5204,73.8567,2025-03-21,2025,3,21,26.9,38.542,0.125,8.737,297.083,244.042,53.042,353.496,28.512,11.804
Pune,18.5204,73.8567,2025-03-22,2025,3,22,26.738,49.125,0.0,6.663,307.125,253.792,53.333,367.779,29.476,11.818
Pune,18.5204,73.8567,2025-03-23,2025,3,23,28.304,51.75,0.0,6.129,303.833,250.583,53.25,360.75,29.16,11.832
Pune,18.5204,73.8567,2025-03-24,2025,3,24,29.158,47.208,0.125,7.308,304.25,251.042,53.208,361.067,29.196,11.845
Pune,18.5204,73.8567,2025-03-25,2025,3,25,28.375,55.292,5.375,7.163,287.167,228.5,58.667,325.871,27.56,11.859
Pune,18.5204,73.8567,2025-03-26,2025,3,26,27.821,53.333,6.625,9.725,296.375,243.125,53.25,344.429,28.444,11.873
Pune,18.5204,73.8567,2025-03-27,2025,3,27,27.162,55.667,11.125,10.675,287.583,228.167,59.417,322.092,27.596,11.886
Pune,18.5204,73.8567,2025-03-28,2025,3,28,28.067,55.042,8.25,6.725,291.208,232.667,58.542,327.037,27.944,11.9
Pune,18.5204,73.8567,2025-03-29,2025,3,29,29.542,46.625,36.583,7.354,228.958,151.792,77.167,208.308,21.972,10.214
Pune,18.5204,73.8567,2025-03-30,2025,3,30,30.287,42.583,53.083,6.85,227.917,154.5,73.417,212.025,21.872,11.361
Pune,18.5204,73.8567,2025-03-31,2025,3,31,29.938,47.0,41.917,5.479,241.292,174.625,66.667,243.938,23.156,11.662
Pune,18.5204,73.8567,2025-04-01,2025,4,1,29.596,43.625,61.042,5.575,205.375,123.208,82.167,177.542,19.708,10.942
Pune,18.5204,73.8567,2025-04-02,2025,4,2,29.133,47.917,56.833,8.371,205.75,130.25,75.5,176.737,19.74,10.26
Pune,18.5204,73.8567,2025-04-03,2025,4,3,27.371,68.5,40.958,5.567,257.375,192.125,65.25,266.567,24.696,11.981
Pune,18.5204,73.8567,2025-04-04,2025,4,4,27.55,63.583,17.167,6.25,256.125,192.25,63.875,275.267,24.576,11.994
Pune,18.5204,73.8567,2025-04-05,2025,4,5,29.183,51.417,4.25,7.129,292.333,233.125,59.208,327.004,28.048,12.0
Pune,18.5204,73.8567,2025-04-06,2025,4,6,30.054,40.708,2.125,6.754,299.917,242.833,57.083,341.767,28.776,12.0
Pune,18.5204,73.8567,2025-04-07,2025,4,7,30.621,41.25,2.458,6.892,297.792,237.625,60.167,334.612,28.572,12.0
Pune,18.5204,73.8567,2025-04-08,2025,4,8,31.362,38.875,21.292,7.371,281.875,214.292,67.583,298.467,27.044,12.0
Pune,18.5204,73.8567,2025-04-09,2025,4,9,30.721,55.417,18.333,8.6,286.667,222.417,64.25,312.138,27.504,12.0
Pune,18.5204,73.8567,2025-04-10,2025,4,10,29.1,66.708,27.042,10.646,280.0,213.0,67.0,288.367,26.864,11.98
Pune,18.5204,73.8567,2025-04-11,2025,4,11,28.592,63.125,26.208,11.088,296.792,232.583,64.208,316.308,28.476,12.0
Pune,18.5204,73.8567,2025-04-12,2025,4,12,27.467,66.917,23.292,11.883,298.667,233.208,65.458,320.242,28.656,12.0
Pune,18.5204,73.8567,2025-04-13,2025,4,13,28.35,60.583,27.625,9.133,297.208,232.917,64.292,323.529,28.516,12.0
Pune,18.5204,73.8567,2025-04-14,2025,4,14,29.683,46.708,0.5,10.842,317.167,259.583,57.583,359.012,30.428,12.0
Pune,18.5204,73.8567,2025-04-15,2025,4,15,30.125,39.792,5.875,11.15,308.625,247.792,60.833,341.117,29.608,12.0
Pune,18.5204,73.8567,2025-04-16,2025,4,16,29.946,48.542,11.458,11.833,291.875,229.417,62.458,311.146,28.0,12.0
Pune,18.5204,73.8567,2025-04-17,2025,4,17,29.304,59.125,11.667,11.7,298.75,236.542,62.208,315.946,28.66,12.0
Pune,18.5204,73.8567,2025-04-18,2025,4,18,29.154,61.125,13.5,10.529,292.583,230.958,61.625,314.725,28.072,12.0
Pune,18.5204,73.8567,2025-04-19,2025,4,19,29.471,59.667,14.833,12.112,302.583,242.417,60.167,330.475,29.028,12.0
Pune,18.5204,73.8567,2025-04-20,2025,4,20,29.658,52.417,0.542,10.575,317.25,260.417,56.833,360.821,30.436,12.0
Pune,18.5204,73.8567,2025-04-21,2025,4,21,30.046,55.75,16.625,7.762,303.625,246.042,57.583,330.213,29.132,12.0
Pune,18.5204,73.8567,2025-04-22,2025,4,22,31.167,55.25,28.458,6.675,277.708,213.875,63.833,281.792,26.648,11.447
Pune,18.5204,73.8567,2025-04-23,2025,4,23,31.3,53.917,21.708,8.196,302.417,242.0,60.417,328.275,29.012,12.0
Pune,18.5204,73.8567,2025-04-24,2025,4,24,30.279,57.958,18.292,10.062,300.833,240.833,60.0,326.058,28.86,12.0
Pune,18.5204,73.8567,2025-04-25,2025,4,25,30.188,54.208,37.625,8.987,292.083,226.125,65.958,307.546,28.02,12.0
Pune,18.5204,73.8567,2025-04-26,2025,4,26,29.825,51.375,17.292,8.204,287.542,221.833,65.708,306.583,27.58,12.0
Pune,18.5204,73.8567,2025-04-27,2025,4,27,30.083,54.417,16.958,8.562,300.958,239.833,61.125,330.117,28.868,12.0
Pune,18.5204,73.8567,2025-04-28,2025,4,28,30.083,58.667,16.333,8.983,314.208,254.875,59.333,340.612,30.144,12.0
Pune,18.5204,73.8567,2025-04-29,2025,4,29,30.346,58.333,12.292,10.567,304.375,242.625,61.75,326.683,29.192,12.0
Pune,18.5204,73.8567,2025-04-30,2025,4,30,29.988,59.958,27.708,12.096,275.458,203.0,72.458,271.342,26.416,12.0
Pune,18.5204,73.8567,2025-05-01,2025,5,1,30.242,56.292,16.5,10.575,293.292,224.708,68.583,299.146,28.128,12.0
Pune,18.5204,73.8567,2025-05-02,2025,5,2,30.762,43.958,10.917,11.608,305.5,240.708,64.792,329.304,29.3,12.0
Pune,18.5204,73.8567,2025-05-03,2025,5,3,29.738,43.125,17.292,12.283,289.042,214.917,74.125,299.512,27.716,12.0
Pune,18.5204,73.8567,2025-05-04,2025,5,4,28.8,58.292,18.458,11.575,309.833,247.0,62.833,333.508,29.712,12.0
Pune,18.5204,73.8567,2025-05-05,2025,5,5,29.042,60.25,10.875,10.396,297.333,230.417,66.917,313.188,28.512,12.0
Pune,18.5204,73.8567,2025-05-06,2025,5,6,27.963,65.625,14.333,11.55,299.958,231.167,68.792,315.867,28.764,12.0
Pune,18.5204,73.8567,2025-05-07,2025,5,7,25.867,72.25,30.167,13.008,272.5,202.0,70.5,269.271,26.136,12.0
Pune,18.5204,73.8567,2025-05-08,2025,5,8,25.621,75.583,82.208,12.883,192.958,103.125,89.833,131.271,18.496,9.136
Pune,18.5204,73.8567,2025-05-09,2025,5,9,26.396,73.458,62.417,10.458,201.25,115.167,86.083,154.45,19.296,11.575
Pune,18.5204,73.8567,2025-05-10,2025,5,10,27.196,70.875,36.0,7.962,254.0,190.25,63.75,250.183,24.36,11.865
Pune,18.5204,73.8567,2025-05-11,2025,5,11,27.725,72.708,59.083,7.283,243.833,169.292,74.542,210.917,23.384,10.753
Pune,18.5204,73.8567,2025-05-12,2025,5,12,27.725,72.917,30.042,6.171,251.25,183.75,67.5,243.371,24.096,11.889
Pune,18.5204,73.8567,2025-05-13,2025,5,13,27.271,77.833,62.708,6.096,211.042,129.458,81.583,169.125,20.24,9.548
Pune,18.5204,73.8567,2025-05-14,2025,5,14,26.75,80.125,82.625,3.917,223.583,137.458,86.125,166.312,21.444,9.353
Pune,18.5204,73.8567,2025-05-15,2025,5,15,27.375,79.625,55.292,5.538,225.75,153.417,72.333,198.467,21.644,11.942
Pune,18.5204,73.8567,2025-05-16,2025,5,16,26.612,85.958,76.375,7.483,166.292,80.958,85.333,112.542,15.936,9.956
Pune,18.5204,73.8567,2025-05-17,2025,5,17,27.429,82.208,69.25,8.429,221.958,144.083,77.875,181.046,21.284,10.771
Pune,18.5204,73.8567,2025-05-18,2025,5,18,27.158,82.125,95.792,7.85,192.458,91.625,100.833,119.192,18.448,9.357
Pune,18.5204,73.8567,2025-05-19,2025,5,19,26.738,85.417,93.75,4.454,203.542,109.083,94.458,129.546,19.532,8.743
Pune,18.5204,73.8567,2025-05-20,2025,5,20,26.371,88.708,97.125,5.696,164.083,78.125,85.958,97.021,15.744,8.406
Pune,18.5204,73.8567,2025-05-21,2025,5,21,26.046,87.375,98.792,6.325,120.625,32.042,88.583,35.217,11.556,3.193
Pune,18.5204,73.8567,2025-05-22,2025,5,22,24.938,93.167,99.917,4.629,70.5,18.25,52.25,27.692,6.756,2.596
Pune,18.5204,73.8567,2025-05-23,2025,5,23,24.271,96.042,100.0,9.267,33.583,0.875,32.708,1.117,3.22,0.0
Pune,18.5204,73.8567,2025-05-24,2025,5,24,24.275,92.417,100.0,8.783,42.542,1.25,41.292,1.592,4.076,0.0
Pune,18.5204,73.8567,2025-05-25,2025,5,25,24.479,96.083,99.958,13.675,44.125,4.125,40.0,6.679,4.232,0.0
Pune,18.5204,73.8567,2025-05-26,2025,5,26,24.225,96.917,99.708,10.671,77.458,20.833,56.625,23.654,7.428,1.329
Pune,18.5204,73.8567,2025-05-27,2025,5,27,23.925,97.375,99.958,10.125,70.708,10.875,59.833,11.671,6.772,0.492
Pune,18.5204,73.8567,2025-05-28,2025,5,28,25.308,91.208,91.542,13.013,173.458,92.292,81.167,114.129,16.616,9.055
Pune,18.5204,73.8567,2025-05-29,2025,5,29,27.208,85.25,97.458,14.604,194.542,96.792,97.75,127.554,18.644,9.813
Pune,18.5204,73.8567,2025-05-30,2025,5,30,27.742,80.875,75.0,17.442,248.0,153.25,94.75,205.6,23.752,11.709
Pune,18.5204,73.8567,2025-05-31,2025,5,31,27.692,78.25,95.208,17.608,262.167,181.25,80.917,241.279,25.112,11.36
Pune,18.5204,73.8567,2025-06-01,2025,6,1,26.621,82.792,94.292,14.263,210.125,123.542,86.583,157.421,20.124,10.072
Pune,18.5204,73.8567,2025-06-02,2025,6,2,26.412,81.917,73.458,14.675,213.5,128.875,84.625,163.471,20.448,9.937
Pune,18.5204,73.8567,2025-06-03,2025,6,3,27.017,80.375,70.125,14.567,191.833,114.042,77.792,146.508,18.376,10.175
Pune,18.5204,73.8567,2025-06-04,2025,6,4,25.037,86.75,65.167,10.604,168.917,93.0,75.917,117.908,16.176,9.406
Pune,18.5204,73.8567,2025-06-05,2025,6,5,25.312,85.083,22.542,7.921,236.958,158.667,78.292,213.362,22.704,11.462
Pune,18.5204,73.8567,2025-06-06,2025,6,6,26.121,83.75,33.625,7.583,238.958,164.625,74.333,223.404,22.884,11.83
Pune,18.5204,73.8567,2025-06-07,2025,6,7,25.817,89.417,71.583,8.896,200.75,117.667,83.083,153.071,19.228,10.318
Pune,18.5204,73.8567,2025-06-08,2025,6,8,26.588,85.542,74.792,11.467,238.083,156.458,81.625,203.958,22.804,11.763
Pune,18.5204,73.8567,2025-06-09,2025,6,9,26.658,84.333,83.292,13.967,205.917,112.167,93.75,149.933,19.708,11.151
Pune,18.5204,73.8567,2025-06-10,2025,6,10,26.354,82.833,75.5,14.604,208.583,113.667,94.917,160.679,19.972,11.677
Pune,18.5204,73.8567,2025-06-11,2025,6,11,26.908,83.875,93.792,15.192,195.917,104.083,91.833,141.062,18.78,10.063
Pune,18.5204,73.8567,2025-06-12,2025,6,12,25.512,95.083,96.125,13.229,110.542,37.958,72.583,44.812,10.564,2.964
Pune,18.5204,73.8567,2025-06-13,2025,6,13,25.371,92.875,99.583,7.921,104.042,33.542,70.5,38.312,9.968,3.91
Pune,18.5204,73.8567,2025-06-14,2025,6,14,26.787,89.208,96.958,5.133,161.083,75.792,85.292,97.542,15.436,8.439
Pune,18.5204,73.8567,2025-06-15,2025,6,15,26.379,91.333,99.75,5.696,120.792,38.417,82.375,41.788,11.568,3.52
Pune,18.5204,73.8567,2025-06-16,2025,6,16,24.537,94.333,99.875,19.467,44.583,4.333,40.25,6.958,4.26,0.0
Pune,18.5204,73.8567,2025-06-17,2025,6,17,26.083,87.25,84.375,19.738,187.917,111.083,76.833,135.188,18.0,9.137
Pune,18.5204,73.8567,2025-06-18,2025,6,18,25.567,90.833,95.833,20.179,135.708,57.75,77.958,80.542,13.0,7.029
Pune,18.5204,73.8567,2025-06-19,2025,6,19,24.767,94.625,99.042,19.129,71.333,18.458,52.875,19.529,6.84,1.885
Pune,18.5204,73.8567,2025-06-20,2025,6,20,25.604,90.875,95.833,19.504,177.0,87.333,89.667,115.05,16.944,10.61
Pune,18.5204,73.8567,2025-06-21,2025,6,21,25.533,90.833,94.875,17.925,161.958,75.25,86.708,93.742,15.504,8.009
Pune,18.5204,73.8567,2025-06-22,2025,6,22,25.429,90.333,90.917,18.708,202.0,120.375,81.625,155.6,19.332,11.121
Pune,18.5204,73.8567,2025-06-23,2025,6,23,24.908,91.917,94.417,21.312,164.0,95.417,68.583,120.567,15.724,8.558
Pune,18.5204,73.8567,2025-06-24,2025,6,24,25.046,91.375,99.833,17.879,84.208,20.583,63.625,23.8,8.064,1.41
Pune,18.5204,73.8567,2025-06-25,2025,6,25,25.642,90.417,98.458,18.283,81.542,12.833,68.708,16.512,7.804,0.396
Pune,18.5204,73.8567,2025-06-26,2025,6,26,25.258,91.167,99.958,17.475,110.917,20.625,90.292,24.062,10.632,1.64
Pune,18.5204,73.8567,2025-06-27,2025,6,27,25.108,91.125,93.958,18.371,168.083,81.833,86.25,106.137,16.092,9.319
Pune,18.5204,73.8567,2025-06-28,2025,6,28,25.575,86.208,77.042,20.358,210.042,127.625,82.417,164.417,20.116,10.278
Pune,18.5204,73.8567,2025-06-29,2025,6,29,25.171,88.667,98.917,19.262,143.333,54.583,88.75,65.954,13.724,6.563
Pune,18.5204,73.8567,2025-06-30,2025,6,30,25.012,90.667,88.875,20.629,165.167,83.25,81.917,105.654,15.832,8.469
Pune,18.5204,73.8567,2025-07-01,2025,7,1,24.95,90.542,97.875,19.454,134.708,41.708,93.0,53.262,12.908,4.771
Pune,18.5204,73.8567,2025-07-02,2025,7,2,24.679,92.208,99.042,17.604,107.167,23.167,84.0,30.629,10.248,1.527
Pune,18.5204,73.8567,2025-07-03,2025,7,3,24.629,90.917,91.167,20.075,145.0,67.458,77.542,83.712,13.868,7.136
Pune,18.5204,73.8567,2025-07-04,2025,7,4,24.454,92.542,99.625,20.096,101.792,32.167,69.625,46.212,9.732,3.967
Pune,18.5204,73.8567,2025-07-05,2025,7,5,24.417,93.25,99.958,20.154,141.333,62.958,78.375,81.604,13.516,8.503
Pune,18.5204,73.8567,2025-07-06,2025,7,6,24.392,92.958,99.458,19.792,128.417,40.417,88.0,51.275,12.288,3.875
Pune,18.5204,73.8567,2025-07-07,2025,7,7,24.704,92.083,99.875,18.733,100.917,23.708,77.208,25.767,9.66,2.287
Pune,18.5204,73.8567,2025-07-08,2025,7,8,24.392,94.083,99.875,16.012,53.583,5.333,48.25,7.333,5.128,0.009
Pune,18.5204,73.8567,2025-07-09,2025,7,9,24.954,91.25,99.458,14.567,106.958,28.083,78.875,36.446,10.236,2.342
Pune,18.5204,73.8567,2025-07-10,2025,7,10,25.312,89.875,94.542,13.742,184.667,98.375,86.292,131.108,17.68,10.659
Pune,18.5204,73.8567,2025-07-11,2025,7,11,25.7,87.708,93.542,11.433,182.25,94.75,87.5,121.196,17.436,9.419
Pune,18.5204,73.8567,2025-07-12,2025,7,12,25.517,87.417,90.417,13.642,198.542,117.25,81.292,154.783,18.996,10.401
Pune,18.5204,73.8567,2025-07-13,2025,7,13,24.938,89.792,99.792,13.946,164.167,67.458,96.708,87.829,15.696,9.205
Pune,18.5204,73.8567,2025-07-14,2025,7,14,24.817,91.667,99.667,14.396,142.292,62.333,79.958,82.692,13.628,8.119
Pune,18.5204,73.8567,2025-07-15,2025,7,15,24.738,93.417,97.458,11.079,121.708,46.708,75.0,57.142,11.656,6.017
Pune,18.5204,73.8567,2025-07-16,2025,7,16,25.963,87.125,98.5,12.254,187.042,90.917,96.125,115.087,17.904,9.622
Pune,18.5204,73.8567,2025-07-17,2025,7,17,26.204,85.708,99.917,10.154,171.458,71.5,99.958,89.904,16.4,8.482
Pune,18.5204,73.8567,2025-07-18,2025,7,18,25.983,84.458,99.958,11.362,185.083,83.875,101.208,110.417,17.708,9.858
Pune,18.5204,73.8567,2025-07-19,2025,7,19,25.717,85.917,83.25,12.0,176.125,80.583,95.542,111.554,16.848,10.212
Pune,18.5204,73.8567,2025-07-20,2025,7,20,25.446,87.958,92.25,11.783,159.167,77.167,82.0,97.225,15.228,8.643
Pune,18.5204,73.8567,2025-07-21,2025,7,21,24.979,90.25,99.625,11.046,138.042,47.375,90.667,61.029,13.2,5.672
Pune,18.5204,73.8567,2025-07-22,2025,7,22,24.596,92.042,99.708,10.767,84.458,18.833,65.625,26.904,8.088,1.272
Pune,18.5204,73.8567,2025-07-23,2025,7,23,23.925,94.208,99.833,12.688,44.083,2.208,41.875,2.758,4.216,0.0
Pune,18.5204,73.8567,2025-07-24,2025,7,24,24.1,93.583,99.917,13.8,75.75,11.958,63.792,14.85,7.236,0.67
Pune,18.5204,73.8567,2025-07-25,2025,7,25,23.912,95.542,99.875,14.021,51.75,3.417,48.333,3.904,4.96,0.0
Pune,18.5204,73.8567,2025-07-26,2025,7,26,23.55,97.042,100.0,21.442,75.125,5.167,69.958,5.438,7.196,0.07
Pune,18.5204,73.8567,2025-07-27,2025,7,27,23.95,93.167,86.0,25.25,191.583,103.667,87.917,131.446,18.34,10.012
Pune,18.5204,73.8567,2025-07-28,2025,7,28,23.65,93.667,96.375,23.312,178.458,96.667,81.792,125.438,17.108,10.461
Pune,18.5204,73.8567,2025-07-29,2025,7,29,23.829,93.458,99.875,24.213,150.5,55.667,94.833,67.367,14.412,5.85
Pune,18.5204,73.8567,2025-07-30,2025,7,30,23.9,95.25,100.0,20.037,63.167,6.833,56.333,8.133,6.048,0.0
Pune,18.5204,73.8567,2025-07-31,2025,7,31,24.379,94.083,98.042,19.321,113.625,36.667,76.958,45.892,10.876,3.974
Pune,18.5204,73.8567,2025-08-01,2025,8,1,24.758,89.167,94.333,14.983,191.333,105.208,86.125,141.629,18.324,10.998
Pune,18.5204,73.8567,2025-08-02,2025,8,2,24.963,88.792,98.583,12.154,174.833,93.833,81.0,124.663,16.736,9.973
Pune,18.5204,73.8567,2025-08-03,2025,8,3,25.292,87.375,99.083,9.954,173.042,89.375,83.667,118.192,16.572,10.343
Pune,18.5204,73.8567,2025-08-04,2025,8,4,25.488,85.875,99.583,9.438,180.458,80.542,99.917,104.867,17.284,9.349
Pune,18.5204,73.8567,2025-08-05,2025,8,5,25.679,85.5,77.125,8.433,208.667,115.0,93.667,150.892,19.984,10.191
Pune,18.5204,73.8567,2025-08-06,2025,8,6,25.192,86.75,97.375,8.058,146.375,62.375,84.0,79.017,14.032,7.798
Pune,18.5204,73.8567,2025-08-07,2025,8,7,25.175,88.917,98.25,7.771,141.417,58.75,82.667,67.712,13.556,5.296
Pune,18.5204,73.8567,2025-08-08,2025,8,8,24.679,89.5,99.917,6.821,121.042,28.958,92.083,35.8,11.596,2.869
Pune,18.5204,73.8567,2025-08-09,2025,8,9,24.929,87.625,98.125,7.942,138.208,55.5,82.708,67.629,13.256,6.256
Pune,18.5204,73.8567,2025-08-10,2025,8,10,24.617,89.75,98.208,9.288,130.292,43.417,86.875,56.133,12.492,5.055
Pune,18.5204,73.8567,2025-08-11,2025,8,11,24.679,88.292,89.75,11.604,164.833,79.458,85.375,98.596,15.804,8.297
Pune,18.5204,73.8567,2025-08-12,2025,8,12,24.692,86.542,93.125,12.458,187.208,101.458,85.75,134.721,17.944,10.429
Pune,18.5204,73.8567,2025-08-13,2025,8,13,23.775,92.208,99.958,9.788,98.708,18.667,80.042,22.65,9.464,1.519
Pune,18.5204,73.8567,2025-08-14,2025,8,14,24.042,93.042,99.833,8.142,88.667,26.458,62.208,31.283,8.508,2.559
Pune,18.5204,73.8567,2025-08-15,2025,8,15,23.925,95.833,100.0,10.912,36.25,2.667,33.583,3.45,3.476,0.0
Pune,18.5204,73.8567,2025-08-16,2025,8,16,23.879,94.208,100.0,12.838,59.417,6.417,53.0,8.575,5.696,0.0
Pune,18.5204,73.8567,2025-08-17,2025,8,17,23.662,95.792,99.875,12.833,68.708,16.583,52.125,18.463,6.588,1.328
Pune,18.5204,73.8567,2025-08-18,2025,8,18,23.042,97.25,100.0,15.875,30.958,0.208,30.75,0.233,2.968,0.0
Pune,18.5204,73.8567,2025-08-19,2025,8,19,23.238,97.25,100.0,17.692,44.125,3.625,40.5,4.425,4.232,0.0
Pune,18.5204,73.8567,2025-08-20,2025,8,20,23.379,96.583,98.792,21.213,82.542,16.667,65.875,20.454,7.916,0.623
Pune,18.5204,73.8567,2025-08-21,2025,8,21,24.304,93.583,98.333,19.471,156.875,74.75,82.125,98.567,15.04,8.793
Pune,18.5204,73.8567,2025-08-22,2025,8,22,24.217,91.792,95.667,18.396,177.667,85.917,91.75,107.554,17.04,8.573
Pune,18.5204,73.8567,2025-08-23,2025,8,23,24.021,91.75,82.542,18.333,176.958,88.625,88.333,114.783,16.98,9.507
Pune,18.5204,73.8567,2025-08-24,2025,8,24,24.033,90.583,88.792,19.271,165.292,82.792,82.5,109.675,15.852,9.563
Pune,18.5204,73.8567,2025-08-25,2025,8,25,23.6,93.167,92.958,16.025,154.083,73.042,81.042,94.058,14.78,8.114
Pune,18.5204,73.8567,2025-08-26,2025,8,26,23.967,93.458,94.5,13.55,133.833,63.958,69.875,77.892,12.836,6.164
Pune,18.5204,73.8567,2025-08-27,2025,8,27,24.383,93.333,98.958,11.067,101.0,24.958,76.042,31.996,9.688,2.291
Pune,18.5204,73.8567,2025-08-28,2025,8,28,24.262,95.042,100.0,10.929,82.375,12.208,70.167,17.529,7.904,0.758
Pune,18.5204,73.8567,2025-08-29,2025,8,29,23.833,96.917,100.0,8.771,34.292,2.667,31.625,3.058,3.292,0.0
Pune,18.5204,73.8567,2025-08-30,2025,8,30,24.612,92.5,92.292,11.467,107.917,36.417,71.5,46.683,10.356,3.971
Pune,18.5204,73.8567,2025-08-31,2025,8,31,24.229,92.542,97.708,13.0,131.292,47.875,83.417,68.242,12.596,6.209
Pune,18.5204,73.8567,2025-09-01,2025,9,1,23.75,94.542,93.75,16.213,116.0,53.625,62.375,69.846,11.132,7.055
Pune,18.5204,73.8567,2025-09-02,2025,9,2,24.338,91.417,96.583,15.987,173.083,81.833,91.25,109.475,16.612,9.182
Pune,18.5204,73.8567,2025-09-03,2025,9,3,24.429,89.833,98.333,14.525,175.125,88.667,86.458,110.633,16.808,8.722
Pune,18.5204,73.8567,2025-09-04,2025,9,4,23.958,91.292,88.958,15.138,116.25,41.833,74.417,52.7,11.156,4.941
Pune,18.5204,73.8567,2025-09-05,2025,9,5,24.046,91.375,98.792,14.875,143.125,70.625,72.5,90.854,13.736,8.321
Pune,18.5204,73.8567,2025-09-06,2025,9,6,24.004,90.792,99.958,14.65,149.083,54.375,94.708,70.346,14.308,6.703
Pune,18.5204,73.8567,2025-09-07,2025,9,7,23.358,93.375,95.667,13.688,87.417,26.125,61.292,36.525,8.388,1.824
Pune,18.5204,73.8567,2025-09-08,2025,9,8,23.971,90.167,88.875,11.075,170.875,90.458,80.417,119.5,16.4,8.97
Pune,18.5204,73.8567,2025-09-09,2025,9,9,24.6,83.875,78.125,6.379,185.833,84.875,100.958,120.354,17.836,8.54
Pune,18.5204,73.8567,2025-09-10,2025,9,10,25.067,84.125,75.0,6.033,215.875,137.958,77.917,185.983,20.72,10.651
Pune,18.5204,73.8567,2025-09-11,2025,9,11,24.7,85.583,97.083,7.862,207.417,132.167,75.25,173.1,19.912,9.398
Pune,18.5204,73.8567,2025-09-12,2025,9,12,24.608,88.25,99.417,6.896,168.542,85.875,82.667,103.45,16.18,7.285
Pune,18.5204,73.8567,2025-09-13,2025,9,13,24.458,90.792,99.625,5.95,96.792,17.708,79.083,26.742,9.292,1.797
Pune,18.5204,73.8567,2025-09-14,2025,9,14,24.308,96.375,98.833,6.504,60.333,11.833,48.5,15.538,5.792,0.381
Pune,18.5204,73.8567,2025-09-15,2025,9,15,24.071,95.708,100.0,9.3,72.667,27.667,45.0,37.675,6.976,3.26
Pune,18.5204,73.8567,2025-09-16,2025,9,16,23.554,97.25,99.958,7.408,47.167,5.875,41.292,7.742,4.528,0.102
Pune,18.5204,73.8567,2025-09-17,2025,9,17,24.567,93.167,99.208,5.567,120.458,46.292,74.167,59.267,11.564,4.785
Pune,18.5204,73.8567,2025-09-18,2025,9,18,25.092,92.167,97.75,5.375,122.75,37.5,85.25,53.946,11.784,4.987
Pune,18.5204,73.8567,2025-09-19,2025,9,19,24.604,93.708,98.792,7.196,123.875,51.75,72.125,73.496,11.892,5.537
Pune,18.5204,73.8567,2025-09-20,2025,9,20,24.783,91.167,89.333,8.688,175.5,92.667,82.833,129.692,16.848,9.977
Pune,18.5204,73.8567,2025-09-21,2025,9,21,25.121,89.083,89.583,8.6,167.208,94.958,72.25,129.304,16.052,10.069
Pune,18.5204,73.8567,2025-09-22,2025,9,22,23.858,93.625,98.542,9.367,83.208,25.583,57.625,32.429,7.988,2.861
Pune,18.5204,73.8567,2025-09-23,2025,9,23,22.979,92.833,97.0,9.458,64.875,13.042,51.833,22.025,6.228,0.747
Pune,18.5204,73.8567,2025-09-24,2025,9,24,24.517,87.292,69.833,10.392,196.458,120.208,76.25,172.0,18.696,11.322
Pune,18.5204,73.8567,2025-09-25,2025,9,25,24.662,88.083,93.667,9.121,181.917,98.75,83.167,129.217,17.32,9.167
Pune,18.5204,73.8567,2025-09-26,2025,9,26,23.733,92.542,97.917,8.812,65.458,19.333,46.125,22.312,6.26,1.857
Pune,18.5204,73.8567,2025-09-27,2025,9,27,22.908,96.583,100.0,12.629,61.625,4.375,57.25,5.629,5.876,0.0
Pune,18.5204,73.8567,2025-09-28,2025,9,28,22.408,98.458,100.0,17.233,25.292,4.208,21.083,7.833,2.392,0.092
Pune,18.5204,73.8567,2025-09-29,2025,9,29,23.233,93.5,88.125,14.683,159.5,91.458,68.042,120.504,15.18,7.67
Pune,18.5204,73.8567,2025-09-30,2025,9,30,23.862,90.083,91.833,13.038,174.875,96.083,78.792,136.454,16.656,10.369
Pune,18.5204,73.8567,2025-10-01,2025,10,1,24.292,89.333,84.208,11.646,183.792,115.5,68.292,155.429,17.536,9.515
Pune,18.5204,73.8567,2025-10-02,2025,10,2,24.679,86.25,77.042,10.429,183.458,109.958,73.5,153.254,17.492,10.199
Pune,18.5204,73.8567,2025-10-03,2025,10,3,25.058,87.417,86.708,8.288,194.833,115.333,79.5,163.812,18.588,10.897
Pune,18.5204,73.8567,2025-10-04,2025,10,4,24.963,88.167,89.75,8.471,186.667,109.333,77.333,153.75,17.808,10.078
Pune,18.5204,73.8567,2025-10-05,2025,10,5,24.475,86.75,84.583,8.346,177.0,101.583,75.417,146.579,16.904,10.153
Pune,18.5204,73.8567,2025-10-06,2025,10,6,24.425,84.75,65.833,7.817,173.542,92.292,81.25,133.133,16.568,9.102
Pune,18.5204,73.8567,2025-10-07,2025,10,7,24.425,88.542,63.917,6.758,174.0,106.083,67.917,144.487,16.612,9.357
Pune,18.5204,73.8567,2025-10-08,2025,10,8,25.275,83.083,59.667,3.246,195.25,125.5,69.75,176.4,18.664,9.102
Pune,18.5204,73.8567,2025-10-09,2025,10,9,25.525,81.333,47.958,5.425,209.875,150.708,59.167,225.079,20.052,11.237
Pune,18.5204,73.8567,2025-10-10,2025,10,10,25.729,75.708,19.875,5.654,244.042,184.458,59.583,274.696,23.324,11.376
Pune,18.5204,73.8567,2025-10-11,2025,10,11,25.717,72.917,23.0,5.508,237.667,175.292,62.375,260.388,22.712,11.311
Pune,18.5204,73.8567,2025-10-12,2025,10,12,25.783,72.0,18.917,6.942,233.875,167.875,66.0,250.829,22.352,11.314
Pune,18.5204,73.8567,2025-10-13,2025,10,13,25.562,70.542,17.75,6.633,247.833,194.708,53.125,292.838,23.684,11.384
Pune,18.5204,73.8567,2025-10-14,2025,10,14,25.046,70.333,10.708,8.229,237.792,179.417,58.375,266.533,22.736,11.181
Pune,18.5204,73.8567,2025-10-15,2025,10,15,24.95,77.458,35.458,8.746,208.667,148.625,60.042,223.5,19.988,10.819
Pune,18.5204,73.8567,2025-10-16,2025,10,16,26.562,76.708,38.667,9.362,229.458,170.125,59.333,254.704,21.948,11.116
Pune,18.5204,73.8567,2025-10-17,2025,10,17,26.662,73.583,21.208,9.562,224.542,170.083,54.458,261.554,21.472,11.186
Pune,18.5204,73.8567,2025-10-18,2025,10,18,26.438,70.792,26.5,7.783,224.042,171.167,52.875,263.375,21.452,10.981
Pune,18.5204,73.8567,2025-10-19,2025,10,19,26.021,70.833,19.5,9.133,219.417,165.75,53.667,257.133,20.992,11.119
Pune,18.5204,73.8567,2025-10-20,2025,10,20,26.092,65.292,4.333,11.246,246.583,195.625,50.958,300.292,23.608,11.052
Pune,18.5204,73.8567,2025-10-21,2025,10,21,26.175,75.667,71.792,9.746,175.0,100.375,74.625,158.392,16.748,10.849
Pune,18.5204,73.8567,2025-10-22,2025,10,22,25.942,82.375,66.042,10.092,176.75,102.417,74.333,160.258,16.912,10.508
Pune,18.5204,73.8567,2025-10-23,2025,10,23,26.138,82.708,68.167,13.358,196.708,137.292,59.417,213.217,18.84,10.918
Pune,18.5204,73.8567,2025-10-24,2025,10,24,25.279,85.792,87.5,12.433,98.875,38.458,60.417,62.292,9.448,6.071
Pune,18.5204,73.8567,2025-10-25,2025,10,25,25.267,86.167,95.875,7.988,112.792,37.833,74.958,58.062,10.808,4.525
Pune,18.5204,73.8567,2025-10-26,2025,10,26,24.412,89.5,96.708,7.55,85.083,30.125,54.958,38.912,8.144,3.0
Pune,18.5204,73.8567,2025-10-27,2025,10,27,24.562,89.125,98.208,8.796,102.083,30.25,71.833,47.379,9.768,4.024
Pune,18.5204,73.8567,2025-10-28,2025,10,28,25.283,83.5,93.792,7.258,174.292,99.458,74.833,156.875,16.688,10.09
Pune,18.5204,73.8567,2025-10-29,2025,10,29,25.229,83.625,80.542,5.038,188.625,125.375,63.25,190.321,18.068,10.05
Pune,18.5204,73.8567,2025-10-30,2025,10,30,23.983,86.5,88.417,9.129,147.792,75.208,72.583,121.575,14.144,8.755
Pune,18.5204,73.8567,2025-10-31,2025,10,31,23.95,88.833,92.333,9.1,92.208,32.333,59.875,49.917,8.828,4.662
Pune,18.5204,73.8567,2025-11-01,2025,11,1,24.658,92.292,89.542,7.183,90.583,31.625,58.958,46.008,8.68,3.529
Pune,18.5204,73.8567,2025-11-02,2025,11,2,24.638,87.917,70.583,8.371,125.042,51.917,73.125,85.762,11.98,8.575
Pune,18.5204,73.8567,2025-11-03,2025,11,3,24.75,87.833,90.25,7.554,135.042,62.167,72.875,98.079,12.932,8.823
Pune,18.5204,73.8567,2025-11-04,2025,11,4,24.433,85.042,90.667,8.329,169.917,106.875,63.042,161.825,16.276,9.698
Pune,18.5204,73.8567,2025-11-05,2025,11,5,23.908,83.333,68.958,4.267,160.167,92.958,67.208,142.204,15.348,9.46
Pune,18.5204,73.8567,2025-11-06,2025,11,6,24.158,81.208,68.042,4.833,164.875,101.875,63.0,160.7,15.8,10.0
Pune,18.5204,73.8567,2025-11-07,2025,11,7,24.496,73.583,37.25,6.35,195.125,139.417,55.708,219.283,18.7,10.517
Pune,18.5204,73.8567,2025-11-08,2025,11,8,24.079,66.667,16.333,5.179,234.458,186.583,47.875,309.85,22.468,10.806
Pune,18.5204,73.8567,2025-11-09,2025,11,9,22.988,63.792,4.667,5.217,238.667,191.792,46.875,320.646,22.872,10.798
Pune,18.5204,73.8567,2025-11-10,2025,11,10,22.0,64.0,1.542,4.342,238.0,191.125,46.875,320.433,22.808,10.793
Pune,18.5204,73.8567,2025-11-11,2025,11,11,22.175,65.208,0.292,4.546,235.167,188.083,47.083,315.963,22.54,10.787
Pune,18.5204,73.8567,2025-11-12,2025,11,12,21.617,67.208,0.0,7.892,233.0,186.25,46.75,314.346,22.332,10.781
Pune,18.5204,73.8567,2025-11-13,2025,11,13,21.65,64.417,0.0,8.217,234.208,188.0,46.208,318.892,22.448,10.774
Pune,18.5204,73.8567,2025-11-14,2025,11,14,20.858,63.458,0.0,7.975,234.208,188.125,46.083,320.725,22.448,10.768
Pune,18.5204,73.8567,2025-11-15,2025,11,15,20.438,59.917,0.0,8.612,235.292,189.458,45.833,324.017,22.552,10.761
Pune,18.5204,73.8567,2025-11-16,2025,11,16,20.308,58.0,0.0,9.65,235.792,190.25,45.542,326.892,22.6,10.754
Pune,18.5204,73.8567,2025-11-17,2025,11,17,19.783,55.375,0.0,10.108,236.208,190.833,45.375,328.904,22.64,10.746
Pune,18.5204,73.8567,2025-11-18,2025,11,18,19.525,57.417,0.0,9.654,235.75,190.75,45.0,330.675,22.596,10.738
Pune,18.5204,73.8567,2025-11-19,2025,11,19,20.217,62.0,0.0,8.079,232.458,187.5,44.958,325.075,22.284,10.707
Pune,18.5204,73.8567,2025-11-20,2025,11,20,20.479,60.958,0.0,8.142,231.458,186.917,44.542,324.888,22.188,10.697
Pune,18.5204,73.8567,2025-11-21,2025,11,21,21.6,65.333,2.833,8.458,219.542,174.792,44.75,303.542,21.044,10.674
Pune,18.5204,73.8567,2025-11-22,2025,11,22,23.583,69.208,17.25,6.792,217.0,171.958,45.042,297.129,20.804,10.607
Pune,18.5204,73.8567,2025-11-23,2025,11,23,24.162,72.125,51.208,5.183,201.583,150.167,51.417,260.883,19.328,10.54
Pune,18.5204,73.8567,2025-11-24,2025,11,24,24.354,72.375,64.0,5.975,196.792,143.583,53.208,244.092,18.864,10.473
Pune,18.5204,73.8567,2025-11-25,2025,11,25,24.221,67.5,17.375,7.15,204.625,157.333,47.292,265.817,19.62,10.187
Pune,18.5204,73.8567,2025-11-26,2025,11,26,23.442,64.958,23.083,8.267,207.708,158.333,49.375,271.921,19.912,10.412
Pune,18.5204,73.8567,2025-11-27,2025,11,27,23.067,62.333,0.292,10.042,214.458,168.833,45.625,296.383,20.556,10.418
Pune,18.5204,73.8567,2025-11-28,2025,11,28,22.946,64.667,31.042,9.129,216.417,171.792,44.625,303.296,20.744,10.351
Pune,18.5204,73.8567,2025-11-29,2025,11,29,21.692,60.167,94.458,10.858,197.25,117.208,80.042,200.388,18.904,10.0
Pune,18.5204,73.8567,2025-11-30,2025,11,30,20.638,52.25,54.833,9.742,219.333,170.5,48.833,294.229,21.024,10.216
Pune,18.5204,73.8567,2025-12-01,2025,12,1,20.433,62.625,40.375,7.808,201.083,132.875,68.208,247.496,19.272,10.369
Pune,18.5204,73.8567,2025-12-02,2025,12,2,20.633,63.417,72.5,7.258,207.375,146.792,60.583,259.671,19.876,10.154
Pune,18.5204,73.8567,2025-12-03,2025,12,3,21.262,63.25,20.708,9.004,214.917,170.75,44.167,304.312,20.6,10.159
Pune,18.5204,73.8567,2025-12-04,2025,12,4,22.138,65.125,1.083,9.208,212.333,168.042,44.292,298.85,20.352,10.239
Pune,18.5204,73.8567,2025-12-05,2025,12,5,22.596,68.167,4.458,10.392,210.583,166.167,44.417,298.396,20.184,10.245
Pune,18.5204,73.8567,2025-12-06,2025,12,6,21.787,61.625,83.5,9.546,196.958,130.375,66.583,225.017,18.876,9.742
Pune,18.5204,73.8567,2025-12-07,2025,12,7,21.679,58.292,39.292,9.067,207.417,159.167,48.25,280.125,19.876,10.051
Pune,18.5204,73.8567,2025-12-08,2025,12,8,21.425,52.667,0.0,8.758,216.708,175.042,41.667,317.233,20.764,10.203
Pune,18.5204,73.8567,2025-12-09,2025,12,9,20.812,45.042,0.0,11.462,222.875,181.333,41.542,330.438,21.356,10.28
Pune,18.5204,73.8567,2025-12-10,2025,12,10,20.588,43.667,0.0,11.671,223.583,182.042,41.542,332.275,21.424,10.283
Pune,18.5204,73.8567,2025-12-11,2025,12,11,19.537,45.875,0.0,9.55,224.167,182.625,41.542,334.021,21.476,10.285
Pune,18.5204,73.8567,2025-12-12,2025,12,12,19.783,50.125,0.0,9.175,220.708,179.542,41.167,328.1,21.144,10.214
Pune,18.5204,73.8567,2025-12-13,2025,12,13,20.046,53.375,0.0,8.183,219.333,178.417,40.917,326.371,21.012,10.216
Pune,18.5204,73.8567,2025-12-14,2025,12,14,20.262,53.667,2.375,9.642,218.542,177.375,41.167,324.571,20.932,10.218
Pune,18.5204,73.8567,2025-12-15,2025,12,15,20.129,52.292,0.0,10.125,218.333,177.0,41.333,323.667,20.912,10.145
Pune,18.5204,73.8567,2025-12-16,2025,12,16,20.612,53.375,0.0,10.771,217.375,175.792,41.583,321.754,20.82,10.221
Pune,18.5204,73.8567,2025-12-17,2025,12,17,21.429,56.708,0.0,9.362,213.583,172.375,41.208,316.1,20.452,10.222
Pune,18.5204,73.8567,2025-12-18,2025,12,18,20.958,52.667,0.0,9.079,221.292,180.083,41.208,330.896,21.188,10.223
Pune,18.5204,73.8567,2025-12-19,2025,12,19,20.354,44.208,0.0,10.088,223.458,182.333,41.125,335.829,21.396,10.298
Pune,18.5204,73.8567,2025-12-20,2025,12,20,20.504,42.292,25.5,9.271,223.5,182.375,41.125,335.492,21.396,10.224
Pune,18.5204,73.8567,2025-12-21,2025,12,21,19.896,49.333,83.5,9.217,198.917,123.25,75.667,220.458,19.036,9.902
Pune,18.5204,73.8567,2025-12-22,2025,12,22,20.267,50.167,25.375,9.425,219.042,177.75,41.292,326.379,20.964,10.224
Pune,18.5204,73.8567,2025-12-23,2025,12,23,20.867,51.25,26.167,9.775,217.25,175.208,42.042,321.221,20.792,10.224
Pune,18.5204,73.8567,2025-12-24,2025,12,24,20.312,51.167,56.333,10.225,215.292,168.0,47.292,302.537,20.604,10.111
Pune,18.5204,73.8567,2025-12-25,2025,12,25,20.054,55.083,1.292,9.033,216.833,175.5,41.333,321.438,20.748,10.255
Pune,18.5204,73.8567,2025-12-26,2025,12,26,20.004,54.958,0.0,8.854,217.75,176.667,41.083,324.079,20.832,10.325
Pune,18.5204,73.8567,2025-12-27,2025,12,27,20.35,55.917,0.0,8.362,218.167,176.875,41.292,323.758,20.868,10.32
Pune,18.5204,73.8567,2025-12-28,2025,12,28,20.346,55.625,0.0,8.237,218.5,177.083,41.417,324.571,20.896,10.39
Pune,18.5204,73.8567,2025-12-29,2025,12,29,20.2,57.875,0.0,8.308,218.833,177.333,41.5,324.446,20.924,10.385
Pune,18.5204,73.8567,2025-12-30,2025,12,30,20.775,55.75,0.0,7.079,219.417,178.375,41.042,326.517,20.98,10.454
Pune,18.5204,73.8567,2025-12-31,2025,12,31,21.112,56.333,0.0,5.95,218.375,177.208,41.167,323.525,20.876,10.449
